placement_id,campaign_id,site_id,start_date,end_date,flight_days,elapsed_days,remaining_days,in_flight,contracted_impressions,contracted_to_date,verified_to_date,shortfall,over_delivery,negotiated_rate,spend_to_date,contracted_cpm,billed_shortfall,preventable_exposure,variance_pct,delivery_index,current_index,planned_daily,required_daily,recovery_pace,status,is_flagged,is_material,downtime_hours
1,1,31,2025-08-24,2025-09-21,28,28,0,False,1538974,1538974.0,1542703,0.0,3729.0,16934,16934.0,11.003434755882816,0.0,0.0,0.24230428844152016,1.0024230428844152,1.0024230428844152,54963.357142857145,,,on_track,False,False,8.0
2,1,89,2025-08-24,2025-09-21,28,28,0,False,240542,240542.0,239503,1039.0,0.0,1880,1880.0,7.815682916081184,8.120494549808349,0.0,-0.43194119945789095,0.9956805880054211,0.9956805880054211,8590.785714285714,,,on_track,False,False,0.0
3,1,61,2025-08-24,2025-09-21,28,28,0,False,206312,206312.0,207928,0.0,1616.0,1546,1546.0,7.4935049827445805,0.0,0.0,0.7832796928923185,1.0078327969289231,1.0078327969289231,7368.285714285715,,,on_track,False,False,0.0
4,1,83,2025-08-24,2025-09-21,28,28,0,False,150032,150032.0,150334,0.0,302.0,1986,1986.0,13.237176069105258,0.0,0.0,0.2012903913831716,1.0020129039138317,1.0020129039138317,5358.285714285715,,,on_track,False,False,0.0
5,1,92,2025-08-24,2025-09-21,28,28,0,False,164334,164334.0,164917,0.0,583.0,2040,2040.0,12.413742743437147,0.0,0.0,0.35476529506979687,1.003547652950698,1.003547652950698,5869.071428571428,,,on_track,False,False,0.0
6,1,63,2025-08-24,2025-09-21,28,28,0,False,129310,129310.0,130428,0.0,1118.0,1204,1204.0,9.310958162555101,0.0,0.0,0.8645889722372593,1.0086458897223727,1.0086458897223727,4618.214285714285,,,on_track,False,False,0.0
7,1,58,2025-08-24,2025-09-21,28,28,0,False,706611,706611.0,717606,0.0,10995.0,7976,7976.0,11.287681623976983,0.0,0.0,1.556018799594119,1.0155601879959413,1.0155601879959413,25236.10714285714,,,on_track,False,False,0.0
8,1,102,2025-08-24,2025-09-21,28,28,0,False,725114,725114.0,722304,2810.0,0.0,10371,10371.0,14.302578629015576,40.19024594753377,0.0,-0.3875252718882824,0.9961247472811172,0.9961247472811172,25896.928571428572,,,on_track,False,False,3.7
9,1,3,2025-08-24,2025-09-21,28,28,0,False,1360625,1360625.0,1162202,198423.0,0.0,19339,19339.0,14.213321084060635,2820.249809462563,0.0,-14.583224621038127,0.8541677537896187,0.8541677537896187,48593.75,,,completed_shortfall,True,False,20.2
10,1,12,2025-08-24,2025-09-21,28,28,0,False,776089,776089.0,782021,0.0,5932.0,4086,4086.0,5.26486008692302,0.0,0.0,0.7643453263736505,1.0076434532637366,1.0076434532637366,27717.464285714286,,,on_track,False,False,0.0
11,1,38,2025-08-24,2025-09-21,28,28,0,False,307888,307888.0,308461,0.0,573.0,5582,5582.0,18.129969339500075,0.0,0.0,0.1861066361793899,1.001861066361794,1.001861066361794,10996.0,,,on_track,False,False,0.0
12,1,29,2025-08-24,2025-09-21,28,28,0,False,799280,799280.0,803786,0.0,4506.0,7872,7872.0,9.848863977579821,0.0,0.0,0.5637573816434791,1.0056375738164347,1.0056375738164347,28545.714285714286,,,on_track,False,False,0.0
13,1,52,2025-08-24,2025-09-21,28,28,0,False,73170,73170.0,73255,0.0,85.0,1849,1849.0,25.269919365860325,0.0,0.0,0.11616782834495012,1.0011616782834496,1.0011616782834496,2613.214285714286,,,on_track,False,False,0.0
14,1,119,2025-08-24,2025-09-21,28,28,0,False,425923,425923.0,428535,0.0,2612.0,3611,3611.0,8.478058240574,0.0,0.0,0.613256386717787,1.0061325638671779,1.0061325638671779,15211.535714285714,,,on_track,False,False,0.0
15,1,32,2025-08-24,2025-09-21,28,28,0,False,784662,784662.0,786393,0.0,1731.0,6498,6498.0,8.281272700857183,0.0,0.0,0.2206045405537671,1.0022060454055377,1.0022060454055377,28023.64285714286,,,on_track,False,False,0.0
16,1,40,2025-08-24,2025-09-21,28,28,0,False,178021,178021.0,177962,59.0,0.0,2075,2075.0,11.655928233185971,0.6876997657579723,0.0,-0.03314215738592638,0.9996685784261408,0.9996685784261408,6357.892857142857,,,on_track,False,False,0.0
17,1,85,2025-08-24,2025-09-21,28,28,0,False,253159,253159.0,256357,0.0,3198.0,1685,1685.0,6.655896096919327,0.0,0.0,1.2632377280681313,1.0126323772806813,1.0126323772806813,9041.392857142857,,,on_track,False,False,0.0
18,1,75,2025-08-24,2025-09-21,28,28,0,False,1053749,1053749.0,1040459,13290.0,0.0,14190,14190.0,13.466204950135184,178.9658637872966,0.0,-1.2612111612917307,0.9873878883870827,0.9873878883870827,37633.892857142855,,,on_track,False,False,9.0
19,1,48,2025-08-24,2025-09-21,28,28,0,False,1490684,1490684.0,1504814,0.0,14130.0,18839,18839.0,12.637822637124971,0.0,0.0,0.9478870102583781,1.0094788701025839,1.0094788701025839,53238.71428571428,,,on_track,False,False,5.0
20,1,118,2025-08-24,2025-09-21,28,28,0,False,114601,114601.0,114086,515.0,0.0,1153,1153.0,10.060994232162022,5.181412029563441,0.0,-0.44938525841833843,0.9955061474158167,0.9955061474158167,4092.8928571428573,,,on_track,False,False,0.0
21,1,71,2025-08-24,2025-09-21,28,28,0,False,81319,81319.0,82209,0.0,890.0,1732,1732.0,21.29883545050972,0.0,0.0,1.0944551703783862,1.0109445517037838,1.0109445517037838,2904.25,,,on_track,False,False,0.0
22,1,68,2025-08-24,2025-09-21,28,28,0,False,179054,179054.0,182642,0.0,3588.0,2135,2135.0,11.92377718453651,0.0,0.0,2.0038647558836997,1.020038647558837,1.020038647558837,6394.785714285715,,,on_track,False,False,0.0
23,1,45,2025-08-24,2025-09-21,28,28,0,False,760421,760421.0,765726,0.0,5305.0,16074,16074.0,21.138290499604825,0.0,0.0,0.6976398600249073,1.0069763986002491,1.0069763986002491,27157.89285714286,,,on_track,False,False,0.0
24,1,55,2025-08-24,2025-09-21,28,28,0,False,242373,242373.0,223284,19089.0,0.0,8767,8767.0,36.17152075519963,690.4781596960057,0.0,-7.875877263556584,0.9212412273644341,0.7493029339076548,8656.17857142857,,,completed_shortfall,True,False,0.0
25,1,96,2025-08-24,2025-09-21,28,28,0,False,80453,80453.0,81006,0.0,553.0,1101,1101.0,13.685008638584018,0.0,0.0,0.6873578362522218,1.0068735783625222,1.0068735783625222,2873.3214285714284,,,on_track,False,False,0.0
26,1,100,2025-08-24,2025-09-21,28,28,0,False,333372,333372.0,336044,0.0,2672.0,1172,1172.0,3.5155921913058084,0.0,0.0,0.8015070251850785,1.0080150702518509,1.0080150702518509,11906.142857142857,,,on_track,False,False,0.0
27,1,43,2025-08-24,2025-09-21,28,28,0,False,559507,559507.0,460690,98817.0,0.0,17429,17429.0,31.150637972357806,3078.2125925144815,0.0,-17.661441233085558,0.8233855876691445,0.5836096182293816,19982.39285714286,,,completed_shortfall,True,False,19.6
28,1,46,2025-08-24,2025-09-21,28,28,0,False,455041,455041.0,460369,0.0,5328.0,6113,6113.0,13.433954303018849,0.0,0.0,1.1708835028052418,1.0117088350280523,1.0117088350280523,16251.464285714286,,,on_track,False,False,0.0
29,1,90,2025-08-24,2025-09-21,28,28,0,False,253933,253933.0,254947,0.0,1014.0,1625,1625.0,6.399325806413502,0.0,0.0,0.3993179303202026,1.003993179303202,1.003993179303202,9069.035714285714,,,on_track,False,False,0.0
30,1,59,2025-08-24,2025-09-21,28,28,0,False,338688,338688.0,286574,52114.0,0.0,5029,5029.0,14.848474111866969,773.8133798658351,0.0,-15.387022864701436,0.8461297713529856,0.8070737133237134,12096.0,,,completed_shortfall,True,False,0.0
31,1,35,2025-08-24,2025-09-21,28,28,0,False,130208,130208.0,131369,0.0,1161.0,1241,1241.0,9.530904399115261,0.0,0.0,0.8916502826247236,1.0089165028262472,1.0089165028262472,4650.285714285715,,,on_track,False,False,0.0
32,1,105,2025-08-24,2025-09-21,28,28,0,False,143085,143085.0,101880,41205.0,0.0,1152,1152.0,8.051158402348255,331.74798196875986,0.0,-28.797567879232624,0.7120243212076738,0.5713571064678153,5110.178571428572,,,completed_shortfall,True,False,0.0
33,1,33,2025-08-24,2025-09-21,28,28,0,False,1382156,1382156.0,1375402,6754.0,0.0,15666,15666.0,11.33446586347706,76.55298244192406,0.0,-0.48865685204853865,0.9951134314795146,0.9951134314795146,49362.71428571428,,,on_track,False,False,7.9
34,1,30,2025-08-24,2025-09-21,28,28,0,False,87650,87650.0,87259,391.0,0.0,1718,1718.0,19.60068454078722,7.663867655447803,0.0,-0.44609241300627495,0.9955390758699373,0.9955390758699373,3130.3571428571427,,,on_track,False,False,0.0
35,1,16,2025-08-24,2025-09-21,28,28,0,False,788496,788496.0,797948,0.0,9452.0,5710,5710.0,7.241634707087924,0.0,0.0,1.1987378502871289,1.0119873785028712,1.0119873785028712,28160.571428571428,,,on_track,False,False,0.0
36,1,25,2025-08-24,2025-09-21,28,28,0,False,1595973,1595973.0,1595313,660.0,0.0,16809,16809.0,10.532133062401432,6.951207821184945,0.0,-0.04135408305779609,0.999586459169422,0.999586459169422,56999.03571428572,,,on_track,False,False,0.0
37,1,41,2025-08-24,2025-09-21,28,28,0,False,381788,381788.0,380892,896.0,0.0,8519,8519.0,22.313430490219705,19.992833719236856,0.0,-0.2346852179743732,0.9976531478202563,0.9976531478202563,13635.285714285714,,,on_track,False,False,0.0
38,1,86,2025-08-24,2025-09-21,28,28,0,False,619772,619772.0,582545,37227.0,0.0,13702,13702.0,22.108130086547956,823.0193587319208,0.0,-6.006563704071819,0.9399343629592818,0.9399343629592818,22134.714285714286,,,completed_shortfall,True,False,4.0
39,1,69,2025-08-24,2025-09-21,28,28,0,False,115928,115928.0,117251,0.0,1323.0,2455,2455.0,21.17693740942654,0.0,0.0,1.141225588296184,1.011412255882962,1.011412255882962,4140.285714285715,,,on_track,False,False,0.0
40,1,24,2025-08-24,2025-09-21,28,28,0,False,620998,620998.0,626112,0.0,5114.0,6566,6566.0,10.573302973600558,0.0,0.0,0.8235131192048929,1.008235131192049,1.008235131192049,22178.5,,,on_track,False,False,0.0
41,1,104,2025-08-24,2025-09-21,28,28,0,False,450419,450419.0,453692,0.0,3273.0,3959,3959.0,8.789593689431396,0.0,0.0,0.7266567351732498,1.0072665673517325,1.0072665673517325,16086.392857142857,,,on_track,False,False,0.0
42,1,28,2025-08-24,2025-09-21,28,28,0,False,419737,419737.0,422921,0.0,3184.0,5040,5040.0,12.007518994036742,0.0,0.0,0.7585702475597815,1.0075857024755979,1.0075857024755979,14990.607142857143,,,on_track,False,False,0.0
43,1,62,2025-08-24,2025-09-21,28,28,0,False,724039,724039.0,590955,133084.0,0.0,7627,7627.0,10.533962949509627,1401.9019251725392,0.0,-18.38077783102844,0.8161922216897156,0.6890568049511145,25858.535714285714,,,completed_shortfall,True,False,0.0
44,1,36,2025-08-24,2025-09-21,28,28,0,False,121836,121836.0,123002,0.0,1166.0,1856,1856.0,15.23359269838143,0.0,0.0,0.9570241964608163,1.0095702419646082,1.0095702419646082,4351.285714285715,,,on_track,False,False,0.0
45,1,76,2025-08-24,2025-09-21,28,28,0,False,439788,439788.0,443278,0.0,3490.0,4485,4485.0,10.198095445987612,0.0,0.0,0.7935641718282446,1.0079356417182825,1.0079356417182825,15706.714285714286,,,on_track,False,False,0.0
46,1,99,2025-08-24,2025-09-21,28,28,0,False,467777,467777.0,466693,1084.0,0.0,2399,2399.0,5.12851209016262,5.559307105736281,0.0,-0.23173435205236684,0.9976826564794763,0.9976826564794763,16706.321428571428,,,on_track,False,False,0.0
47,1,37,2025-08-24,2025-09-21,28,28,0,False,225800,225800.0,198260,27540.0,0.0,2000,2000.0,8.857395925597874,243.93268379096548,0.0,-12.196634189548272,0.8780336581045173,0.7244286979627989,8064.285714285715,,,completed_shortfall,True,False,0.0
48,1,13,2025-08-24,2025-09-21,28,28,0,False,112173,112173.0,112083,90.0,0.0,2207,2207.0,19.674966346625304,1.7707469711962773,0.0,-0.08023321120055628,0.9991976678879945,0.9991976678879945,4006.1785714285716,,,on_track,False,False,0.0
49,1,80,2025-08-24,2025-09-21,28,28,0,False,477126,477126.0,478316,0.0,1190.0,5892,5892.0,12.348939273902491,0.0,0.0,0.24941000909612976,1.0024941000909613,1.0024941000909613,17040.214285714286,,,on_track,False,False,0.0
50,1,110,2025-08-24,2025-09-21,28,28,0,False,164875,164875.0,132370,32505.0,0.0,643,643.0,3.8999241849886275,126.76703563305533,0.0,-19.714935557240334,0.8028506444275967,0.4567969673995451,5888.392857142857,,,completed_shortfall,True,False,0.0
51,1,87,2025-08-24,2025-09-21,28,28,0,False,884136,884136.0,881168,2968.0,0.0,12145,12145.0,13.736574463657174,40.77015300813449,0.0,-0.33569496095623297,0.9966430503904377,0.9966430503904377,31576.285714285714,,,on_track,False,False,6.2
52,1,47,2025-08-24,2025-09-21,28,28,0,False,249379,249379.0,219866,29513.0,0.0,1948,1948.0,7.811403526359476,230.53795227344722,0.0,-11.834597139294006,0.88165402860706,0.6493650227164276,8906.392857142857,,,completed_shortfall,True,False,0.0
53,1,23,2025-08-24,2025-09-21,28,28,0,False,147982,147982.0,149130,0.0,1148.0,2081,2081.0,14.062521117433201,0.0,0.0,0.7757700260842535,1.0077577002608424,1.0077577002608424,5285.071428571428,,,on_track,False,False,0.0
54,1,39,2025-08-24,2025-09-21,28,28,0,False,267876,267876.0,267663,213.0,0.0,1615,1615.0,6.028908898146904,1.2841575953052904,0.0,-0.0795144021860861,0.9992048559781391,0.9992048559781391,9567.0,,,on_track,False,False,0.0
55,1,2,2025-08-24,2025-09-21,28,28,0,False,91123,91123.0,90733,390.0,0.0,1859,1859.0,20.400996455340582,7.956388617582827,0.0,-0.4279929326295227,0.9957200706737048,0.9957200706737048,3254.3928571428573,,,on_track,False,False,0.0
56,1,17,2025-08-24,2025-09-21,28,28,0,False,345308,345308.0,346602,0.0,1294.0,5156,5156.0,14.93159729864353,0.0,0.0,0.3747379151366316,1.0037473791513662,1.0037473791513662,12332.42857142857,,,on_track,False,False,0.0
57,1,77,2025-08-24,2025-09-21,28,28,0,False,571524,571524.0,571908,0.0,384.0,8303,8303.0,14.527823853416479,0.0,0.0,0.06718877947382787,1.0006718877947383,1.0006718877947383,20411.571428571428,,,on_track,False,False,0.0
58,1,112,2025-08-24,2025-09-21,28,28,0,False,773754,773754.0,767315,6439.0,0.0,10296,10296.0,13.306554796485706,85.68090633457146,0.0,-0.8321766349511601,0.9916782336504883,0.9916782336504883,27634.071428571428,,,on_track,False,False,0.0
59,1,4,2025-08-24,2025-09-21,28,28,0,False,558517,558517.0,562019,0.0,3502.0,6890,6890.0,12.336240436727978,0.0,0.0,0.6270176198754916,1.006270176198755,1.006270176198755,19947.035714285714,,,on_track,False,False,0.0
60,1,64,2025-08-24,2025-09-21,28,28,0,False,69854,69854.0,70352,0.0,498.0,1648,1648.0,23.592063446617228,0.0,0.0,0.7129155094912245,1.0071291550949122,1.0071291550949122,2494.785714285714,,,on_track,False,False,0.0
61,1,19,2025-08-24,2025-09-21,28,28,0,False,206545,206545.0,190506,16039.0,0.0,1722,1722.0,8.337166234960906,133.71980924253796,0.0,-7.765378004793144,0.9223462199520686,0.9223462199520686,7376.607142857143,,,completed_shortfall,True,False,0.0
62,1,98,2025-08-24,2025-09-21,28,28,0,False,129519,129519.0,97424,32095.0,0.0,711,711.0,5.489542074907929,176.18685289417,0.0,-24.78014808638115,0.7521985191361885,0.7521985191361885,4625.678571428572,,,completed_shortfall,True,False,0.0
63,1,9,2025-08-24,2025-09-21,28,28,0,False,680163,680163.0,681558,0.0,1395.0,4558,4558.0,6.701334827092917,0.0,0.0,0.20509789565148354,1.0020509789565148,1.0020509789565148,24291.535714285714,,,on_track,False,False,0.0
64,1,84,2025-08-24,2025-09-21,28,28,0,False,1227690,1227690.0,1224256,3434.0,0.0,15480,15480.0,12.609046257605748,43.299464848618136,0.0,-0.2797123052236314,0.9972028769477637,0.9972028769477637,43846.07142857143,,,on_track,False,False,1.8
65,1,56,2025-08-24,2025-09-21,28,28,0,False,215182,215182.0,218570,0.0,3388.0,1598,1598.0,7.426271714176837,0.0,0.0,1.5744811368980676,1.0157448113689806,1.0157448113689806,7685.071428571428,,,on_track,False,False,0.0
66,1,49,2025-08-24,2025-09-21,28,28,0,False,602652,602652.0,518611,84041.0,0.0,6815,6815.0,11.308350424457231,950.3650780218102,0.0,-13.945195568918711,0.8605480443108129,0.5909367263362604,21523.285714285714,,,completed_shortfall,True,False,0.0
67,1,106,2025-08-24,2025-09-21,28,28,0,False,179928,179928.0,180063,0.0,135.0,3055,3055.0,16.97901382775332,0.0,0.0,0.07503001200480193,1.000750300120048,1.000750300120048,6426.0,,,on_track,False,False,0.0
68,1,7,2025-08-24,2025-09-21,28,28,0,False,936378,936378.0,938693,0.0,2315.0,14905,14905.0,15.917716990360729,0.0,0.0,0.24722921726055078,1.0024722921726055,1.0024722921726055,33442.07142857143,,,on_track,False,False,3.5
69,1,1,2025-08-24,2025-09-21,28,28,0,False,128637,128637.0,129580,0.0,943.0,1881,1881.0,14.622542503323306,0.0,0.0,0.7330705784494352,1.0073307057844945,1.0073307057844945,4594.178571428572,,,on_track,False,False,0.0
70,1,74,2025-08-24,2025-09-21,28,28,0,False,1088976,1088976.0,1087745,1231.0,0.0,16844,16844.0,15.467742172462938,19.040790614301876,0.0,-0.11304197704999927,0.9988695802295,0.9988695802295,38892.0,,,on_track,False,False,8.7
71,1,60,2025-08-24,2025-09-21,28,28,0,False,445092,445092.0,443807,1285.0,0.0,7376,7376.0,16.571854807545407,21.29483342769585,0.0,-0.28870435775075715,0.9971129564224924,0.9971129564224924,15896.142857142857,,,on_track,False,False,0.0
72,1,120,2025-08-24,2025-09-21,28,28,0,False,622903,622903.0,621058,1845.0,0.0,11398,11398.0,18.298194100847162,33.76016811606302,0.0,-0.29619378940220226,0.997038062105978,0.997038062105978,22246.535714285714,,,on_track,False,False,7.1
73,1,97,2025-08-24,2025-09-21,28,28,0,False,112954,112954.0,113273,0.0,319.0,926,926.0,8.19802751562583,0.0,0.0,0.2824158507002851,1.0028241585070028,1.0028241585070028,4034.0714285714284,,,on_track,False,False,0.0
74,1,109,2025-08-24,2025-09-21,28,28,0,False,302949,302949.0,292893,10056.0,0.0,2126,2126.0,7.017682844307128,70.56981868235248,0.0,-3.3193705871285264,0.9668062941287148,0.776349814655272,10819.607142857143,,,on_track,False,False,0.0
75,1,22,2025-08-24,2025-09-21,28,28,0,False,672188,672188.0,480386,191802.0,0.0,12602,12602.0,18.74773128946069,3595.852356781139,0.0,-28.53398156468131,0.7146601843531869,0.7146601843531869,24006.714285714286,,,completed_shortfall,True,False,21.7
76,1,111,2025-08-24,2025-09-21,28,28,0,False,251417,251417.0,256374,0.0,4957.0,1913,1913.0,7.608872908355441,0.0,0.0,1.9716248304609472,1.0197162483046094,1.0197162483046094,8979.17857142857,,,on_track,False,False,0.0
77,1,78,2025-08-24,2025-09-21,28,28,0,False,269398,269398.0,272138,0.0,2740.0,7132,7132.0,26.47384167662715,0.0,0.0,1.017082532164307,1.010170825321643,1.010170825321643,9621.357142857143,,,on_track,False,False,0.0
78,1,65,2025-08-24,2025-09-21,28,28,0,False,655678,655678.0,665333,0.0,9655.0,4926,4926.0,7.512834043539664,0.0,0.0,1.4725215730892298,1.0147252157308924,1.0147252157308924,23417.071428571428,,,on_track,False,False,0.0
79,1,113,2025-08-24,2025-09-21,28,28,0,False,67359,67359.0,67619,0.0,260.0,1198,1198.0,17.785299662999748,0.0,0.0,0.3859914784958209,1.0038599147849583,1.0038599147849583,2405.6785714285716,,,on_track,False,False,0.0
80,1,8,2025-08-24,2025-09-21,28,28,0,False,88888,88888.0,88278,610.0,0.0,1699,1699.0,19.113941139411395,11.659504095040951,0.0,-0.6862568625686256,0.9931374313743138,0.9931374313743138,3174.5714285714284,,,on_track,False,False,0.0
81,2,56,2025-11-14,2026-02-06,84,84,0,False,645548,645548.0,650234,0.0,4686.0,1665,4995.0,7.737612075322052,0.0,0.0,0.7258948985977804,1.0072589489859778,1.0072589489859778,7685.0952380952385,,,on_track,False,False,0.0
82,2,82,2025-11-14,2026-02-06,84,84,0,False,750657,750657.0,754685,0.0,4028.0,1792,5376.0,7.161726327736902,0.0,0.0,0.5365966080380253,1.0053659660803802,1.0053659660803802,8936.392857142857,,,on_track,False,False,0.0
83,2,105,2025-11-14,2026-02-06,84,84,0,False,429256,429256.0,429999,0.0,743.0,1163,3489.0,8.128016847755186,0.0,0.0,0.17309018394617665,1.0017309018394618,1.0017309018394618,5110.190476190476,,,on_track,False,False,0.0
84,2,63,2025-11-14,2026-02-06,84,84,0,False,387930,387930.0,371668,16262.0,0.0,1387,4161.0,10.726161936431831,174.42884541025444,0.0,-4.191993400871291,0.958080065991287,0.603648424543947,4618.214285714285,,,on_track,False,False,0.0
85,2,12,2025-11-14,2026-02-06,84,84,0,False,2328268,2328268.0,2339111,0.0,10843.0,4139,12417.0,5.33314893302661,0.0,0.0,0.4657109920335631,1.0046571099203356,1.0046571099203356,27717.47619047619,,,on_track,False,False,0.0
86,2,61,2025-11-14,2026-02-06,84,84,0,False,618937,618937.0,624205,0.0,5268.0,1638,4914.0,7.939418713051571,0.0,0.0,0.851136706966945,1.0085113670696695,1.0085113670696695,7368.297619047619,,,on_track,False,False,0.0
87,2,45,2025-11-14,2026-02-06,84,84,0,False,2281265,2281265.0,2275461,5804.0,0.0,15210,45630.0,20.002060260425687,116.09195775151068,0.0,-0.2544202449079787,0.9974557975509202,0.9974557975509202,27157.916666666668,,,on_track,False,False,7.8
88,2,53,2025-11-14,2026-02-06,84,84,0,False,370263,370263.0,372721,0.0,2458.0,2252,6756.0,18.246489657351667,0.0,0.0,0.6638524508254943,1.006638524508255,1.006638524508255,4407.892857142857,,,on_track,False,False,0.0
89,2,43,2025-11-14,2026-02-06,84,84,0,False,1678521,1678521.0,1657666,20855.0,0.0,13832,41496.0,24.721763981505145,515.5723878342898,0.0,-1.2424628586714137,0.9875753714132859,0.9875753714132859,19982.39285714286,,,on_track,False,False,20.8
90,2,42,2025-11-14,2026-02-06,84,84,0,False,2731357,2731357.0,2703875,27482.0,0.0,10352,31056.0,11.370172408806319,312.47507813881526,0.0,-1.0061665318740831,0.9899383346812591,0.9899383346812591,32516.154761904763,,,on_track,False,False,24.7
91,2,86,2025-11-14,2026-02-06,84,84,0,False,1859316,1859316.0,1869590,0.0,10274.0,15574,46722.0,25.128595677119975,0.0,0.0,0.5525687941156855,1.005525687941157,1.005525687941157,22134.714285714286,,,on_track,False,False,1.1
92,2,14,2025-11-14,2026-02-06,84,84,0,False,2571811,2571811.0,2537305,34506.0,0.0,16415,49245.0,19.14798560236347,660.720391195154,0.0,-1.3417004593261326,0.9865829954067387,0.9865829954067387,30616.79761904762,,,on_track,False,False,26.400000000000002
93,2,21,2025-11-14,2026-02-06,84,84,0,False,499914,499914.0,469298,30616.0,0.0,1683,5049.0,10.099737154790624,309.21355273106974,0.0,-6.124253371579911,0.9387574662842009,0.9387574662842009,5951.357142857143,,,completed_shortfall,True,False,0.0
94,2,112,2025-11-14,2026-02-06,84,84,0,False,2321262,2321262.0,2314022,7240.0,0.0,10647,31941.0,13.7601873463659,99.62375638768911,0.0,-0.31189930305152974,0.9968810069694847,0.9968810069694847,27634.071428571428,,,on_track,False,False,22.9
95,2,113,2025-11-14,2026-02-06,84,84,0,False,202078,202078.0,203484,0.0,1406.0,920,2760.0,13.658092419758708,0.0,0.0,0.6957709399340849,1.006957709399341,1.006957709399341,2405.690476190476,,,on_track,False,False,0.0
96,2,89,2025-11-14,2026-02-06,84,84,0,False,721627,721627.0,727037,0.0,5410.0,1552,4656.0,6.452086742874089,0.0,0.0,0.7496947869190039,1.00749694786919,1.00749694786919,8590.797619047618,,,on_track,False,False,0.0
97,2,64,2025-11-14,2026-02-06,84,84,0,False,209563,209563.0,210423,0.0,860.0,1805,5415.0,25.839485023596723,0.0,0.0,0.4103777861549987,1.00410377786155,1.00410377786155,2494.7976190476193,,,on_track,False,False,0.0
98,2,37,2025-11-14,2026-02-06,84,84,0,False,677401,677401.0,679326,0.0,1925.0,2151,6453.0,9.526115255218105,0.0,0.0,0.2841743664387859,1.002841743664388,1.002841743664388,8064.297619047619,,,on_track,False,False,0.0
99,2,85,2025-11-14,2026-02-06,84,84,0,False,759477,759477.0,762903,0.0,3426.0,1785,5355.0,7.050904767359644,0.0,0.0,0.4510999016428411,1.0045109990164285,1.0045109990164285,9041.392857142857,,,on_track,False,False,0.0
100,2,52,2025-11-14,2026-02-06,84,84,0,False,219512,219512.0,201876,17636.0,0.0,1759,5277.0,24.039688035278253,423.96393819016726,0.0,-8.034184919275484,0.9196581508072451,0.9196581508072451,2613.2380952380954,,,completed_shortfall,True,False,0.0
101,2,98,2025-11-14,2026-02-06,84,84,0,False,388558,388558.0,388760,0.0,202.0,996,2988.0,7.6899716387257495,0.0,0.0,0.05198709073034141,1.0005198709073033,1.0005198709073033,4625.690476190476,,,on_track,False,False,0.0
102,2,71,2025-11-14,2026-02-06,84,84,0,False,243959,243959.0,237247,6712.0,0.0,1611,4833.0,19.810705897302416,132.96945798269383,0.0,-2.751281977709369,0.9724871802229063,0.9724871802229063,2904.2738095238096,,,on_track,False,False,0.0
103,2,5,2025-11-14,2026-02-06,84,84,0,False,2254936,2254936.0,2250893,4043.0,0.0,14816,44448.0,19.71142418232713,79.69328796914859,0.0,-0.1792955542862414,0.9982070444571376,0.9982070444571376,26844.47619047619,,,on_track,False,False,15.3
104,2,59,2025-11-14,2026-02-06,84,84,0,False,1016064,1016064.0,1021524,0.0,5460.0,5691,17073.0,16.803075396825395,0.0,0.0,0.5373677248677249,1.0053736772486772,1.0053736772486772,12096.0,,,on_track,False,False,0.0
105,2,116,2025-11-14,2026-02-06,84,84,0,False,280630,280630.0,282782,0.0,2152.0,1220,3660.0,13.042083882692515,0.0,0.0,0.7668460250151445,1.0076684602501516,1.0076684602501516,3340.8333333333335,,,on_track,False,False,0.0
106,2,41,2025-11-14,2026-02-06,84,84,0,False,1145365,1145365.0,1151416,0.0,6051.0,7444,22332.0,19.49771470230014,0.0,0.0,0.5283032046552846,1.005283032046553,1.005283032046553,13635.297619047618,,,on_track,False,False,0.0
107,2,33,2025-11-14,2026-02-06,84,84,0,False,4146468,4146468.0,4149445,0.0,2977.0,17814,53442.0,12.888559612663116,0.0,0.0,0.07179604424777908,1.0007179604424778,1.0007179604424778,49362.71428571428,,,on_track,False,False,7.3999999999999995
108,2,111,2025-11-14,2026-02-06,84,84,0,False,754251,754251.0,754593,0.0,342.0,1995,5985.0,7.935024282367541,0.0,0.0,0.045342995899243094,1.0004534299589924,1.0004534299589924,8979.17857142857,,,on_track,False,False,0.0
109,2,15,2025-11-14,2026-02-06,84,84,0,False,437996,437996.0,409114,28882.0,0.0,1981,5943.0,13.568617064996028,391.88879807121526,0.0,-6.5941241472524865,0.9340587585274751,0.9340587585274751,5214.238095238095,,,completed_shortfall,True,False,0.0
110,2,101,2025-11-14,2026-02-06,84,84,0,False,1485429,1485429.0,1494289,0.0,8860.0,3004,9012.0,6.066934198807213,0.0,0.0,0.5964606857682192,1.0059646068576822,1.0059646068576822,17683.678571428572,,,on_track,False,False,0.0
111,2,66,2025-11-14,2026-02-06,84,84,0,False,262066,262066.0,225006,37060.0,0.0,1268,3804.0,14.515427411415445,537.9417398670564,0.0,-14.141475811436813,0.8585852418856319,0.7676873563033019,3119.8333333333335,,,completed_shortfall,True,False,0.0
112,2,1,2025-11-14,2026-02-06,84,84,0,False,385912,385912.0,386525,0.0,613.0,1895,5685.0,14.73133771429756,0.0,0.0,0.15884450341010387,1.001588445034101,1.001588445034101,4594.190476190476,,,on_track,False,False,0.0
113,2,102,2025-11-14,2026-02-06,84,84,0,False,2175344,2175344.0,2167303,8041.0,0.0,10880,32640.0,15.004523422502372,120.65137284034158,0.0,-0.3696426863981053,0.9963035731360189,0.9963035731360189,25896.95238095238,,,on_track,False,False,16.0
114,2,70,2025-11-14,2026-02-06,84,84,0,False,3587028,3587028.0,3565722,21306.0,0.0,15224,45672.0,12.732546275077864,271.2796309368089,0.0,-0.5939736182711705,0.9940602638172883,0.9940602638172883,42702.71428571428,,,on_track,False,False,12.2
115,2,60,2025-11-14,2026-02-06,84,84,0,False,1335277,1335277.0,1343189,0.0,7912.0,6131,18393.0,13.774669974844171,0.0,0.0,0.5925362303102653,1.0059253623031026,1.0059253623031026,15896.154761904761,,,on_track,False,False,0.0
116,2,106,2025-11-14,2026-02-06,84,84,0,False,539784,539784.0,542461,0.0,2677.0,4330,12990.0,24.06518162820684,0.0,0.0,0.49593911638729565,1.004959391163873,1.004959391163873,6426.0,,,on_track,False,False,0.0
117,2,7,2025-11-14,2026-02-06,84,84,0,False,2809134,2809134.0,2804226,4908.0,0.0,11858,35574.0,12.66368923661171,62.15338677329027,0.0,-0.1747157664960091,0.9982528423350399,0.9982528423350399,33442.07142857143,,,on_track,False,False,20.2
118,2,25,2025-11-14,2026-02-06,84,84,0,False,4787919,4787919.0,4713731,74188.0,0.0,18639,55917.0,11.678769001731231,866.4245147004366,0.0,-1.5494831888342304,0.9845051681116577,0.9845051681116577,56999.03571428572,,,on_track,False,False,23.9
119,2,67,2025-11-14,2026-02-06,84,84,0,False,1532880,1532880.0,1542609,0.0,9729.0,6434,19302.0,12.591983716925006,0.0,0.0,0.634687646782527,1.0063468764678252,1.0063468764678252,18248.571428571428,,,on_track,False,False,0.0
120,2,47,2025-11-14,2026-02-06,84,84,0,False,748137,748137.0,751585,0.0,3448.0,2254,6762.0,9.038451513559682,0.0,0.0,0.46087815466953247,1.0046087815466953,1.0046087815466953,8906.392857142857,,,on_track,False,False,0.0
121,2,80,2025-11-14,2026-02-06,84,84,0,False,1431380,1431380.0,1445480,0.0,14100.0,4423,13269.0,9.270075032486133,0.0,0.0,0.9850633654235772,1.0098506336542357,1.0098506336542357,17040.238095238095,,,on_track,False,False,0.0
122,2,104,2025-11-14,2026-02-06,84,84,0,False,1351259,1351259.0,1346307,4952.0,0.0,4222,12666.0,9.373480583663088,46.41747585029961,0.0,-0.36647304476787945,0.9963352695523212,0.9963352695523212,16086.416666666666,,,on_track,False,False,0.0
123,2,57,2025-11-14,2026-02-06,84,84,0,False,2702165,2702165.0,2711782,0.0,9617.0,12240,36720.0,13.589103552151702,0.0,0.0,0.3558998062664567,1.0035589980626645,1.0035589980626645,32168.630952380954,,,on_track,False,False,18.799999999999997
124,2,84,2025-11-14,2026-02-06,84,84,0,False,3683070,3683070.0,3705118,0.0,22048.0,19052,57156.0,15.518575536169555,0.0,0.0,0.5986310333498955,1.005986310333499,1.005986310333499,43846.07142857143,,,on_track,False,False,7.6
125,2,27,2025-11-14,2026-02-06,84,84,0,False,600045,600045.0,602474,0.0,2429.0,1240,3720.0,6.199535034872384,0.0,0.0,0.4048029731103501,1.0040480297311034,1.0040480297311034,7143.392857142857,,,on_track,False,False,0.0
126,2,35,2025-11-14,2026-02-06,84,84,0,False,390625,390625.0,252653,137972.0,0.0,1306,3918.0,10.03008,1383.8701977599999,0.0,-35.320832,0.64679168,0.49120697379310346,4650.297619047619,,,completed_shortfall,True,False,0.0
127,2,99,2025-11-14,2026-02-06,84,84,0,False,1403332,1403332.0,1414385,0.0,11053.0,2696,8088.0,5.763425903492545,0.0,0.0,0.7876254514256071,1.007876254514256,1.007876254514256,16706.333333333332,,,on_track,False,False,0.0
128,2,17,2025-11-14,2026-02-06,84,84,0,False,1035926,1035926.0,1042411,0.0,6485.0,5092,15276.0,14.74622704710568,0.0,0.0,0.6260099659628198,1.0062600996596283,1.0062600996596283,12332.452380952382,,,on_track,False,False,0.0
129,2,103,2025-11-14,2026-02-06,84,84,0,False,362829,362829.0,366251,0.0,3422.0,1104,3312.0,9.128267034884201,0.0,0.0,0.9431440155004147,1.0094314401550042,1.0094314401550042,4319.392857142857,,,on_track,False,False,0.0
130,2,78,2025-11-14,2026-02-06,84,84,0,False,808194,808194.0,811047,0.0,2853.0,5750,17250.0,21.34388525527287,0.0,0.0,0.3530093022219913,1.00353009302222,1.00353009302222,9621.357142857143,,,on_track,False,False,0.0
131,2,117,2025-11-14,2026-02-06,84,84,0,False,886798,886798.0,883195,3603.0,0.0,8945,26835.0,30.26055539141947,109.02878107528436,0.0,-0.40629320318719714,0.995937067968128,0.995937067968128,10557.119047619048,,,on_track,False,False,14.5
132,2,16,2025-11-14,2026-02-06,84,84,0,False,2365488,2365488.0,2380314,0.0,14826.0,7440,22320.0,9.435685152492848,0.0,0.0,0.626762849779834,1.0062676284977983,1.0062676284977983,28160.571428571428,,,on_track,False,False,0.0
133,2,4,2025-11-14,2026-02-06,84,84,0,False,1675553,1675553.0,1690209,0.0,14656.0,6956,20868.0,12.45439565325597,0.0,0.0,0.8746962942980616,1.0087469629429806,1.0087469629429806,19947.059523809523,,,on_track,False,False,0.0
134,2,31,2025-11-14,2026-02-06,84,84,0,False,4616922,4616922.0,4015263,601659.0,0.0,12249,36747.0,7.959198790882757,4788.723585323729,0.0,-13.031604172650091,0.8696839582734991,0.7761959158071112,54963.357142857145,,,completed_shortfall,True,False,32.1
135,2,108,2025-11-14,2026-02-06,84,84,0,False,809358,809358.0,812328,0.0,2970.0,4126,12378.0,15.29360307799515,0.0,0.0,0.36695751447443525,1.0036695751447444,1.0036695751447444,9635.214285714286,,,on_track,False,False,0.0
136,2,40,2025-11-14,2026-02-06,84,84,0,False,534063,534063.0,533269,794.0,0.0,1910,5730.0,10.729071289342269,8.518882603737762,0.0,-0.14867159866907087,0.9985132840133093,0.9985132840133093,6357.892857142857,,,on_track,False,False,0.0
137,2,2,2025-11-14,2026-02-06,84,84,0,False,273369,273369.0,272675,694.0,0.0,2146,6438.0,23.55058547238348,16.344106317834136,0.0,-0.2538693121751186,0.9974613068782489,0.9974613068782489,3254.3928571428573,,,on_track,False,False,0.0
138,2,36,2025-11-14,2026-02-06,84,84,0,False,365510,365510.0,353105,12405.0,0.0,1502,4506.0,12.327980082624277,152.92859292495416,0.0,-3.3938879921205984,0.966061120078794,0.7244753905501901,4351.309523809524,,,on_track,False,False,0.0
139,2,76,2025-11-14,2026-02-06,84,84,0,False,1319366,1319366.0,1318752,614.0,0.0,3814,11442.0,8.67234717280876,5.324821164104578,0.0,-0.046537503619162535,0.9995346249638084,0.9995346249638084,15706.738095238095,,,on_track,False,False,0.0
140,2,6,2025-11-14,2026-02-06,84,84,0,False,941905,941905.0,947702,0.0,5797.0,4661,13983.0,14.845446196803287,0.0,0.0,0.6154548494805739,1.0061545484948058,1.0061545484948058,11213.154761904761,,,on_track,False,False,0.0
141,2,92,2025-11-14,2026-02-06,84,84,0,False,493002,493002.0,495831,0.0,2829.0,2696,8088.0,16.405612958973798,0.0,0.0,0.5738313434833936,1.0057383134348339,1.0057383134348339,5869.071428571428,,,on_track,False,False,0.0
142,2,54,2025-11-14,2026-02-06,84,84,0,False,756226,756226.0,759707,0.0,3481.0,2069,6207.0,8.20786378675158,0.0,0.0,0.4603121289138432,1.0046031212891384,1.0046031212891384,9002.690476190477,,,on_track,False,False,0.0
143,2,8,2025-11-14,2026-02-06,84,84,0,False,266666,266666.0,266481,185.0,0.0,2337,7011.0,26.29131572828932,4.8638934097335245,0.0,-0.06937517343793359,0.9993062482656206,0.9993062482656206,3174.595238095238,,,on_track,False,False,0.0
144,2,30,2025-11-14,2026-02-06,84,84,0,False,262951,262951.0,242148,20803.0,0.0,1984,5952.0,22.63539594829455,470.88414191237155,0.0,-7.9113599111621555,0.9208864008883785,0.4731071568467129,3130.3690476190477,,,completed_shortfall,True,False,0.0
145,2,58,2025-11-14,2026-02-06,84,84,0,False,2119834,2119834.0,2036240,83594.0,0.0,9037,27111.0,12.78920896636246,1069.1011343341033,0.0,-3.943421984929009,0.9605657801507099,0.9605657801507099,25236.119047619046,,,on_track,False,False,0.0
146,2,93,2025-11-14,2026-02-06,84,84,0,False,383903,383903.0,384476,0.0,573.0,1093,3279.0,8.541220047772484,0.0,0.0,0.14925645280187966,1.0014925645280188,1.0014925645280188,4570.273809523809,,,on_track,False,False,0.0
147,2,97,2025-11-14,2026-02-06,84,84,0,False,338864,338864.0,339751,0.0,887.0,878,2634.0,7.7730298880966995,0.0,0.0,0.2617569290334765,1.0026175692903347,1.0026175692903347,4034.095238095238,,,on_track,False,False,0.0
148,2,10,2025-11-14,2026-02-06,84,84,0,False,267472,267472.0,254661,12811.0,0.0,2306,6918.0,25.86438954357839,331.3486944427828,0.0,-4.789660226117126,0.9521033977388287,0.701349616465965,3184.190476190476,,,on_track,False,False,0.0
149,2,32,2025-11-14,2026-02-06,84,84,0,False,2353987,2353987.0,2365059,0.0,11072.0,5719,17157.0,7.2884854504294205,0.0,0.0,0.4703509407656032,1.004703509407656,1.004703509407656,28023.654761904763,,,on_track,False,False,0.0
150,2,46,2025-11-14,2026-02-06,84,84,0,False,1365124,1365124.0,1367861,0.0,2737.0,7697,23091.0,16.914946920572785,0.0,0.0,0.2004946070833126,1.0020049460708331,1.0020049460708331,16251.47619047619,,,on_track,False,False,0.0
151,2,19,2025-11-14,2026-02-06,84,84,0,False,619637,619637.0,616489,3148.0,0.0,1572,4716.0,7.610907676591294,23.959137365909395,0.0,-0.5080393843492239,0.9949196061565078,0.9949196061565078,7376.630952380952,,,on_track,False,False,0.0
152,2,94,2025-11-14,2026-02-06,84,84,0,False,424494,424494.0,426459,0.0,1965.0,1251,3753.0,8.841114362040452,0.0,0.0,0.46290406931546735,1.0046290406931546,1.0046290406931546,5053.5,,,on_track,False,False,0.0
153,2,51,2025-11-14,2026-02-06,84,84,0,False,1639144,1639144.0,1656325,0.0,17181.0,4288,12864.0,7.8479987115225995,0.0,0.0,1.0481690443304554,1.0104816904433045,1.0104816904433045,19513.619047619046,,,on_track,False,False,0.0
154,2,18,2025-11-14,2026-02-06,84,84,0,False,2432767,2432767.0,2448767,0.0,16000.0,8579,25737.0,10.579311541138136,0.0,0.0,0.6576873165412059,1.0065768731654121,1.0065768731654121,28961.511904761905,,,on_track,False,False,0.0
155,3,82,2025-09-16,2025-11-11,56,56,0,False,500438,500438.0,503083,0.0,2645.0,1592,3184.0,6.362426514373409,0.0,0.0,0.5285370015866101,1.0052853700158662,1.0052853700158662,8936.392857142857,,,on_track,False,False,0.0
156,3,91,2025-09-16,2025-11-11,56,56,0,False,221054,221054.0,222239,0.0,1185.0,819,1638.0,7.409954128855393,0.0,0.0,0.5360681100545568,1.0053606811005456,1.0053606811005456,3947.3928571428573,,,on_track,False,False,0.0
157,3,112,2025-09-16,2025-11-11,56,56,0,False,1547508,1547508.0,1528746,18762.0,0.0,8502,17004.0,10.987988430431377,206.1566389317535,0.0,-1.2124008405772377,0.9878759915942277,0.9878759915942277,27634.071428571428,,,on_track,False,False,21.9
158,3,13,2025-09-16,2025-11-11,56,56,0,False,224347,224347.0,225369,0.0,1022.0,2086,4172.0,18.59619250536,0.0,0.0,0.4555443130507651,1.0045554431305077,1.0045554431305077,4006.1964285714284,,,on_track,False,False,0.0
159,3,57,2025-09-16,2025-11-11,56,56,0,False,1801443,1801443.0,1795259,6184.0,0.0,16155,32310.0,17.93562161000931,110.91388403629757,0.0,-0.3432803591343162,0.9965671964086569,0.9965671964086569,32168.625,,,on_track,False,False,6.7
160,3,22,2025-09-16,2025-11-11,56,56,0,False,1344376,1344376.0,1343195,1181.0,0.0,16809,33618.0,25.006397019881344,29.532554880479868,0.0,-0.08784744744029944,0.999121525525597,0.999121525525597,24006.714285714286,,,on_track,False,False,8.399999999999999
161,3,89,2025-09-16,2025-11-11,56,56,0,False,481084,481084.0,486632,0.0,5548.0,1662,3324.0,6.909396280067514,0.0,0.0,1.1532289579366597,1.0115322895793666,1.0115322895793666,8590.785714285714,,,on_track,False,False,0.0
162,3,39,2025-09-16,2025-11-11,56,56,0,False,535752,535752.0,500395,35357.0,0.0,1304,2608.0,4.867923964819544,172.11518762412462,0.0,-6.599508727918887,0.9340049127208111,0.9340049127208111,9567.0,,,completed_shortfall,True,False,0.0
163,3,4,2025-09-16,2025-11-11,56,56,0,False,1117035,1117035.0,1121930,0.0,4895.0,6120,12240.0,10.95757966402127,0.0,0.0,0.4382136638511775,1.0043821366385117,1.0043821366385117,19947.053571428572,,,on_track,False,False,0.0
164,3,6,2025-09-16,2025-11-11,56,56,0,False,627936,627936.0,404224,223712.0,0.0,4051,8102.0,12.902588798858483,2886.463945370229,0.0,-35.62656066860317,0.6437343933139683,0.5923206004615575,11213.142857142857,,,completed_shortfall,True,False,0.0
165,3,42,2025-09-16,2025-11-11,56,56,0,False,1820904,1820904.0,1804925,15979.0,0.0,14171,28342.0,15.564796386849608,248.7098814654699,0.0,-0.877531160346729,0.9912246883965327,0.9912246883965327,32516.14285714286,,,on_track,False,False,8.4
166,3,102,2025-09-16,2025-11-11,56,56,0,False,1450229,1450229.0,1457420,0.0,7191.0,9086,18172.0,12.530434848565296,0.0,0.0,0.4958527239491142,1.0049585272394912,1.0049585272394912,25896.946428571428,,,on_track,False,False,0.0
167,3,8,2025-09-16,2025-11-11,56,56,0,False,177777,177777.0,178658,0.0,881.0,1851,3702.0,20.823841104304833,0.0,0.0,0.4955646680954229,1.0049556466809542,1.0049556466809542,3174.589285714286,,,on_track,False,False,0.0
168,3,38,2025-09-16,2025-11-11,56,56,0,False,615777,615777.0,617817,0.0,2040.0,4245,8490.0,13.787458771600758,0.0,0.0,0.3312887620031278,1.0033128876200312,1.0033128876200312,10996.017857142857,,,on_track,False,False,0.0
169,3,46,2025-09-16,2025-11-11,56,56,0,False,910082,910082.0,914448,0.0,4366.0,8373,16746.0,18.400539731584626,0.0,0.0,0.4797369907327032,1.004797369907327,1.004797369907327,16251.464285714286,,,on_track,False,False,0.0
170,3,48,2025-09-16,2025-11-11,56,56,0,False,2981368,2981368.0,2971368,10000.0,0.0,14483,28966.0,9.71567414690169,97.15674146901691,0.0,-0.3354164933681451,0.9966458350663185,0.9966458350663185,53238.71428571428,,,on_track,False,False,6.1000000000000005
171,3,56,2025-09-16,2025-11-11,56,56,0,False,430365,430365.0,431741,0.0,1376.0,1665,3330.0,7.7376180683838145,0.0,0.0,0.3197286024653492,1.0031972860246534,1.0031972860246534,7685.089285714285,,,on_track,False,False,0.0
172,3,19,2025-09-16,2025-11-11,56,56,0,False,413091,413091.0,416098,0.0,3007.0,1509,3018.0,7.305896279512262,0.0,0.0,0.727926776424565,1.0072792677642457,1.0072792677642457,7376.625,,,on_track,False,False,0.0
173,3,32,2025-09-16,2025-11-11,56,56,0,False,1569324,1569324.0,1580107,0.0,10783.0,7212,14424.0,9.191218639363191,0.0,0.0,0.6871111382990384,1.0068711113829905,1.0068711113829905,28023.64285714286,,,on_track,False,False,0.0
174,3,68,2025-09-16,2025-11-11,56,56,0,False,358108,358108.0,341160,16948.0,0.0,2364,4728.0,13.20272096685916,223.75971494632904,0.0,-4.732650485328448,0.9526734951467155,0.9526734951467155,6394.785714285715,,,on_track,False,False,0.0
175,3,53,2025-09-16,2025-11-11,56,56,0,False,246842,246842.0,246062,780.0,0.0,1925,3850.0,15.597021576555044,12.165676829712934,0.0,-0.31599160596656967,0.9968400839403343,0.9968400839403343,4407.892857142857,,,on_track,False,False,0.0
176,3,73,2025-09-16,2025-11-11,56,56,0,False,506856,506856.0,512117,0.0,5261.0,5656,11312.0,22.317975914263616,0.0,0.0,1.0379673911327871,1.0103796739113278,1.0103796739113278,9051.0,,,on_track,False,False,0.0
177,3,88,2025-09-16,2025-11-11,56,56,0,False,847801,847801.0,854045,0.0,6244.0,6744,13488.0,15.909393831807229,0.0,0.0,0.7364935875282053,1.007364935875282,1.007364935875282,15139.30357142857,,,on_track,False,False,0.0
178,3,24,2025-09-16,2025-11-11,56,56,0,False,1241997,1241997.0,1258149,0.0,16152.0,4787,9574.0,7.708553241271919,0.0,0.0,1.3004862330585338,1.0130048623305854,1.0130048623305854,22178.51785714286,,,on_track,False,False,0.0
179,3,115,2025-09-16,2025-11-11,56,56,0,False,376461,376461.0,378654,0.0,2193.0,3410,6820.0,18.11608639407535,0.0,0.0,0.5825304613226868,1.0058253046132268,1.0058253046132268,6722.517857142857,,,on_track,False,False,0.0
180,3,23,2025-09-16,2025-11-11,56,56,0,False,295965,295965.0,297260,0.0,1295.0,2235,4470.0,15.103137195276467,0.0,0.0,0.43755173753653304,1.0043755173753652,1.0043755173753652,5285.089285714285,,,on_track,False,False,0.0
181,3,11,2025-09-16,2025-11-11,56,56,0,False,1450243,1450243.0,1455115,0.0,4872.0,8077,16154.0,11.138822942086257,0.0,0.0,0.33594370046950756,1.003359437004695,1.003359437004695,25897.196428571428,,,on_track,False,False,0.0
182,3,79,2025-09-16,2025-11-11,56,56,0,False,1031798,1031798.0,1035024,0.0,3226.0,6528,13056.0,12.653639568985401,0.0,0.0,0.3126580978059659,1.0031265809780596,1.0031265809780596,18424.964285714286,,,on_track,False,False,0.0
183,3,49,2025-09-16,2025-11-11,56,56,0,False,1205305,1205305.0,1213581,0.0,8276.0,8800,17600.0,14.60211315808032,0.0,0.0,0.6866311846379133,1.0068663118463792,1.0068663118463792,21523.303571428572,,,on_track,False,False,0.0
184,3,80,2025-09-16,2025-11-11,56,56,0,False,954253,954253.0,963604,0.0,9351.0,5843,11686.0,12.24622820153565,0.0,0.0,0.9799288029484843,1.0097992880294848,1.0097992880294848,17040.23214285714,,,on_track,False,False,0.0
185,3,98,2025-09-16,2025-11-11,56,56,0,False,259039,259039.0,259248,0.0,209.0,852,1704.0,6.578160045398569,0.0,0.0,0.08068283154274067,1.0008068283154274,1.0008068283154274,4625.696428571428,,,on_track,False,False,0.0
186,3,31,2025-09-16,2025-11-11,56,56,0,False,3077948,3077948.0,2645168,432780.0,0.0,12252,24504.0,7.961148141554047,3445.4256927017605,0.0,-14.060666392024817,0.8593933360797519,0.7877077175895739,54963.357142857145,,,completed_shortfall,True,False,29.4
187,3,64,2025-09-16,2025-11-11,56,56,0,False,139708,139708.0,140829,0.0,1121.0,1824,3648.0,26.111604203052078,0.0,0.0,0.8023878374896213,1.0080238783748963,1.0080238783748963,2494.785714285714,,,on_track,False,False,0.0
188,3,75,2025-09-16,2025-11-11,56,56,0,False,2107499,2107499.0,1564887,542612.0,0.0,10902,21804.0,10.34591238240208,5613.816209639957,0.0,-25.74672633296623,0.7425327366703377,0.5227484014622703,37633.91071428572,,,completed_shortfall,True,False,4.0
189,3,103,2025-09-16,2025-11-11,56,56,0,False,241886,241886.0,242765,0.0,879.0,1011,2022.0,8.359309757489065,0.0,0.0,0.36339432625286294,1.0036339432625285,1.0036339432625285,4319.392857142857,,,on_track,False,False,0.0
190,3,30,2025-09-16,2025-11-11,56,56,0,False,175301,175301.0,176063,0.0,762.0,2022,4044.0,23.068892932727138,0.0,0.0,0.4346809202457487,1.0043468092024574,1.0043468092024574,3130.375,,,on_track,False,False,0.0
191,3,60,2025-09-16,2025-11-11,56,56,0,False,890184,890184.0,897218,0.0,7034.0,5934,11868.0,13.332075166482435,0.0,0.0,0.7901737168944847,1.007901737168945,1.007901737168945,15896.142857142857,,,on_track,False,False,0.0
192,3,120,2025-09-16,2025-11-11,56,56,0,False,1245807,1245807.0,960913,284894.0,0.0,10789,21578.0,17.320499884813618,4934.506494184091,0.0,-22.868229187988188,0.7713177081201181,0.6511145201680734,22246.553571428572,,,completed_shortfall,True,False,21.0
193,3,33,2025-09-16,2025-11-11,56,56,0,False,2764312,2764312.0,2736298,28014.0,0.0,15435,30870.0,11.167335669779678,312.84174145320793,0.0,-1.0134167199650401,0.9898658328003496,0.9898658328003496,49362.71428571428,,,on_track,False,False,11.5
194,3,59,2025-09-16,2025-11-11,56,56,0,False,677376,677376.0,679837,0.0,2461.0,5068,10136.0,14.963624338624339,0.0,0.0,0.3633137282690854,1.0036331372826908,1.0036331372826908,12096.0,,,on_track,False,False,0.0
195,3,83,2025-09-16,2025-11-11,56,56,0,False,300064,300064.0,289873,10191.0,0.0,1800,3600.0,11.99744054601685,122.26591660445773,0.0,-3.396275461234936,0.9660372453876507,0.9660372453876507,5358.285714285715,,,on_track,False,False,0.0
196,3,2,2025-09-16,2025-11-11,56,56,0,False,182246,182246.0,184097,0.0,1851.0,1838,3676.0,20.170538722386226,0.0,0.0,1.0156601516631365,1.0101566015166314,1.0101566015166314,3254.3928571428573,,,on_track,False,False,0.0
197,3,84,2025-09-16,2025-11-11,56,56,0,False,2455380,2455380.0,2430065,25315.0,0.0,13413,26826.0,10.925396476309166,276.5764117977665,0.0,-1.031001311405974,0.9896899868859402,0.9896899868859402,43846.07142857143,,,on_track,False,False,13.3
198,3,37,2025-09-16,2025-11-11,56,56,0,False,451600,451600.0,414578,37022.0,0.0,1779,3558.0,7.87865367581931,291.68351638618253,0.0,-8.197962798937112,0.9180203720106289,0.5191284322409212,8064.285714285715,,,completed_shortfall,True,False,0.0
199,3,70,2025-09-16,2025-11-11,56,56,0,False,2391352,2391352.0,2389433,1919.0,0.0,18210,36420.0,15.22987832824277,29.226136511897877,0.0,-0.08024749179543622,0.9991975250820456,0.9991975250820456,42702.71428571428,,,on_track,False,False,1.1
200,3,21,2025-09-16,2025-11-11,56,56,0,False,333276,333276.0,333257,19.0,0.0,1624,3248.0,9.745676256316086,0.18516784887000562,0.0,-0.005700980568657809,0.9999429901943134,0.9999429901943134,5951.357142857143,,,on_track,False,False,0.0
201,3,10,2025-09-16,2025-11-11,56,56,0,False,178315,178315.0,178264,51.0,0.0,2088,4176.0,23.419230014300535,1.1943807307293273,0.0,-0.02860107113815439,0.9997139892886184,0.9997139892886184,3184.1964285714284,,,on_track,False,False,0.0
202,3,116,2025-09-16,2025-11-11,56,56,0,False,187087,187087.0,154031,33056.0,0.0,1163,2326.0,12.43271846787858,410.97594167419436,0.0,-17.668785110670438,0.8233121488932956,0.7667965941973768,3340.839285714286,,,completed_shortfall,True,False,0.0
203,3,45,2025-09-16,2025-11-11,56,56,0,False,1520843,1520843.0,1520835,8.0,0.0,13812,27624.0,18.163610576502638,0.1453088846120211,0.0,-0.0005260240537649186,0.9999947397594624,0.9999947397594624,27157.910714285714,,,on_track,False,False,7.6
204,3,113,2025-09-16,2025-11-11,56,56,0,False,134719,134719.0,135206,0.0,487.0,1095,2190.0,16.256058907800682,0.0,0.0,0.36149318210497405,1.0036149318210497,1.0036149318210497,2405.6964285714284,,,on_track,False,False,0.0
205,3,55,2025-09-16,2025-11-11,56,56,0,False,484747,484747.0,493136,0.0,8389.0,7290,14580.0,30.077545606264714,0.0,0.0,1.7305934848487974,1.017305934848488,1.017305934848488,8656.19642857143,,,on_track,False,False,0.0
206,3,119,2025-09-16,2025-11-11,56,56,0,False,851847,851847.0,666379,185468.0,0.0,4287,8574.0,10.065187762591169,1866.7702439522589,0.0,-21.77245444311009,0.7822754555688991,0.6221367608658989,15211.55357142857,,,completed_shortfall,True,False,0.0
207,3,81,2025-09-16,2025-11-11,56,56,0,False,313958,313958.0,311959,1999.0,0.0,2234,4468.0,14.23120289975092,28.44817459660209,0.0,-0.636709368769071,0.9936329063123093,0.9936329063123093,5606.392857142857,,,on_track,False,False,0.0
208,3,71,2025-09-16,2025-11-11,56,56,0,False,162639,162639.0,162995,0.0,356.0,1529,3058.0,18.80237827335387,0.0,0.0,0.21888968820516605,1.0021888968820516,1.0021888968820516,2904.2678571428573,,,on_track,False,False,0.0
209,3,26,2025-09-16,2025-11-11,56,56,0,False,431323,431323.0,423230,8093.0,0.0,2217,4434.0,10.279998979882826,83.19603174419171,0.0,-1.8763200664003543,0.9812367993359965,0.7926310444840642,7702.196428571428,,,on_track,False,False,0.0
210,3,50,2025-09-16,2025-11-11,56,56,0,False,145180,145180.0,145525,0.0,345.0,1584,3168.0,21.821187491389995,0.0,0.0,0.23763603802176608,1.0023763603802176,1.0023763603802176,2592.5,,,on_track,False,False,0.0
211,3,62,2025-09-16,2025-11-11,56,56,0,False,1448079,1448079.0,1449534,0.0,1455.0,7550,15100.0,10.427607886033842,0.0,0.0,0.10047794353761086,1.001004779435376,1.001004779435376,25858.553571428572,,,on_track,False,False,0.0
212,3,7,2025-09-16,2025-11-11,56,56,0,False,1872756,1872756.0,1871309,1447.0,0.0,12294,24588.0,13.129313161992272,18.99811614540282,0.0,-0.07726580504881575,0.9992273419495118,0.9992273419495118,33442.07142857143,,,on_track,False,False,7.6
213,3,16,2025-09-16,2025-11-11,56,56,0,False,1576992,1576992.0,1593087,0.0,16095.0,6981,13962.0,8.853564253972118,0.0,0.0,1.0206139282887927,1.0102061392828878,1.0102061392828878,28160.571428571428,,,on_track,False,False,0.0
214,3,25,2025-09-16,2025-11-11,56,56,0,False,3191946,3191946.0,3197181,0.0,5235.0,16434,32868.0,10.297166681391227,0.0,0.0,0.16400653394512313,1.0016400653394513,1.0016400653394513,56999.03571428572,,,on_track,False,False,11.4
215,3,77,2025-09-16,2025-11-11,56,56,0,False,1143048,1143048.0,1157252,0.0,14204.0,6453,12906.0,11.290864425640917,0.0,0.0,1.2426424787060562,1.0124264247870605,1.0124264247870605,20411.571428571428,,,on_track,False,False,0.0
216,3,95,2025-09-16,2025-11-11,56,56,0,False,133207,133207.0,121115,12092.0,0.0,1142,2284.0,17.146246068149573,207.33240745606463,0.0,-9.077601026973058,0.9092239897302694,0.9092239897302694,2378.6964285714284,,,completed_shortfall,True,False,0.0
217,3,78,2025-09-16,2025-11-11,56,56,0,False,538796,538796.0,541684,0.0,2888.0,5816,11632.0,21.588875938202957,0.0,0.0,0.5360099184106787,1.0053600991841067,1.0053600991841067,9621.357142857143,,,on_track,False,False,0.0
218,3,86,2025-09-16,2025-11-11,56,56,0,False,1239544,1239544.0,1241044,0.0,1500.0,16886,33772.0,27.245503185042242,0.0,0.0,0.12101224321201991,1.0012101224321202,1.0012101224321202,22134.714285714286,,,on_track,False,False,3.8
219,3,72,2025-09-16,2025-11-11,56,56,0,False,382380,382380.0,385213,0.0,2833.0,1316,2632.0,6.883205188555887,0.0,0.0,0.7408860296040588,1.0074088602960405,1.0074088602960405,6828.214285714285,,,on_track,False,False,0.0
220,3,99,2025-09-16,2025-11-11,56,56,0,False,935555,935555.0,954095,0.0,18540.0,2092,4184.0,4.472211681835915,0.0,0.0,1.9817113905649588,1.0198171139056496,1.0198171139056496,16706.339285714286,,,on_track,False,False,0.0
221,3,93,2025-09-16,2025-11-11,56,56,0,False,255935,255935.0,240441,15494.0,0.0,1116,2232.0,8.720964307343662,135.1226209779827,0.0,-6.053880868189189,0.9394611913181081,0.9394611913181081,4570.267857142857,,,completed_shortfall,True,False,0.0
222,3,43,2025-09-16,2025-11-11,56,56,0,False,1119014,1119014.0,1105460,13554.0,0.0,15563,31126.0,27.81555905466777,377.01208742696696,0.0,-1.2112448995276197,0.9878875510047238,0.9878875510047238,19982.39285714286,,,on_track,False,False,21.7
223,3,66,2025-09-16,2025-11-11,56,56,0,False,174711,174711.0,174859,0.0,148.0,1262,2524.0,14.446714860541123,0.0,0.0,0.08471132327100182,1.00084711323271,1.00084711323271,3119.839285714286,,,on_track,False,False,0.0
224,3,18,2025-09-16,2025-11-11,56,56,0,False,1621845,1621845.0,1627213,0.0,5368.0,8492,16984.0,10.472024145340646,0.0,0.0,0.3309810740237199,1.0033098107402372,1.0033098107402372,28961.51785714286,,,on_track,False,False,0.0
225,3,1,2025-09-16,2025-11-11,56,56,0,False,257275,257275.0,260303,0.0,3028.0,1784,3568.0,13.86842872412788,0.0,0.0,1.1769507336507627,1.0117695073365076,1.0117695073365076,4594.196428571428,,,on_track,False,False,0.0
226,3,58,2025-09-16,2025-11-11,56,56,0,False,1413222,1413222.0,1419080,0.0,5858.0,7902,15804.0,11.182956393263055,0.0,0.0,0.4145137848122942,1.004145137848123,1.004145137848123,25236.10714285714,,,on_track,False,False,0.0
227,3,44,2025-09-16,2025-11-11,56,56,0,False,1526730,1526730.0,1532607,0.0,5877.0,15299,30598.0,20.041526661557707,0.0,0.0,0.3849403627360437,1.0038494036273604,1.0038494036273604,27263.035714285714,,,on_track,False,False,0.0
228,3,118,2025-09-16,2025-11-11,56,56,0,False,229203,229203.0,230510,0.0,1307.0,1375,2750.0,11.998097756137572,0.0,0.0,0.5702368642644294,1.0057023686426443,1.0057023686426443,4092.910714285714,,,on_track,False,False,0.0
229,3,67,2025-09-16,2025-11-11,56,56,0,False,1021920,1021920.0,1033735,0.0,11815.0,6658,13316.0,13.030374197588852,0.0,0.0,1.156157037732895,1.0115615703773289,1.0115615703773289,18248.571428571428,,,on_track,False,False,0.0
230,3,109,2025-09-16,2025-11-11,56,56,0,False,605898,605898.0,606049,0.0,151.0,2508,5016.0,8.278621154055633,0.0,0.0,0.02492168648848486,1.0002492168648849,1.0002492168648849,10819.607142857143,,,on_track,False,False,0.0
231,3,76,2025-09-16,2025-11-11,56,56,0,False,879577,879577.0,799455,80122.0,0.0,5281,10562.0,12.008044776068497,962.1085635481602,0.0,-9.10915133069646,0.9089084866930354,0.4904845273249631,15706.732142857143,,,completed_shortfall,True,False,0.0
232,3,15,2025-09-16,2025-11-11,56,56,0,False,291997,291997.0,297077,0.0,5080.0,1728,3456.0,11.835738038404504,0.0,0.0,1.73974390147844,1.0173974390147844,1.0173974390147844,5214.232142857143,,,on_track,False,False,0.0
233,3,106,2025-09-16,2025-11-11,56,56,0,False,359856,359856.0,360804,0.0,948.0,4370,8740.0,24.28749277488773,0.0,0.0,0.26343870881686005,1.0026343870881687,1.0026343870881687,6426.0,,,on_track,False,False,0.0
234,3,101,2025-09-16,2025-11-11,56,56,0,False,990286,990286.0,993947,0.0,3661.0,3062,6124.0,6.184072076147699,0.0,0.0,0.3696911801237218,1.0036969118012373,1.0036969118012373,17683.678571428572,,,on_track,False,False,0.0
235,4,48,2025-04-24,2025-06-05,42,42,0,False,2236026,2236026.0,2237058,0.0,1032.0,17113,25669.5,11.479964902018134,0.0,0.0,0.046153309487456766,1.0004615330948745,1.0004615330948745,53238.71428571428,,,on_track,False,False,0.0
236,4,28,2025-04-24,2025-06-05,42,42,0,False,629606,629606.0,634350,0.0,4744.0,5611,8416.5,13.367884041765803,0.0,0.0,0.7534871014571017,1.007534871014571,1.007534871014571,14990.619047619048,,,on_track,False,False,0.0
237,4,57,2025-04-24,2025-06-05,42,42,0,False,1351082,1351082.0,1365800,0.0,14718.0,15492,23238.0,17.199548213950006,0.0,0.0,1.0893491290684059,1.010893491290684,1.010893491290684,32168.619047619046,,,on_track,False,False,0.0
238,4,118,2025-04-24,2025-06-05,42,42,0,False,171902,171902.0,172891,0.0,989.0,1151,1726.5,10.043513164477435,0.0,0.0,0.5753278030505753,1.0057532780305058,1.0057532780305058,4092.904761904762,,,on_track,False,False,0.0
239,4,31,2025-04-24,2025-06-05,42,42,0,False,2308461,2308461.0,2280068,28393.0,0.0,15813,23719.5,10.275027388376932,291.73885263818624,0.0,-1.229953635777256,0.9877004636422274,0.9877004636422274,54963.357142857145,,,on_track,False,False,11.8
240,4,110,2025-04-24,2025-06-05,42,42,0,False,247312,247312.0,248407,0.0,1095.0,630,945.0,3.8210842983761406,0.0,0.0,0.4427605615578702,1.0044276056155788,1.0044276056155788,5888.380952380952,,,on_track,False,False,0.0
241,4,47,2025-04-24,2025-06-05,42,42,0,False,374068,374068.0,372238,1830.0,0.0,2563,3844.5,10.277543120502155,18.807903910518945,0.0,-0.48921586449522547,0.9951078413550477,0.9951078413550477,8906.380952380952,,,on_track,False,False,0.0
242,4,13,2025-04-24,2025-06-05,42,42,0,False,168260,168260.0,168270,0.0,10.0,2159,3238.5,19.2469986924997,0.0,0.0,0.005943183168905266,1.000059431831689,1.000059431831689,4006.190476190476,,,on_track,False,False,0.0
243,4,88,2025-04-24,2025-06-05,42,42,0,False,635851,635851.0,637608,0.0,1757.0,7226,10839.0,17.046446415905613,0.0,0.0,0.27632259758968686,1.002763225975897,1.002763225975897,15139.309523809523,,,on_track,False,False,0.0
244,4,120,2025-04-24,2025-06-05,42,42,0,False,934355,934355.0,933427,928.0,0.0,7867,11800.5,12.62956799075298,11.720239095418766,0.0,-0.09931985166237672,0.9990068014833763,0.9990068014833763,22246.54761904762,,,on_track,False,False,5.1
245,4,70,2025-04-24,2025-06-05,42,42,0,False,1793514,1793514.0,1794635,0.0,1121.0,17956,26934.0,15.017446197799403,0.0,0.0,0.06250299690997672,1.0006250299690997,1.0006250299690997,42702.71428571428,,,on_track,False,False,8.4
246,4,83,2025-04-24,2025-06-05,42,42,0,False,225048,225048.0,228901,0.0,3853.0,1839,2758.5,12.257385091180549,0.0,0.0,1.71207920088159,1.0171207920088159,1.0171207920088159,5358.285714285715,,,on_track,False,False,0.0
247,4,46,2025-04-24,2025-06-05,42,42,0,False,682562,682562.0,520151,162411.0,0.0,8342,12513.0,18.33240057313475,2977.3835094833876,0.0,-23.794321981006853,0.7620567801899315,0.7620567801899315,16251.47619047619,,,completed_shortfall,True,False,0.0
248,4,8,2025-04-24,2025-06-05,42,42,0,False,133333,133333.0,119203,14130.0,0.0,1815,2722.5,20.418801047002617,288.51765879414694,0.0,-10.597526493816234,0.8940247350618377,0.7305053556751538,3174.595238095238,,,completed_shortfall,True,False,0.0
249,4,51,2025-04-24,2025-06-05,42,42,0,False,819572,819572.0,831403,0.0,11831.0,4415,6622.5,8.080437106196893,0.0,0.0,1.4435583450874359,1.0144355834508743,1.0144355834508743,19513.619047619046,,,on_track,False,False,0.0
250,4,36,2025-04-24,2025-06-05,42,42,0,False,182755,182755.0,182896,0.0,141.0,1323,1984.5,10.858800032830839,0.0,0.0,0.07715247188859402,1.000771524718886,1.000771524718886,4351.309523809524,,,on_track,False,False,0.0
251,4,25,2025-04-24,2025-06-05,42,42,0,False,2393959,2393959.0,2139899,254060.0,0.0,16272,24408.0,10.195663334250922,2590.310226699789,0.0,-10.612545995984059,0.8938745400401594,0.6432025360501161,56999.02380952381,,,completed_shortfall,True,False,7.7
252,4,16,2025-04-24,2025-06-05,42,42,0,False,1182744,1182744.0,1187946,0.0,5202.0,6667,10000.5,8.455337756944866,0.0,0.0,0.4398246788823279,1.0043982467888233,1.0043982467888233,28160.571428571428,,,on_track,False,False,0.0
253,4,59,2025-04-24,2025-06-05,42,42,0,False,508032,508032.0,509881,0.0,1849.0,6669,10003.5,19.690688775510203,0.0,0.0,0.3639534517510708,1.0036395345175106,1.0036395345175106,12096.0,,,on_track,False,False,0.0
254,4,12,2025-04-24,2025-06-05,42,42,0,False,1164134,1164134.0,949239,214895.0,0.0,4623,6934.5,5.956788479676739,1280.0840603401327,0.0,-18.459644680079784,0.8154035531992021,0.7538091620036869,27717.47619047619,,,completed_shortfall,True,False,0.0
255,4,85,2025-04-24,2025-06-05,42,42,0,False,379738,379738.0,355101,24637.0,0.0,1797,2695.5,7.098315154132586,174.88119045236454,0.0,-6.487894285007031,0.9351210571499297,0.9351210571499297,9041.380952380952,,,completed_shortfall,True,False,0.0
256,4,119,2025-04-24,2025-06-05,42,42,0,False,638885,638885.0,640817,0.0,1932.0,3730,5595.0,8.757444610532412,0.0,0.0,0.3024018407068565,1.0030240184070687,1.0030240184070687,15211.547619047618,,,on_track,False,False,0.0
257,4,109,2025-04-24,2025-06-05,42,42,0,False,454424,454424.0,457146,0.0,2722.0,2360,3540.0,7.790081509779413,0.0,0.0,0.599000052814112,1.005990000528141,1.005990000528141,10819.619047619048,,,on_track,False,False,0.0
258,4,82,2025-04-24,2025-06-05,42,42,0,False,375328,375328.0,377486,0.0,2158.0,1752,2628.0,7.0018756927274275,0.0,0.0,0.5749637650268565,1.0057496376502686,1.0057496376502686,8936.380952380952,,,on_track,False,False,0.0
259,4,77,2025-04-24,2025-06-05,42,42,0,False,857286,857286.0,734206,123080.0,0.0,8640,12960.0,15.117475381611271,1860.6588699687154,0.0,-14.356935725067247,0.8564306427493276,0.8564306427493276,20411.571428571428,,,completed_shortfall,True,False,0.0
260,4,3,2025-04-24,2025-06-05,42,42,0,False,2040937,2040937.0,2063976,0.0,23039.0,13418,20127.0,9.861646880819938,0.0,0.0,1.1288442514394124,1.0112884425143942,1.0112884425143942,48593.73809523809,,,on_track,False,False,0.0
261,4,7,2025-04-24,2025-06-05,42,42,0,False,1404567,1404567.0,1398837,5730.0,0.0,13293,19939.5,14.196190000192232,81.34416870110148,0.0,-0.40795490709948334,0.9959204509290052,0.9959204509290052,33442.07142857143,,,on_track,False,False,8.8
262,4,43,2025-04-24,2025-06-05,42,42,0,False,839260,839260.0,838853,407.0,0.0,18920,28380.0,33.81550413459476,13.762910182780068,0.0,-0.04849510282868241,0.9995150489717132,0.9995150489717132,19982.380952380954,,,on_track,False,False,4.2
263,4,32,2025-04-24,2025-06-05,42,42,0,False,1176993,1176993.0,1176282,711.0,0.0,6575,9862.5,8.379404125598029,5.957756333300199,0.0,-0.06040817574955841,0.9993959182425044,0.9993959182425044,28023.64285714286,,,on_track,False,False,0.0
264,4,17,2025-04-24,2025-06-05,42,42,0,False,517963,517963.0,514821,3142.0,0.0,7063,10594.5,20.45416371439659,64.26698239063408,0.0,-0.6066070356376807,0.9939339296436231,0.9939339296436231,12332.452380952382,,,on_track,False,False,0.0
265,4,73,2025-04-24,2025-06-05,42,42,0,False,380142,380142.0,378858,1284.0,0.0,5485,8227.5,21.643228056884006,27.789904825039063,0.0,-0.3377685180800859,0.9966223148191992,0.9966223148191992,9051.0,,,on_track,False,False,0.0
266,4,27,2025-04-24,2025-06-05,42,42,0,False,300022,300022.0,302666,0.0,2644.0,1552,2328.0,7.759430975061829,0.0,0.0,0.8812687069614895,1.0088126870696148,1.0088126870696148,7143.380952380952,,,on_track,False,False,0.0
267,4,9,2025-04-24,2025-06-05,42,42,0,False,1020244,1020244.0,1032014,0.0,11770.0,5447,8170.5,8.008378387915048,0.0,0.0,1.1536455985038874,1.0115364559850388,1.0115364559850388,24291.52380952381,,,on_track,False,False,0.0
268,4,71,2025-04-24,2025-06-05,42,42,0,False,121979,121979.0,122724,0.0,745.0,1875,2812.5,23.05724755900606,0.0,0.0,0.610760868674116,1.006107608686741,1.006107608686741,2904.2619047619046,,,on_track,False,False,0.0
269,4,89,2025-04-24,2025-06-05,42,42,0,False,360813,360813.0,362920,0.0,2107.0,1878,2817.0,7.807368359787479,0.0,0.0,0.5839590036944345,1.0058395900369443,1.0058395900369443,8590.785714285714,,,on_track,False,False,0.0
270,4,76,2025-04-24,2025-06-05,42,42,0,False,659683,659683.0,668702,0.0,9019.0,5078,7617.0,11.546454888181142,0.0,0.0,1.367171808277612,1.0136717180827761,1.0136717180827761,15706.738095238095,,,on_track,False,False,0.0
271,4,99,2025-04-24,2025-06-05,42,42,0,False,701666,701666.0,615813,85853.0,0.0,2169,3253.5,4.63682150766889,398.0850368978973,0.0,-12.23559357301052,0.8776440642698948,0.8776440642698948,16706.333333333332,,,completed_shortfall,True,False,0.0
272,4,30,2025-04-24,2025-06-05,42,42,0,False,131475,131475.0,123779,7696.0,0.0,1735,2602.5,19.79463776383343,152.33953223046205,0.0,-5.853584331621981,0.9414641566837801,0.5619167142042213,3130.3571428571427,,,completed_shortfall,True,False,0.0
273,4,93,2025-04-24,2025-06-05,42,42,0,False,191951,191951.0,194368,0.0,2417.0,985,1477.5,7.6972769092112046,0.0,0.0,1.2591755187521816,1.0125917551875219,1.0125917551875219,4570.261904761905,,,on_track,False,False,0.0
274,4,19,2025-04-24,2025-06-05,42,42,0,False,309818,309818.0,218340,91478.0,0.0,2056,3084.0,9.954231193797648,910.5931611462212,0.0,-29.526367092938433,0.7047363290706157,0.6744603198278378,7376.619047619048,,,completed_shortfall,True,False,0.0
275,4,96,2025-04-24,2025-06-05,42,42,0,False,120680,120680.0,121680,0.0,1000.0,1354,2031.0,16.829632084852506,0.0,0.0,0.8286377195889957,1.0082863771958899,1.0082863771958899,2873.3333333333335,,,on_track,False,False,0.0
276,4,1,2025-04-24,2025-06-05,42,42,0,False,192956,192956.0,192956,0.0,0.0,1630,2445.0,12.671282572192624,0.0,0.0,0.0,1.0,1.0,4594.190476190476,,,on_track,False,False,0.0
277,4,105,2025-04-24,2025-06-05,42,42,0,False,214628,214628.0,216210,0.0,1582.0,975,1462.5,6.814115586037237,0.0,0.0,0.7370892893751049,1.007370892893751,1.007370892893751,5110.190476190476,,,on_track,False,False,0.0
278,4,81,2025-04-24,2025-06-05,42,42,0,False,235468,235468.0,237231,0.0,1763.0,1555,2332.5,9.90580461039292,0.0,0.0,0.7487216946676406,1.0074872169466764,1.0074872169466764,5606.380952380952,,,on_track,False,False,0.0
279,4,91,2025-04-24,2025-06-05,42,42,0,False,165790,165790.0,166356,0.0,566.0,915,1372.5,8.278545147475723,0.0,0.0,0.3413957416008203,1.0034139574160081,1.0034139574160081,3947.3809523809523,,,on_track,False,False,0.0
280,4,115,2025-04-24,2025-06-05,42,42,0,False,282345,282345.0,284491,0.0,2146.0,3203,4804.5,17.01641608670244,0.0,0.0,0.7600630434397634,1.0076006304343976,1.0076006304343976,6722.5,,,on_track,False,False,0.0
281,4,33,2025-04-24,2025-06-05,42,42,0,False,2073234,2073234.0,2082970,0.0,9736.0,14265,21397.5,10.320832091312413,0.0,0.0,0.4696044923052584,1.0046960449230526,1.0046960449230526,49362.71428571428,,,on_track,False,False,0.0
282,4,23,2025-04-24,2025-06-05,42,42,0,False,221974,221974.0,175728,46246.0,0.0,1591,2386.5,10.751259156477786,497.20273095047173,0.0,-20.833971546217125,0.7916602845378288,0.7916602845378288,5285.0952380952385,,,completed_shortfall,True,False,0.0
283,4,15,2025-04-24,2025-06-05,42,42,0,False,218998,218998.0,219484,0.0,486.0,1343,2014.5,9.19871414350816,0.0,0.0,0.22191983488433686,1.0022191983488433,1.0022191983488433,5214.238095238095,,,on_track,False,False,0.0
284,4,4,2025-04-24,2025-06-05,42,42,0,False,837776,837776.0,772941,64835.0,0.0,6924,10386.0,12.397108534978324,803.7665318653196,0.0,-7.738942151601383,0.9226105784839862,0.7678128759954929,19947.04761904762,,,completed_shortfall,True,False,0.0
285,4,100,2025-04-24,2025-06-05,42,42,0,False,500058,500058.0,498506,1552.0,0.0,1369,2053.5,4.106523643257383,6.373324694335458,0.0,-0.31036399777625795,0.9968963600222375,0.9968963600222375,11906.142857142857,,,on_track,False,False,0.0
286,4,2,2025-04-24,2025-06-05,42,42,0,False,136684,136684.0,126200,10484.0,0.0,2186,3279.0,23.98964033829856,251.5073893067221,0.0,-7.670246700418483,0.9232975329958152,0.6944485089695941,3254.3809523809523,,,completed_shortfall,True,False,0.0
287,4,108,2025-04-24,2025-06-05,42,42,0,False,404679,404679.0,407410,0.0,2731.0,3551,5326.5,13.16228418079515,0.0,0.0,0.6748558734206618,1.0067485587342067,1.0067485587342067,9635.214285714286,,,on_track,False,False,0.0
288,4,116,2025-04-24,2025-06-05,42,42,0,False,140315,140315.0,130533,9782.0,0.0,1271,1906.5,13.587285749919824,132.91082920571571,0.0,-6.971457078715747,0.9302854292128425,0.5827459644371592,3340.8333333333335,,,completed_shortfall,True,False,0.0
289,4,42,2025-04-24,2025-06-05,42,42,0,False,1365678,1365678.0,1080304,285374.0,0.0,14982,22473.0,16.45556273147843,4695.989758932926,0.0,-20.896140964414744,0.7910385903558526,0.5940657647370357,32516.14285714286,,,completed_shortfall,True,False,11.9
290,4,95,2025-04-24,2025-06-05,42,42,0,False,99905,99905.0,101679,0.0,1774.0,1367,2050.5,20.52449827335969,0.0,0.0,1.7756869025574293,1.0177568690255743,1.0177568690255743,2378.690476190476,,,on_track,False,False,0.0
291,4,90,2025-04-24,2025-06-05,42,42,0,False,380900,380900.0,383993,0.0,3093.0,2213,3319.5,8.71488579679706,0.0,0.0,0.8120241533210816,1.008120241533211,1.008120241533211,9069.047619047618,,,on_track,False,False,0.0
292,4,75,2025-04-24,2025-06-05,42,42,0,False,1580624,1580624.0,1264045,316579.0,0.0,10000,15000.0,9.489922967131967,3004.3103230116712,0.0,-20.028735486744477,0.7997126451325552,0.6730224168527015,37633.90476190476,,,completed_shortfall,True,False,9.8
293,4,87,2025-04-24,2025-06-05,42,42,0,False,1326205,1326205.0,1213503,112702.0,0.0,12868,19302.0,14.554310985104113,1640.2999566432038,0.0,-8.498082875573534,0.9150191712442647,0.707660522375442,31576.309523809523,,,completed_shortfall,True,False,4.9
294,4,112,2025-04-24,2025-06-05,42,42,0,False,1160631,1160631.0,1166970,0.0,6339.0,8749,13123.5,11.307211335902625,0.0,0.0,0.5461684204540461,1.0054616842045405,1.0054616842045405,27634.071428571428,,,on_track,False,False,0.0
295,4,111,2025-04-24,2025-06-05,42,42,0,False,377125,377125.0,378548,0.0,1423.0,1439,2158.5,5.723566456745111,0.0,0.0,0.3773284719920451,1.0037732847199206,1.0037732847199206,8979.166666666666,,,on_track,False,False,0.0
296,4,86,2025-04-24,2025-06-05,42,42,0,False,929658,929658.0,939435,0.0,9777.0,14016,21024.0,22.614768011462278,0.0,0.0,1.0516770683412608,1.0105167706834126,1.0105167706834126,22134.714285714286,,,on_track,False,False,0.0
297,4,34,2025-04-24,2025-06-05,42,42,0,False,1032910,1032910.0,935540,97370.0,0.0,5032,7548.0,7.307509850809848,711.5322341733549,0.0,-9.426765158629504,0.905732348413705,0.6690527062079279,24593.095238095237,,,completed_shortfall,True,False,0.0
298,4,107,2025-04-24,2025-06-05,42,42,0,False,474621,474621.0,428911,45710.0,0.0,3038,4557.0,9.601345073226849,438.87748329719926,0.0,-9.630842293113874,0.9036915770688613,0.6273394982522897,11300.5,,,completed_shortfall,True,False,0.0
299,4,60,2025-04-24,2025-06-05,42,42,0,False,667638,667638.0,668875,0.0,1237.0,7106,10659.0,15.965238647290898,0.0,0.0,0.18528004697156245,1.0018528004697156,1.0018528004697156,15896.142857142857,,,on_track,False,False,0.0
300,4,5,2025-04-24,2025-06-05,42,42,0,False,1127468,1127468.0,1134985,0.0,7517.0,13975,20962.5,18.592545420357826,0.0,0.0,0.6667151528912573,1.0066671515289125,1.0066671515289125,26844.47619047619,,,on_track,False,False,0.0
301,4,67,2025-04-24,2025-06-05,42,42,0,False,766440,766440.0,767054,0.0,614.0,5866,8799.0,11.480350712384531,0.0,0.0,0.08011064140702469,1.0008011064140703,1.0008011064140703,18248.571428571428,,,on_track,False,False,0.0
302,4,29,2025-04-24,2025-06-05,42,42,0,False,1198920,1198920.0,1206474,0.0,7554.0,6315,9472.5,7.900860774697227,0.0,0.0,0.6300670603543189,1.0063006706035431,1.0063006706035431,28545.714285714286,,,on_track,False,False,0.0
303,4,50,2025-04-24,2025-06-05,42,42,0,False,108885,108885.0,109922,0.0,1037.0,1352,2028.0,18.625154980024796,0.0,0.0,0.9523809523809524,1.0095238095238095,1.0095238095238095,2592.5,,,on_track,False,False,0.0
304,4,24,2025-04-24,2025-06-05,42,42,0,False,931497,931497.0,933640,0.0,2143.0,4931,7396.5,7.940444252638494,0.0,0.0,0.23005978548508477,1.002300597854851,1.002300597854851,22178.5,,,on_track,False,False,0.0
305,4,74,2025-04-24,2025-06-05,42,42,0,False,1633464,1633464.0,1319073,314391.0,0.0,15841,23761.5,14.546693407384552,4573.349487041037,0.0,-19.246888820322948,0.8075311117967705,0.8075311117967705,38892.0,,,completed_shortfall,True,False,15.8
306,4,38,2025-04-24,2025-06-05,42,42,0,False,461832,461832.0,463324,0.0,1492.0,5152,7728.0,16.73335758457621,0.0,0.0,0.32306119974362973,1.0032306119974364,1.0032306119974364,10996.0,,,on_track,False,False,0.0
307,4,94,2025-04-24,2025-06-05,42,42,0,False,212247,212247.0,214921,0.0,2674.0,1571,2356.5,11.102630425871745,0.0,0.0,1.259852907226015,1.0125985290722601,1.0125985290722601,5053.5,,,on_track,False,False,0.0
308,4,53,2025-04-24,2025-06-05,42,42,0,False,185131,185131.0,186834,0.0,1703.0,2145,3217.5,17.379585266649023,0.0,0.0,0.9198891595680896,1.0091988915956809,1.0091988915956809,4407.880952380952,,,on_track,False,False,0.0
309,4,52,2025-04-24,2025-06-05,42,42,0,False,109756,109756.0,89942,19814.0,0.0,1769,2653.5,24.176354823426507,479.03029447137277,0.0,-18.052771602463647,0.8194722839753635,0.8194722839753635,2613.2380952380954,,,completed_shortfall,True,False,0.0
310,4,72,2025-04-24,2025-06-05,42,42,0,False,286785,286785.0,236345,50440.0,0.0,1607,2410.5,8.405251320675768,423.96087661488576,0.0,-17.58808863782973,0.8241191136217026,0.6768654900542824,6828.214285714285,,,completed_shortfall,True,False,0.0
311,4,40,2025-04-24,2025-06-05,42,42,0,False,267031,267031.0,270038,0.0,3007.0,2216,3324.0,12.447992929659852,0.0,0.0,1.1260864843407694,1.0112608648434076,1.0112608648434076,6357.880952380952,,,on_track,False,False,0.0
312,4,65,2025-04-24,2025-06-05,42,42,0,False,983518,983518.0,977140,6378.0,0.0,4938,7407.0,7.531128052562333,48.03353471924256,0.0,-0.6484883855709809,0.9935151161442902,0.9935151161442902,23417.095238095237,,,on_track,False,False,0.0
313,5,35,2025-05-29,2025-07-24,56,56,0,False,260416,260416.0,253419,6997.0,0.0,1490,2980.0,11.443229294666995,80.06827537478496,0.0,-2.686854878348489,0.9731314512165151,0.9731314512165151,4650.285714285715,,,on_track,False,False,0.0
314,5,4,2025-05-29,2025-07-24,56,56,0,False,1117035,1117035.0,1134507,0.0,17472.0,6306,12612.0,11.290604144006231,0.0,0.0,1.5641407834132326,1.0156414078341323,1.0156414078341323,19947.053571428572,,,on_track,False,False,0.0
315,5,24,2025-05-29,2025-07-24,56,56,0,False,1241997,1241997.0,1248391,0.0,6394.0,5574,11148.0,8.975867091466403,0.0,0.0,0.514816058331864,1.0051481605833186,1.0051481605833186,22178.51785714286,,,on_track,False,False,0.0
316,5,120,2025-05-29,2025-07-24,56,56,0,False,1245807,1245807.0,1198561,47246.0,0.0,10740,21480.0,17.241836014727802,814.6077843518298,0.0,-3.792401230688221,0.9620759876931178,0.9620759876931178,22246.553571428572,,,on_track,False,False,4.5
317,5,90,2025-05-29,2025-07-24,56,56,0,False,507867,507867.0,510467,0.0,2600.0,2126,4252.0,8.372270692917635,0.0,0.0,0.5119450564813228,1.0051194505648133,1.0051194505648133,9069.05357142857,,,on_track,False,False,0.0
318,5,98,2025-05-29,2025-07-24,56,56,0,False,259039,259039.0,259884,0.0,845.0,708,1416.0,5.466358347584727,0.0,0.0,0.32620570647663094,1.0032620570647663,1.0032620570647663,4625.696428571428,,,on_track,False,False,0.0
319,5,40,2025-05-29,2025-07-24,56,56,0,False,356042,356042.0,357750,0.0,1708.0,2441,4882.0,13.711865454075644,0.0,0.0,0.4797186848742564,1.0047971868487426,1.0047971868487426,6357.892857142857,,,on_track,False,False,0.0
320,5,44,2025-05-29,2025-07-24,56,56,0,False,1526730,1526730.0,1469476,57254.0,0.0,11918,23836.0,15.612452758510017,893.8753702357325,0.0,-3.7501064366325414,0.9624989356336746,0.9624989356336746,27263.035714285714,,,on_track,False,False,13.3
321,5,45,2025-05-29,2025-07-24,56,56,0,False,1520843,1520843.0,1272022,248821.0,0.0,11647,23294.0,15.316505385500015,3811.0681865254996,0.0,-16.3607288852301,0.836392711147699,0.7249107198700944,27157.910714285714,,,completed_shortfall,True,False,19.9
322,5,1,2025-05-29,2025-07-24,56,56,0,False,257275,257275.0,259133,0.0,1858.0,1940,3880.0,15.081138859197356,0.0,0.0,0.7221844329997085,1.0072218443299972,1.0072218443299972,4594.196428571428,,,on_track,False,False,0.0
323,5,118,2025-05-29,2025-07-24,56,56,0,False,229203,229203.0,228254,949.0,0.0,1447,2894.0,12.626361784095321,11.98241733310646,0.0,-0.4140434462027111,0.9958595655379728,0.9958595655379728,4092.910714285714,,,on_track,False,False,0.0
324,5,19,2025-05-29,2025-07-24,56,56,0,False,413091,413091.0,420160,0.0,7069.0,1782,3564.0,8.627638946382275,0.0,0.0,1.7112452219970904,1.0171124522199708,1.0171124522199708,7376.625,,,on_track,False,False,0.0
325,5,73,2025-05-29,2025-07-24,56,56,0,False,506856,506856.0,510237,0.0,3381.0,5826,11652.0,22.988777877740425,0.0,0.0,0.6670533642691415,1.0066705336426913,1.0066705336426913,9051.0,,,on_track,False,False,0.0
326,5,85,2025-05-29,2025-07-24,56,56,0,False,506318,506318.0,509292,0.0,2974.0,1879,3758.0,7.422212917573541,0.0,0.0,0.5873778929447502,1.0058737789294474,1.0058737789294474,9041.392857142857,,,on_track,False,False,0.0
327,5,52,2025-05-29,2025-07-24,56,56,0,False,146341,146341.0,136006,10335.0,0.0,1591,3182.0,21.74373552182915,224.72150661810429,0.0,-7.062272363862486,0.9293772763613751,0.9293772763613751,2613.2321428571427,,,completed_shortfall,True,False,0.0
328,5,9,2025-05-29,2025-07-24,56,56,0,False,1360326,1360326.0,1375413,0.0,15087.0,4737,9474.0,6.96450703728371,0.0,0.0,1.109072384119689,1.0110907238411968,1.0110907238411968,24291.535714285714,,,on_track,False,False,0.0
329,5,109,2025-05-29,2025-07-24,56,56,0,False,605898,605898.0,607669,0.0,1771.0,1880,3760.0,6.205664979914111,0.0,0.0,0.29229342232520983,1.0029229342232522,1.0029229342232522,10819.607142857143,,,on_track,False,False,0.0
330,5,95,2025-05-29,2025-07-24,56,56,0,False,133207,133207.0,135316,0.0,2109.0,1308,2616.0,19.638607580682695,0.0,0.0,1.583250129497699,1.015832501294977,1.015832501294977,2378.6964285714284,,,on_track,False,False,0.0
331,5,82,2025-05-29,2025-07-24,56,56,0,False,500438,500438.0,504991,0.0,4553.0,2034,4068.0,8.12887910190673,0.0,0.0,0.9098030125609965,1.00909803012561,1.00909803012561,8936.392857142857,,,on_track,False,False,0.0
332,5,119,2025-05-29,2025-07-24,56,56,0,False,851847,851847.0,848938,2909.0,0.0,4284,8568.0,10.058144244212869,29.259141606415238,0.0,-0.34149324937459424,0.9965850675062541,0.9965850675062541,15211.55357142857,,,on_track,False,False,0.0
333,5,12,2025-05-29,2025-07-24,56,56,0,False,1552178,1552178.0,1560351,0.0,8173.0,5546,11092.0,7.146087626547986,0.0,0.0,0.5265504342929741,1.0052655043429297,1.0052655043429297,27717.464285714286,,,on_track,False,False,0.0
334,5,96,2025-05-29,2025-07-24,56,56,0,False,160907,160907.0,160576,331.0,0.0,1477,2954.0,18.358430646273934,6.076640543916672,0.0,-0.2057088877426091,0.9979429111225739,0.9979429111225739,2873.339285714286,,,on_track,False,False,0.0
335,5,68,2025-05-29,2025-07-24,56,56,0,False,358108,358108.0,361303,0.0,3195.0,1687,3374.0,9.421738693355078,0.0,0.0,0.8921889485853429,1.0089218894858534,1.0089218894858534,6394.785714285715,,,on_track,False,False,0.0
336,5,28,2025-05-29,2025-07-24,56,56,0,False,839475,839475.0,625107,214368.0,0.0,5481,10962.0,13.058161350844278,2799.251932457786,0.0,-25.53595997498437,0.7446404002501563,0.47092642778279636,14990.625,,,completed_shortfall,True,False,0.0
337,5,49,2025-05-29,2025-07-24,56,56,0,False,1205305,1205305.0,1208443,0.0,3138.0,6792,13584.0,11.270176428372901,0.0,0.0,0.26034904028440936,1.002603490402844,1.002603490402844,21523.303571428572,,,on_track,False,False,0.0
338,5,54,2025-05-29,2025-07-24,56,56,0,False,504151,504151.0,510987,0.0,6836.0,2117,4234.0,8.398277500193394,0.0,0.0,1.35594296153335,1.0135594296153334,1.0135594296153334,9002.69642857143,,,on_track,False,False,0.0
339,5,59,2025-05-29,2025-07-24,56,56,0,False,677376,677376.0,682496,0.0,5120.0,6184,12368.0,18.258692365835223,0.0,0.0,0.7558578987150416,1.0075585789871504,1.0075585789871504,12096.0,,,on_track,False,False,0.0
340,5,113,2025-05-29,2025-07-24,56,56,0,False,134719,134719.0,134438,281.0,0.0,975,1950.0,14.474573000096497,4.067355013027115,0.0,-0.20858230836036493,0.9979141769163964,0.9979141769163964,2405.6964285714284,,,on_track,False,False,0.0
341,5,21,2025-05-29,2025-07-24,56,56,0,False,333276,333276.0,333221,55.0,0.0,1661,3322.0,9.967714446884864,0.5482242945786676,0.0,-0.016502838488219974,0.9998349716151178,0.9998349716151178,5951.357142857143,,,on_track,False,False,0.0
342,5,48,2025-05-29,2025-07-24,56,56,0,False,2981368,2981368.0,2985354,0.0,3986.0,14567,29134.0,9.77202411778754,0.0,0.0,0.13369701425654262,1.0013369701425654,1.0013369701425654,53238.71428571428,,,on_track,False,False,7.6
343,5,114,2025-05-29,2025-07-24,56,56,0,False,649081,649081.0,655110,0.0,6029.0,2043,4086.0,6.295054084158988,0.0,0.0,0.9288517149631557,1.0092885171496315,1.0092885171496315,11590.732142857143,,,on_track,False,False,0.0
344,5,42,2025-05-29,2025-07-24,56,56,0,False,1820904,1820904.0,1813211,7693.0,0.0,10875,21750.0,11.944616520146038,91.88993488948347,0.0,-0.4224824592619929,0.99577517540738,0.99577517540738,32516.14285714286,,,on_track,False,False,17.8
345,5,108,2025-05-29,2025-07-24,56,56,0,False,539572,539572.0,543341,0.0,3769.0,3705,7410.0,13.733106981088715,0.0,0.0,0.6985166020475487,1.0069851660204754,1.0069851660204754,9635.214285714286,,,on_track,False,False,0.0
346,5,77,2025-05-29,2025-07-24,56,56,0,False,1143048,1143048.0,1098862,44186.0,0.0,6444,12888.0,11.275117055451739,498.20232221219055,0.0,-3.8656294398835396,0.9613437056011646,0.6151832643948462,20411.571428571428,,,on_track,False,False,0.0
347,5,11,2025-05-29,2025-07-24,56,56,0,False,1450243,1450243.0,1458122,0.0,7879.0,6779,13558.0,9.348778101325088,0.0,0.0,0.543288262725626,1.0054328826272563,1.0054328826272563,25897.196428571428,,,on_track,False,False,0.0
348,5,7,2025-05-29,2025-07-24,56,56,0,False,1872756,1872756.0,1857335,15421.0,0.0,14611,29222.0,15.603741224163747,240.62529341782914,0.0,-0.8234388249189964,0.99176561175081,0.99176561175081,33442.07142857143,,,on_track,False,False,19.0
349,5,20,2025-05-29,2025-07-24,56,56,0,False,1437542,1437542.0,1326486,111056.0,0.0,5073,10146.0,7.057880743658272,783.820003867713,0.0,-7.72540906630902,0.9227459093369098,0.7129760382653167,25670.39285714286,,,completed_shortfall,True,False,0.0
350,5,92,2025-05-29,2025-07-24,56,56,0,False,328668,328668.0,331423,0.0,2755.0,2752,5504.0,16.74638236761717,0.0,0.0,0.8382318935825818,1.0083823189358259,1.0083823189358259,5869.071428571428,,,on_track,False,False,0.0
351,5,80,2025-05-29,2025-07-24,56,56,0,False,954253,954253.0,951051,3202.0,0.0,5875,11750.0,12.31329636899229,39.42717497351331,0.0,-0.33555042530649626,0.996644495746935,0.996644495746935,17040.23214285714,,,on_track,False,False,0.0
352,5,107,2025-05-29,2025-07-24,56,56,0,False,632829,632829.0,630702,2127.0,0.0,3466,6932.0,10.953985989896164,23.29912820050914,0.0,-0.3361097547678757,0.9966389024523212,0.9966389024523212,11300.517857142857,,,on_track,False,False,0.0
353,5,86,2025-05-29,2025-07-24,56,56,0,False,1239544,1239544.0,1237129,2415.0,0.0,12423,24846.0,20.04446796563898,48.40739013701813,0.0,-0.19482971157135204,0.9980517028842865,0.9980517028842865,22134.714285714286,,,on_track,False,False,6.9
354,5,117,2025-05-29,2025-07-24,56,56,0,False,591198,591198.0,487217,103981.0,0.0,8955,17910.0,30.29441912861681,3150.0439954127046,0.0,-17.588185345687908,0.8241181465431209,0.5467536026232097,10557.107142857143,,,completed_shortfall,True,False,37.1
355,5,57,2025-05-29,2025-07-24,56,56,0,False,1801443,1801443.0,1799776,1667.0,0.0,12674,25348.0,14.070942017038563,23.456260342403287,0.0,-0.09253692734102606,0.9990746307265898,0.9990746307265898,32168.625,,,on_track,False,False,2.2
356,5,55,2025-05-29,2025-07-24,56,56,0,False,484747,484747.0,487032,0.0,2285.0,7696,15392.0,31.752646225763133,0.0,0.0,0.47137991570860677,1.004713799157086,1.004713799157086,8656.19642857143,,,on_track,False,False,0.0
357,5,63,2025-05-29,2025-07-24,56,56,0,False,258620,258620.0,260591,0.0,1971.0,1567,3134.0,12.11816564844173,0.0,0.0,0.7621220323254195,1.0076212203232542,1.0076212203232542,4618.214285714285,,,on_track,False,False,0.0
358,5,78,2025-05-29,2025-07-24,56,56,0,False,538796,538796.0,543843,0.0,5047.0,7694,15388.0,28.559974461577294,0.0,0.0,0.9367181642031492,1.0093671816420315,1.0093671816420315,9621.357142857143,,,on_track,False,False,0.0
359,5,103,2025-05-29,2025-07-24,56,56,0,False,241886,241886.0,243116,0.0,1230.0,814,1628.0,6.7304432666628085,0.0,0.0,0.5085040060193645,1.0050850400601936,1.0050850400601936,4319.392857142857,,,on_track,False,False,0.0
360,5,79,2025-05-29,2025-07-24,56,56,0,False,1031798,1031798.0,1039039,0.0,7241.0,7962,15924.0,15.433253408128335,0.0,0.0,0.7017846516469308,1.0070178465164694,1.0070178465164694,18424.964285714286,,,on_track,False,False,0.0
361,5,97,2025-05-29,2025-07-24,56,56,0,False,225909,225909.0,225023,886.0,0.0,861,1722.0,7.622538278687436,6.753568914917069,0.0,-0.3921933167779947,0.99607806683222,0.99607806683222,4034.089285714286,,,on_track,False,False,0.0
362,5,66,2025-05-29,2025-07-24,56,56,0,False,174711,174711.0,149727,24984.0,0.0,1477,2954.0,16.907922225847255,422.4275288905678,0.0,-14.300187166234524,0.8569981283376548,0.75996561716879,3119.839285714286,,,completed_shortfall,True,False,0.0
363,5,15,2025-05-29,2025-07-24,56,56,0,False,291997,291997.0,296232,0.0,4235.0,1828,3656.0,12.520676582293653,0.0,0.0,1.4503573666852743,1.0145035736668528,1.0145035736668528,5214.232142857143,,,on_track,False,False,0.0
364,5,112,2025-05-29,2025-07-24,56,56,0,False,1547508,1547508.0,1548224,0.0,716.0,9294,18588.0,12.011569568622587,0.0,0.0,0.04626793528692582,1.0004626793528693,1.0004626793528693,27634.071428571428,,,on_track,False,False,4.9
365,5,56,2025-05-29,2025-07-24,56,56,0,False,430365,430365.0,427121,3244.0,0.0,2034,4068.0,9.452441532187795,30.663720330417206,0.0,-0.7537787691842971,0.992462212308157,0.992462212308157,7685.089285714285,,,on_track,False,False,0.0
366,5,70,2025-05-29,2025-07-24,56,56,0,False,2391352,2391352.0,2364530,26822.0,0.0,16931,33862.0,14.160190553293702,379.8046310204437,0.0,-1.1216249218015582,0.9887837507819844,0.9887837507819844,42702.71428571428,,,on_track,False,False,10.4
367,5,37,2025-05-29,2025-07-24,56,56,0,False,451600,451600.0,450726,874.0,0.0,1991,3982.0,8.817537643932683,7.706527900797165,0.0,-0.19353410097431356,0.9980646589902569,0.9980646589902569,8064.285714285715,,,on_track,False,False,0.0
368,5,76,2025-05-29,2025-07-24,56,56,0,False,879577,879577.0,885148,0.0,5571.0,4873,9746.0,11.080326111301229,0.0,0.0,0.6333726325267715,1.0063337263252676,1.0063337263252676,15706.732142857143,,,on_track,False,False,0.0
369,5,116,2025-05-29,2025-07-24,56,56,0,False,187087,187087.0,189305,0.0,2218.0,1267,2534.0,13.544500686846227,0.0,0.0,1.1855446931106917,1.011855446931107,1.011855446931107,3340.839285714286,,,on_track,False,False,0.0
370,5,3,2025-05-29,2025-07-24,56,56,0,False,2721250,2721250.0,2743480,0.0,22230.0,16870,33740.0,12.398713826366558,0.0,0.0,0.8169039963252183,1.0081690399632521,1.0081690399632521,48593.75,,,on_track,False,False,0.0
371,5,67,2025-05-29,2025-07-24,56,56,0,False,1021920,1021920.0,1027273,0.0,5353.0,4889,9778.0,9.568263660560513,0.0,0.0,0.5238179113824957,1.005238179113825,1.005238179113825,18248.571428571428,,,on_track,False,False,0.0
372,5,26,2025-05-29,2025-07-24,56,56,0,False,431323,431323.0,433072,0.0,1749.0,1734,3468.0,8.04037809251999,0.0,0.0,0.40549657681134554,1.0040549657681135,1.0040549657681135,7702.196428571428,,,on_track,False,False,0.0
373,5,39,2025-05-29,2025-07-24,56,56,0,False,535752,535752.0,542180,0.0,6428.0,1531,3062.0,5.715330974032762,0.0,0.0,1.1998088667891114,1.0119980886678912,1.0119980886678912,9567.0,,,on_track,False,False,0.0
374,5,101,2025-05-29,2025-07-24,56,56,0,False,990286,990286.0,993631,0.0,3345.0,3095,6190.0,6.250719489117285,0.0,0.0,0.3377812066413137,1.0033778120664132,1.0033778120664132,17683.678571428572,,,on_track,False,False,0.0
375,5,111,2025-05-29,2025-07-24,56,56,0,False,502834,502834.0,409733,93101.0,0.0,1563,3126.0,6.216763385133066,578.7868879192736,0.0,-18.515255531646627,0.8148474446835338,0.6873450693235448,8979.17857142857,,,completed_shortfall,True,False,0.0
376,5,14,2025-05-29,2025-07-24,56,56,0,False,1714540,1714540.0,1716377,0.0,1837.0,11621,23242.0,13.555822552987973,0.0,0.0,0.10714244053798687,1.0010714244053798,1.0010714244053798,30616.785714285714,,,on_track,False,False,13.0
377,5,84,2025-05-29,2025-07-24,56,56,0,False,2455380,2455380.0,2480015,0.0,24635.0,15984,31968.0,13.01957334506268,0.0,0.0,1.0033070237600699,1.0100330702376008,1.0100330702376008,43846.07142857143,,,on_track,False,False,1.4
378,5,75,2025-05-29,2025-07-24,56,56,0,False,2107499,2107499.0,2110046,0.0,2547.0,11342,22684.0,10.763468926912896,0.0,0.0,0.12085414987148273,1.0012085414987149,1.0012085414987149,37633.91071428572,,,on_track,False,False,3.0
379,5,50,2025-05-29,2025-07-24,56,56,0,False,145180,145180.0,145211,0.0,31.0,1461,2922.0,20.126739220278274,0.0,0.0,0.021352803416448546,1.0002135280341644,1.0002135280341644,2592.5,,,on_track,False,False,0.0
380,5,105,2025-05-29,2025-07-24,56,56,0,False,286171,286171.0,269446,16725.0,0.0,958,1916.0,6.6952975668394075,111.97885180538908,0.0,-5.844407714268741,0.9415559228573126,0.9415559228573126,5110.196428571428,,,completed_shortfall,True,False,0.0
381,5,99,2025-05-29,2025-07-24,56,56,0,False,935555,935555.0,942949,0.0,7394.0,2683,5366.0,5.735632859639465,0.0,0.0,0.790333010886586,1.0079033301088658,1.0079033301088658,16706.339285714286,,,on_track,False,False,0.0
382,5,17,2025-05-29,2025-07-24,56,56,0,False,690617,690617.0,697470,0.0,6853.0,5033,10066.0,14.57537245680312,0.0,0.0,0.9923010872886129,1.009923010872886,1.009923010872886,12332.44642857143,,,on_track,False,False,0.0
383,5,104,2025-05-29,2025-07-24,56,56,0,False,900839,900839.0,912909,0.0,12070.0,4073,8146.0,9.042681322633678,0.0,0.0,1.3398620619222745,1.0133986206192227,1.0133986206192227,16086.410714285714,,,on_track,False,False,0.0
384,5,83,2025-05-29,2025-07-24,56,56,0,False,300064,300064.0,300713,0.0,649.0,2165,4330.0,14.430254878959156,0.0,0.0,0.21628719206569264,1.002162871920657,1.002162871920657,5358.285714285715,,,on_track,False,False,0.0
385,5,8,2025-05-29,2025-07-24,56,56,0,False,177777,177777.0,178916,0.0,1139.0,2057,4114.0,23.14135124341169,0.0,0.0,0.6406903030200757,1.0064069030302008,1.0064069030302008,3174.589285714286,,,on_track,False,False,0.0
386,5,58,2025-05-29,2025-07-24,56,56,0,False,1413222,1413222.0,1429313,0.0,16091.0,7794,15588.0,11.030114164653536,0.0,0.0,1.1386038428498848,1.011386038428499,1.011386038428499,25236.10714285714,,,on_track,False,False,0.0
387,5,32,2025-05-29,2025-07-24,56,56,0,False,1569324,1569324.0,1497015,72309.0,0.0,6336,12672.0,8.07481437867515,583.8817529076215,0.0,-4.607652721808881,0.9539234727819111,0.5791240899478586,28023.64285714286,,,on_track,False,False,0.0
388,5,72,2025-05-29,2025-07-24,56,56,0,False,382380,382380.0,385162,0.0,2782.0,1605,3210.0,8.394790522516868,0.0,0.0,0.7275485119514619,1.0072754851195147,1.0072754851195147,6828.214285714285,,,on_track,False,False,0.0
389,5,100,2025-05-29,2025-07-24,56,56,0,False,666744,666744.0,675021,0.0,8277.0,1498,2996.0,4.49347875646425,0.0,0.0,1.2414059969043592,1.0124140599690437,1.0124140599690437,11906.142857142857,,,on_track,False,False,0.0
390,5,53,2025-05-29,2025-07-24,56,56,0,False,246842,246842.0,250090,0.0,3248.0,2380,4760.0,19.28359031283169,0.0,0.0,1.31582145664028,1.0131582145664029,1.0131582145664029,4407.892857142857,,,on_track,False,False,0.0
391,6,117,2026-08-27,2026-10-22,56,15,41,True,591198,158356.60714285713,160838,0.0,2481.3928571428696,11272,6038.571428571428,38.13274063850013,0.0,0.0,1.5669651566254814,1.0156696515662549,1.0156696515662549,10557.107142857143,10496.585365853658,0.9942672006464921,on_track,False,False,0.0
392,6,104,2026-08-27,2026-10-22,56,15,41,True,900839,241296.1607142857,242352,0.0,1055.8392857142899,3545,1899.107142857143,7.870440777985856,0.0,0.0,0.4375698654254552,1.0043756986542545,1.0043756986542545,16086.410714285714,16060.658536585366,0.9983991346386875,on_track,False,False,0.0
393,6,74,2026-08-27,2026-10-22,56,15,41,True,2177952,583380.0,585092,0.0,1712.0,13021,6975.535714285715,11.957104656117307,0.0,0.0,0.29346223730672977,1.0029346223730673,1.0029346223730673,38892.0,38850.243902439026,0.9989263576683901,on_track,False,False,0.0
394,6,84,2026-08-27,2026-10-22,56,15,41,True,2455380,657691.0714285715,661735,0.0,4043.9285714285215,14655,7850.892857142857,11.937052513256603,0.0,0.0,0.6148674882638592,1.0061486748826385,1.0061486748826385,43846.07142857143,43747.439024390245,0.9977504847990347,on_track,False,False,0.0
395,6,25,2026-08-27,2026-10-22,56,15,41,True,3191946,854985.5357142857,862791,0.0,7805.464285714319,18397,9855.535714285714,11.527137363852646,0.0,0.0,0.9129352438919744,1.0091293524389198,1.0091293524389198,56999.03571428572,56808.65853658537,0.9966599930101513,on_track,False,False,0.0
396,6,42,2026-08-27,2026-10-22,56,15,41,True,1820904,487742.14285714284,494494,0.0,6751.8571428571595,11797,6319.821428571428,12.957300329946005,0.0,0.0,1.3843087462784087,1.0138430874627842,1.0138430874627842,32516.14285714286,32351.463414634145,0.9949354558062984,on_track,False,False,0.0
397,6,78,2026-08-27,2026-10-22,56,15,41,True,538796,144320.35714285713,146037,0.0,1716.6428571428696,8030,4301.785714285715,29.807199756494114,0.0,0.0,1.1894668854260326,1.0118946688542603,1.0118946688542603,9621.357142857143,9579.487804878048,0.9956482918825876,on_track,False,False,0.0
398,6,61,2026-08-27,2026-10-22,56,15,41,True,412624,110524.28571428571,112257,0.0,1732.7142857142899,1640,878.5714285714286,7.949125596184419,0.0,0.0,1.5677226724572528,1.0156772267245726,1.0156772267245726,7368.285714285715,7326.024390243902,0.9942644292471076,on_track,False,False,0.0
399,6,65,2026-08-27,2026-10-22,56,15,41,True,1311357,351256.33928571426,353538,0.0,2281.6607142857392,5604,3002.1428571428573,8.54687167567642,0.0,0.0,0.6495713981776201,1.0064957139817763,1.0064957139817763,23417.089285714286,23361.439024390245,0.99762351927496,on_track,False,False,0.0
400,6,20,2026-08-27,2026-10-22,56,15,41,True,1437542,385055.89285714284,388536,0.0,3480.1071428571595,4630,2480.3571428571427,6.441550925120795,0.0,0.0,0.9037927239691127,1.0090379272396912,1.0090379272396912,25670.39285714286,25585.51219512195,0.9966934412537715,on_track,False,False,0.0
401,6,8,2026-08-27,2026-10-22,56,15,41,True,177777,47618.83928571428,47691,0.0,72.1607142857174,1794,961.0714285714286,20.182588298823806,0.0,0.0,0.1515381629794696,1.0015153816297946,1.0015153816297946,3174.589285714286,3172.829268292683,0.9994455920866605,on_track,False,False,0.0
402,6,58,2026-08-27,2026-10-22,56,15,41,True,1413222,378541.60714285716,382653,0.0,4111.3928571428405,8712,4667.142857142857,12.329273107834437,0.0,0.0,1.0861138589690746,1.0108611385896908,1.0108611385896908,25236.10714285714,25135.829268292684,0.9960264127110888,on_track,False,False,0.0
403,6,14,2026-08-27,2026-10-22,56,15,41,True,1714540,459251.78571428574,457085,2166.7857142857392,0.0,14333,7678.392857142857,16.719353295927768,36.22725587371248,99.02116605481355,-0.47180779295516145,0.9952819220704484,0.9952819220704484,30616.785714285714,30669.634146341465,1.0017261260717871,on_track,False,False,6.1
404,6,119,2026-08-27,2026-10-22,56,15,41,True,851847,228173.30357142858,229352,0.0,1178.6964285714203,4150,2223.214285714286,9.743533756648787,0.0,0.0,0.5165794639960739,1.0051657946399608,1.0051657946399608,15211.55357142857,15182.80487804878,0.9981100751317218,on_track,False,False,0.0
405,6,44,2026-08-27,2026-10-22,56,15,41,True,1526730,408945.53571428574,411016,0.0,2070.4642857142608,16238,8698.92857142857,21.27160663640591,0.0,0.0,0.5062934070420598,1.0050629340704207,1.0050629340704207,27263.035714285714,27212.536585365855,0.9981477070474072,on_track,False,False,0.0
406,6,92,2026-08-27,2026-10-22,56,15,41,True,328668,88036.07142857143,89543,0.0,1506.9285714285652,2540,1360.7142857142858,15.456326749181544,0.0,0.0,1.7117171938450482,1.0171171719384504,1.0171171719384504,5869.071428571428,5832.317073170731,0.9937376200225181,on_track,False,False,0.0
407,6,11,2026-08-27,2026-10-22,56,15,41,True,1450243,388457.9464285714,390908,0.0,2450.0535714285797,7210,3862.5,9.943161249528528,0.0,0.0,0.6307126920568965,1.006307126920569,1.006307126920569,25897.196428571428,25837.439024390245,0.9976925145412554,on_track,False,False,0.0
408,6,112,2026-08-27,2026-10-22,56,15,41,True,1547508,414511.0714285714,412181,2330.0714285714203,0.0,11001,5893.392857142857,14.217697097527122,33.128249787030754,90.55054941788468,-0.5621252577261832,0.9943787474227381,0.9943787474227381,27634.071428571428,27690.90243902439,1.0020565558209495,on_track,False,False,7.7
409,6,83,2026-08-27,2026-10-22,56,15,41,True,300064,80374.28571428571,64973,15401.28571428571,0.0,1977,1059.107142857143,13.177188866375174,202.94565064214868,994.984353456977,-19.161956560378226,0.8083804343962178,0.6562966567132344,5358.285714285715,5733.926829268293,1.0701047191233348,live_issue,True,False,0.0
410,6,23,2026-08-27,2026-10-22,56,15,41,True,295965,79276.33928571429,79577,0.0,300.6607142857101,1961,1050.5357142857142,13.251566908249284,0.0,0.0,0.37925655623693716,1.0037925655623694,1.0037925655623694,5285.089285714285,5277.756097560976,0.9986124760137673,on_track,False,False,0.0
411,6,6,2026-08-27,2026-10-22,56,15,41,True,627936,168197.14285714287,165695,2502.1428571428696,0.0,4293,2299.8214285714284,13.673367986546397,34.21272004062305,93.51476811103646,-1.4876250658241252,0.9851237493417587,0.9851237493417587,11213.142857142857,11274.170731707318,1.005442530728625,on_track,False,False,0.0
412,6,32,2026-08-27,2026-10-22,56,15,41,True,1569324,420354.64285714284,418111,2243.6428571428405,0.0,5573,2985.535714285714,7.102421169879515,15.935296526220272,43.55647717166917,-0.5337499883176836,0.9946625001168231,0.9946625001168231,28023.64285714286,28078.365853658535,1.0019527438596987,on_track,False,False,0.0
413,6,91,2026-08-27,2026-10-22,56,15,41,True,221054,59210.892857142855,59152,58.892857142855064,0.0,1018,545.3571428571429,9.210419173595593,0.5424279006163785,1.482636261684707,-0.09946287634092074,0.9990053712365908,0.9990053712365908,3947.3928571428573,3948.829268292683,1.000363888571979,on_track,False,False,0.0
414,6,57,2026-08-27,2026-10-22,56,15,41,True,1801443,482529.375,478788,3741.375,0.0,15284,8187.857142857143,16.968619045953716,63.48596708305508,173.52831002701743,-0.7753673027678366,0.9922463269723216,0.9922463269723216,32168.625,32259.878048780487,1.0028367096442725,on_track,False,False,3.5
415,6,97,2026-08-27,2026-10-22,56,15,41,True,225909,60511.33928571428,60583,0.0,71.6607142857174,1009,540.5357142857143,8.932800375372386,0.0,0.0,0.11842526563056142,1.0011842526563055,1.0011842526563055,4034.089285714286,4032.3414634146343,0.999566736833059,on_track,False,False,0.0
416,6,68,2026-08-27,2026-10-22,56,15,41,True,358108,95921.78571428571,78763,17158.78571428571,0.0,2230,1194.642857142857,12.454343382443286,213.70140931147662,1755.8384166628111,-17.888309299615383,0.8211169070038462,0.46228288672690915,6394.785714285715,6813.292682926829,1.065445034022983,live_issue,True,True,0.0
417,6,67,2026-08-27,2026-10-22,56,15,41,True,1021920,273728.5714285714,273597,131.57142857142026,0.0,4631,2480.8928571428573,9.063331767653047,1.1924755082868468,3.2594330559842137,-0.048066384844211774,0.9995193361515579,0.9995193361515579,18248.571428571428,18251.780487804877,1.0001758526274789,on_track,False,False,0.0
418,6,79,2026-08-27,2026-10-22,56,15,41,True,1031798,276374.46428571426,278306,0.0,1931.5357142857392,6735,3608.035714285714,13.054880897229886,0.0,0.0,0.698883567003111,1.0069888356700312,1.0069888356700312,18424.964285714286,18377.853658536584,0.997443108901208,on_track,False,False,0.0
419,6,21,2026-08-27,2026-10-22,56,15,41,True,333276,89270.35714285714,90054,0.0,783.6428571428551,1972,1056.4285714285713,11.834035454098105,0.0,0.0,0.8778309869297495,1.0087783098692975,1.0087783098692975,5951.357142857143,5932.243902439024,0.9967884232185497,on_track,False,False,0.0
420,6,47,2026-08-27,2026-10-22,56,15,41,True,498758,133595.89285714287,133410,185.89285714286962,0.0,2537,1359.107142857143,10.173270403682746,1.8911383018275802,5.169111358328707,-0.13914563776421562,0.9986085436223578,0.9986085436223578,8906.392857142857,8910.926829268292,1.0005090694064545,on_track,False,False,0.0
421,6,48,2026-08-27,2026-10-22,56,15,41,True,2981368,798580.7142857143,794302,4278.714285714319,0.0,16347,8757.32142857143,10.966106834178136,46.92083797006742,128.25029045151842,-0.5357898342863676,0.9946421016571363,0.9946421016571363,53238.71428571428,53343.07317073171,1.0019602067108038,on_track,False,False,0.0
422,6,37,2026-08-27,2026-10-22,56,15,41,True,451600,120964.28571428571,121358,0.0,393.7142857142899,2083,1115.892857142857,9.224977856510186,0.0,0.0,0.32547977561264,1.0032547977561264,1.0032547977561264,8064.285714285715,8054.682926829269,0.9988092203331245,on_track,False,False,0.0
423,6,50,2026-08-27,2026-10-22,56,15,41,True,145180,38887.5,39470,0.0,582.5,1669,894.1071428571429,22.992147678743628,0.0,0.0,1.4979106396657025,1.0149791063966571,1.0149791063966571,2592.5,2578.2926829268295,0.9945198391231743,on_track,False,False,0.0
424,6,53,2026-08-27,2026-10-22,56,15,41,True,246842,66118.39285714286,66670,0.0,551.6071428571449,1812,970.7142857142857,14.681456154139084,0.0,0.0,0.8342718554108867,1.008342718554109,1.008342718554109,4407.892857142857,4394.4390243902435,0.9969477858948382,on_track,False,False,0.0
425,6,106,2026-08-27,2026-10-22,56,15,41,True,359856,96390.0,96325,65.0,0.0,3284,1759.2857142857142,18.251745142501445,1.186363434262594,3.242726720317686,-0.06743438115987135,0.9993256561884013,0.9993256561884013,6426.0,6427.585365853659,1.000246711150585,on_track,False,False,0.0
426,6,77,2026-08-27,2026-10-22,56,15,41,True,1143048,306173.5714285714,306359,0.0,185.42857142857974,9198,4927.5,16.093812333340335,0.0,0.0,0.060563219275717006,1.0006056321927572,1.0006056321927572,20411.571428571428,20407.048780487807,0.9997784272465524,on_track,False,False,0.0
427,6,7,2026-08-27,2026-10-22,56,15,41,True,1872756,501631.0714285714,476361,25270.07142857142,0.0,13973,7485.535714285715,14.922392452620631,377.0899231628984,4026.1126462054535,-5.037580976913168,0.9496241902308683,0.8032247660666954,33442.07142857143,34058.41463414634,1.01843017430578,live_issue,True,True,0.0
428,6,81,2026-08-27,2026-10-22,56,15,41,True,313958,84095.89285714286,83300,795.8928571428551,0.0,2203,1180.1785714285713,14.03372425611069,11.169340894550926,30.529531778439292,-0.9464110910801208,0.9905358890891988,0.9905358890891988,5606.392857142857,5625.804878048781,1.0034624796015128,on_track,False,False,0.0
429,6,43,2026-08-27,2026-10-22,56,15,41,True,1119014,299735.89285714284,299151,584.8928571428405,0.0,14227,7621.607142857143,25.427742637714992,14.87250504206595,40.65151378164696,-0.19513607515186923,0.9980486392484813,0.9980486392484813,19982.39285714286,19996.658536585364,1.0007139124700677,on_track,False,False,2.7
430,6,9,2026-08-27,2026-10-22,56,15,41,True,1360326,364373.03571428574,364422,0.0,48.96428571426077,6075,3254.464285714286,8.931682552564604,0.0,0.0,0.01343795531364591,1.0001343795531366,1.0001343795531366,24291.535714285714,24290.341463414636,0.9999508367488525,on_track,False,False,0.0
431,6,82,2026-08-27,2026-10-22,56,15,41,True,500438,134045.89285714287,133123,922.8928571428696,0.0,1858,995.3571428571429,7.425495266146855,6.852936541875124,18.73135988112543,-0.6884902159042106,0.9931150978409579,0.9931150978409579,8936.392857142857,8958.90243902439,1.002518866643552,on_track,False,False,0.0
432,6,13,2026-08-27,2026-10-22,56,15,41,True,224347,60092.94642857143,60011,81.94642857142753,0.0,1836,983.5714285714286,16.367502128399313,1.3412583440575625,3.6661061404239,-0.1363661351982997,0.998636338648017,0.998636338648017,4006.1964285714284,4008.1951219512193,1.0004989004946279,on_track,False,False,0.0
433,6,72,2026-08-27,2026-10-22,56,15,41,True,382380,102423.21428571429,102810,0.0,386.7857142857101,1747,935.8928571428571,9.137507191798733,0.0,0.0,0.3776348135362687,1.0037763481353628,1.0037763481353628,6828.214285714285,6818.780487804878,0.9986184092187698,on_track,False,False,0.0
434,6,88,2026-08-27,2026-10-22,56,15,41,True,847801,227089.55357142858,226547,542.5535714285797,0.0,8329,4461.964285714285,19.64847882934792,10.660352362001554,29.138296456138207,-0.2389161292960688,0.9976108387070393,0.9976108387070393,15139.30357142857,15152.536585365853,1.0008740833998637,on_track,False,False,0.0
435,6,89,2026-08-27,2026-10-22,56,15,41,True,481084,128861.78571428571,130763,0.0,1901.2142857142899,1964,1052.142857142857,8.164894280416725,0.0,0.0,1.4753902991300236,1.0147539029913002,1.0147539029913002,8590.785714285714,8544.414634146342,0.9946022306129391,on_track,False,False,0.0
436,6,33,2026-08-27,2026-10-22,56,15,41,True,2764312,740440.7142857143,736025,4415.714285714319,0.0,14556,7797.857142857143,10.531372724931193,46.50353298966081,127.10965683840539,-0.5963629768757455,0.9940363702312426,0.9940363702312426,49362.71428571428,49470.41463414634,1.0021818157690576,on_track,False,False,0.0
437,6,111,2026-08-27,2026-10-22,56,15,41,True,502834,134687.67857142858,135465,0.0,777.3214285714203,1481,793.3928571428571,5.890612011120966,0.0,0.0,0.5771288337701843,1.005771288337702,1.005771288337702,8979.17857142857,8960.219512195123,0.9978885530471824,on_track,False,False,0.0
438,6,80,2026-08-27,2026-10-22,56,15,41,True,954253,255603.48214285713,256222,0.0,618.5178571428696,4526,2424.6428571428573,9.48595393464836,0.0,0.0,0.24198334543704658,1.0024198334543704,1.0024198334543704,17040.23214285714,17025.146341463416,0.9991146950776696,on_track,False,False,0.0
439,6,107,2026-08-27,2026-10-22,56,15,41,True,632829,169507.76785714287,170402,0.0,894.2321428571304,3196,1712.142857142857,10.100674905859243,0.0,0.0,0.5275464093248918,1.0052754640932489,1.0052754640932489,11300.517857142857,11278.707317073171,0.9980699521610065,on_track,False,False,0.0
440,6,19,2026-08-27,2026-10-22,56,15,41,True,413091,110649.375,110830,0.0,180.625,1997,1069.8214285714287,9.668571815895287,0.0,0.0,0.16324086783138178,1.0016324086783137,1.0016324086783137,7376.625,7372.219512195122,0.999402777312812,on_track,False,False,0.0
441,6,45,2026-08-27,2026-10-22,56,15,41,True,1520843,407368.66071428574,403508,3860.6607142857392,0.0,11852,6349.285714285715,15.586092713054537,60.17261582650489,164.47181659244757,-0.9477068529317902,0.990522931470682,0.990522931470682,27157.910714285714,27252.073170731706,1.0034672201936528,on_track,False,False,0.0
442,6,40,2026-08-27,2026-10-22,56,15,41,True,356042,95368.39285714286,94506,862.3928571428551,0.0,2102,1126.0714285714287,11.807595733087672,10.182786220245262,27.832949002003783,-0.9042753383027824,0.9909572466169722,0.9909572466169722,6357.892857142857,6378.926829268293,1.0033083244084249,on_track,False,False,0.0
443,6,51,2026-08-27,2026-10-22,56,15,41,True,1092762,292704.10714285716,291854,850.1071428571595,0.0,4900,2625.0,8.968101013761459,7.623846729663149,20.838514394412805,-0.29043225636812,0.9970956774363188,0.9970956774363188,19513.60714285714,19534.341463414636,1.0010625570354932,on_track,False,False,0.0
444,6,17,2026-08-27,2026-10-22,56,15,41,True,690617,184986.69642857142,186639,0.0,1652.3035714285797,7240,3878.5714285714284,20.96675870996515,0.0,0.0,0.8932012968114066,1.008932012968114,1.008932012968114,12332.44642857143,12292.146341463415,0.9967321903775191,on_track,False,False,0.0
445,6,114,2026-08-27,2026-10-22,56,15,41,True,649081,173860.98214285713,174294,0.0,433.0178571428696,2393,1281.9642857142858,7.373501920407469,0.0,0.0,0.24905982458276343,1.0024905982458276,1.0024905982458276,11590.732142857143,11580.170731707318,0.9990888055198193,on_track,False,False,0.0
446,6,69,2026-08-27,2026-10-22,56,15,41,True,231856,62104.28571428572,61524,580.2857142857174,0.0,2291,1227.3214285714287,19.76226623421434,11.467760777625582,31.34521279217653,-0.934373059140161,0.9906562694085984,0.9906562694085984,4140.285714285715,4154.4390243902435,1.0034184380212443,on_track,False,False,0.0
447,6,49,2026-08-27,2026-10-22,56,15,41,True,1205305,322849.5535714286,325445,0.0,2595.4464285714203,6413,3435.535714285714,10.641289963951031,0.0,0.0,0.8039182336974156,1.008039182336974,1.008039182336974,21523.303571428572,21460.0,0.9970588357303752,on_track,False,False,0.0
448,6,115,2026-08-27,2026-10-22,56,15,41,True,376461,100837.76785714286,100543,294.76785714285506,0.0,2396,1283.5714285714287,12.72907419360837,3.752121923462355,10.255799924130486,-0.29231890333040045,0.997076810966696,0.997076810966696,6722.517857142857,6729.707317073171,1.0010694594024283,on_track,False,False,0.0
449,6,95,2026-08-27,2026-10-22,56,15,41,True,133207,35680.44642857143,35806,0.0,125.55357142857247,1211,648.75,18.18222766070852,0.0,0.0,0.3518834095305331,1.0035188340953054,1.0035188340953054,2378.6964285714284,2375.6341463414633,0.9987126216724492,on_track,False,False,0.0
450,6,22,2026-08-27,2026-10-22,56,15,41,True,1344376,360100.71428571426,363770,0.0,3669.2857142857392,15288,8190.0,22.74363719673663,0.0,0.0,1.0189609652855125,1.010189609652855,1.010189609652855,24006.714285714286,23917.219512195123,0.9962720940294433,on_track,False,False,0.0
451,6,87,2026-08-27,2026-10-22,56,15,41,True,1768273,473644.5535714286,480189,0.0,6544.44642857142,14209,7611.964285714285,16.071047852905064,0.0,0.0,1.3817210351569,1.013817210351569,1.013817210351569,31576.303571428572,31416.682926829268,0.9949449230421088,on_track,False,False,2.8
452,6,102,2026-08-27,2026-10-22,56,15,41,True,1450229,388454.1964285714,394116,0.0,5661.80357142858,12877,6898.392857142857,17.75857468027463,0.0,0.0,1.4575215362539318,1.0145752153625394,1.0145752153625394,25896.946428571428,25758.853658536584,0.9946676041356564,on_track,False,False,0.0
453,6,73,2026-08-27,2026-10-22,56,15,41,True,506856,135765.0,134912,853.0,0.0,4681,2507.6785714285716,18.470729359028997,15.755532143251735,43.065121191555036,-0.6282915331639229,0.9937170846683607,0.9937170846683607,9051.0,9071.80487804878,1.0022986275603558,on_track,False,False,0.0
454,6,70,2026-08-27,2026-10-22,56,15,41,True,2391352,640540.7142857143,625953,14587.714285714319,0.0,19329,10354.82142857143,16.16575058795192,235.82135079116085,644.5783588291725,-2.2774062538681097,0.9772259374613189,0.9772259374613189,42702.71428571428,43058.51219512195,1.0083319740995174,on_track,False,False,13.0
455,6,54,2026-08-27,2026-10-22,56,15,41,True,504151,135040.44642857142,137108,0.0,2067.5535714285797,2312,1238.5714285714287,9.171855257650984,0.0,0.0,1.5310624528497807,1.0153106245284977,1.0153106245284977,9002.69642857143,8952.268292682927,0.9943985520017691,on_track,False,False,0.0
456,6,90,2026-08-27,2026-10-22,56,15,41,True,507867,136035.80357142858,138215,0.0,2179.1964285714203,2188,1172.142857142857,8.616429104470264,0.0,0.0,1.6019285889153332,1.0160192858891532,1.0160192858891532,9069.05357142857,9015.90243902439,0.9941392856503098,on_track,False,False,0.0
457,6,86,2026-08-27,2026-10-22,56,15,41,True,1239544,332020.71428571426,332772,0.0,751.2857142857392,16501,8839.82142857143,26.624307003220544,0.0,0.0,0.22627675984072315,1.0022627675984073,1.0022627675984073,22134.714285714286,22116.39024390244,0.9991721581957047,on_track,False,False,0.0
458,6,34,2026-08-27,2026-10-22,56,15,41,True,1377213,368896.33928571426,375094,0.0,6197.660714285739,5676,3040.714285714286,8.242733694787953,0.0,0.0,1.680054816018541,1.0168005481601854,1.0168005481601854,24593.089285714286,24441.926829268294,0.9938534579901761,on_track,False,False,0.0
459,6,100,2026-08-27,2026-10-22,56,15,41,True,666744,178592.14285714287,176518,2074.1428571428696,0.0,1276,683.5714285714286,3.8275560035035934,7.938897944981287,21.69965438294877,-1.1613852793076074,0.988386147206924,0.988386147206924,11906.142857142857,11956.731707317073,1.0042489705340523,on_track,False,False,0.0
460,6,63,2026-08-27,2026-10-22,56,15,41,True,258620,69273.21428571429,70269,0.0,995.7857142857101,1338,716.7857142857143,10.347227592606913,0.0,0.0,1.4374758332688826,1.0143747583326888,1.0143747583326888,4618.214285714285,4593.926829268293,0.9947409420734066,on_track,False,False,0.0
461,7,11,2026-08-20,2026-10-01,42,22,20,True,1087682,569738.1904761905,578120,0.0,8381.809523809468,6904,5424.571428571428,9.521165193503247,0.0,0.0,1.4711686286650194,1.01471168628665,1.01471168628665,25897.190476190477,25478.1,0.9838171450846845,on_track,False,False,0.0
462,7,48,2026-08-20,2026-10-01,42,22,20,True,2236026,1171251.7142857143,1158204,13047.714285714319,0.0,14902,11708.714285714286,9.996753168344197,130.43477912536446,118.57707193214942,-1.1139974547376814,0.9888600254526232,0.9888600254526232,53238.71428571428,53891.1,1.0122539720021144,on_track,False,False,8.2
463,7,29,2026-08-20,2026-10-01,42,22,20,True,1198920,628005.7142857143,632393,0.0,4387.285714285681,7441,5846.5,9.309628665799218,0.0,0.0,0.6986060181435967,1.006986060181436,1.006986060181436,28545.714285714286,28326.35,0.9923153338004204,on_track,False,False,0.0
464,7,4,2026-08-20,2026-10-01,42,22,20,True,837776,438835.04761904763,441826,0.0,2990.952380952367,6140,4824.285714285715,10.993392028418096,0.0,0.0,0.6815664330322155,1.006815664330322,1.006815664330322,19947.04761904762,19797.5,0.9925027692366456,on_track,False,False,0.0
465,7,41,2026-08-20,2026-10-01,42,22,20,True,572682,299976.28571428574,303942,0.0,3965.7142857142608,9437,7414.785714285715,24.71790627259107,0.0,0.0,1.3220092635893992,1.013220092635894,1.013220092635894,13635.285714285714,13437.0,0.9854578981005165,on_track,False,False,0.0
466,7,13,2026-08-20,2026-10-01,42,22,20,True,168260,88136.19047619047,89272,0.0,1135.8095238095266,1688,1326.2857142857142,15.048139783668132,0.0,0.0,1.2886982267702614,1.0128869822677027,1.0128869822677027,4006.190476190476,3949.4,0.9858243195055272,on_track,False,False,0.0
467,7,108,2026-08-20,2026-10-01,42,22,20,True,404679,211974.7142857143,215084,0.0,3109.28571428571,2939,2309.214285714286,10.893819545862277,0.0,0.0,1.466819155654008,1.01466819155654,1.01466819155654,9635.214285714286,9479.75,0.9838649892878059,on_track,False,False,0.0
468,7,92,2026-08-20,2026-10-01,42,22,20,True,246501,129119.57142857143,129447,0.0,327.4285714285652,2816,2212.5714285714284,17.13583312035245,0.0,0.0,0.25358554695149194,1.002535855469515,1.002535855469515,5869.071428571428,5852.7,0.9972105589835335,on_track,False,False,0.0
469,7,84,2026-08-20,2026-10-01,42,22,20,True,1841535,964613.5714285715,819372,145241.57142857148,0.0,14895,11703.214285714286,12.132541602521808,1762.1494077727862,4440.921866327353,-15.056969519252347,0.8494303048074765,0.5825921038698695,43846.07142857143,51108.15,1.165626664711776,live_issue,True,True,4.8
470,7,43,2026-08-20,2026-10-01,42,22,20,True,839260,439612.38095238095,439254,358.38095238094684,0.0,17926,14084.714285714286,32.03893906536711,11.482145495521388,10.438314086837526,-0.08152203347970922,0.9991847796652029,0.9991847796652029,19982.380952380954,20000.3,1.0008967423682766,on_track,False,False,0.0
471,7,102,2026-08-20,2026-10-01,42,22,20,True,1087672,569732.9523809524,562493,7239.952380952425,0.0,11913,9360.214285714286,16.429125692304297,118.94608767296515,108.13280697542255,-1.2707624424208177,0.9872923755757919,0.9872923755757919,25896.95238095238,26258.95,1.013978386866629,on_track,False,False,7.3
472,7,19,2026-08-20,2026-10-01,42,22,20,True,309818,162285.61904761905,163504,0.0,1218.3809523809468,1924,1511.7142857142858,9.31514631170558,0.0,0.0,0.75076335138694,1.0075076335138693,1.0075076335138693,7376.619047619048,7315.7,0.9917416031347436,on_track,False,False,0.0
473,7,18,2026-08-20,2026-10-01,42,22,20,True,1216383,637153.0,647818,0.0,10665.0,7849,6167.071428571428,9.679106005263144,0.0,0.0,1.6738522772395328,1.0167385227723953,1.0167385227723953,28961.5,28428.25,0.9815876249503651,on_track,False,False,0.0
474,7,5,2026-08-20,2026-10-01,42,22,20,True,1127468,590578.4761904762,592331,0.0,1752.5238095237873,13864,10893.142857142857,18.44486938875427,0.0,0.0,0.2967469828613522,1.0029674698286135,1.0029674698286135,26844.47619047619,26756.85,0.9967357831885251,on_track,False,False,2.0
475,7,37,2026-08-20,2026-10-01,42,22,20,True,338700,177414.2857142857,178166,0.0,751.7142857142899,1523,1196.642857142857,6.744906997342781,0.0,0.0,0.42370561236814797,1.0042370561236815,1.0042370561236815,8064.285714285715,8026.7,0.9953392382639503,on_track,False,False,0.0
476,7,61,2026-08-20,2026-10-01,42,22,20,True,309468,162102.2857142857,129655,32447.28571428571,0.0,1920,1508.5714285714287,9.306293380898833,301.9639602709903,508.9368113758359,-20.016550396751256,0.7998344960324875,0.6289002417051197,7368.285714285715,8990.65,1.2201820543642636,live_issue,True,False,0.0
477,7,90,2026-08-20,2026-10-01,42,22,20,True,380900,199519.04761904763,197885,1634.047619047633,0.0,2132,1675.142857142857,8.395904436860068,13.719307654802652,12.472097868002411,-0.8189932933960307,0.9918100670660397,0.9918100670660397,9069.047619047618,9150.75,1.0090089262273563,on_track,False,False,0.0
478,7,114,2026-08-20,2026-10-01,42,22,20,True,486811,254996.2380952381,228386,26610.238095238106,0.0,1897,1490.5,5.845184270692322,155.54174515366338,400.83211965218544,-10.435541439360174,0.8956445856063983,0.7041829375260624,11590.738095238095,12921.25,1.1147909558329618,live_issue,True,False,0.0
479,7,98,2026-08-20,2026-10-01,42,22,20,True,194279,101765.19047619047,101848,0.0,82.80952380952658,964,757.4285714285714,7.442904276838979,0.0,0.0,0.08137313301536162,1.0008137313301537,1.0008137313301537,4625.690476190476,4621.55,0.9991048955368311,on_track,False,False,0.0
480,7,91,2026-08-20,2026-10-01,42,22,20,True,165790,86842.38095238095,86829,13.380952380946837,0.0,927,728.3571428571429,8.387116231377044,0.11222760290552253,0.10202509355047558,-0.015408320493059874,0.9998459167950694,0.9998459167950694,3947.3809523809523,3948.05,1.0001694915254238,on_track,False,False,0.0
481,7,105,2026-08-20,2026-10-01,42,22,20,True,214628,112424.19047619047,111866,558.1904761904734,0.0,1274,1001.0,8.903777699088657,4.970003913748416,4.518185376134921,-0.49650388748735413,0.9950349611251265,0.9950349611251265,5110.190476190476,5138.1,1.005461542762361,on_track,False,False,0.0
482,7,58,2026-08-20,2026-10-01,42,22,20,True,1059917,555194.619047619,467077,88117.61904761905,0.0,8201,6443.642857142857,11.606097458574586,1022.7016744842151,2988.000844136178,-15.871482904278869,0.8412851709572113,0.48991571981579696,25236.119047619046,29642.0,1.1745863119470676,live_issue,True,True,0.0
483,7,79,2026-08-20,2026-10-01,42,22,20,True,773849,405349.4761904762,405357,0.0,7.5238095237873495,8078,6347.0,15.658093504029853,0.0,0.0,0.001856129085079134,1.0000185612908508,1.0000185612908508,18424.97619047619,18424.6,0.9999795825800639,on_track,False,False,0.0
484,7,1,2026-08-20,2026-10-01,42,22,20,True,192956,101072.19047619047,101759,0.0,686.8095238095266,1345,1056.7857142857142,10.455751570306184,0.0,0.0,0.6795237350389848,1.00679523735039,1.00679523735039,4594.190476190476,4559.85,0.9925252389145713,on_track,False,False,0.0
485,7,120,2026-08-20,2026-10-01,42,22,20,True,934355,489424.04761904763,494063,0.0,4638.952380952367,10513,8260.214285714286,16.87741811195959,0.0,0.0,0.9478390781000575,1.0094783907810005,1.0094783907810005,22246.54761904762,22014.6,0.9895737701408993,on_track,False,False,0.0
486,7,3,2026-08-20,2026-10-01,42,22,20,True,2040937,1069062.238095238,1056675,12387.238095238106,0.0,15729,12358.5,11.560131449427395,143.19810067630712,130.18009152391562,-1.1587013041737033,0.988412986958263,0.988412986958263,48593.73809523809,49213.1,1.0127457143459109,on_track,False,False,8.0
487,7,33,2026-08-20,2026-10-01,42,22,20,True,2073234,1085979.7142857143,1063818,22161.71428571432,0.0,13763,10813.785714285714,9.957631410636715,220.67818228498533,200.616529349987,-2.0407116260261664,0.9795928837397383,0.9795928837397383,49362.71428571428,50470.8,1.0224478278862879,on_track,False,False,8.3
488,7,28,2026-08-20,2026-10-01,42,22,20,True,629606,329793.61904761905,331984,0.0,2190.380952380947,3870,3040.714285714286,9.220051905477394,0.0,0.0,0.6641671717925739,1.0066416717179258,1.0066416717179258,14990.619047619048,14881.1,0.9926941611102816,on_track,False,False,0.0
489,7,20,2026-08-20,2026-10-01,42,22,20,True,1078156,564748.380952381,573313,0.0,8564.619047619053,4732,3718.0,6.583462875502247,0.0,0.0,1.516537158225375,1.0151653715822537,1.0151653715822537,25670.380952380954,25242.15,0.9833180912595209,on_track,False,False,0.0
490,7,71,2026-08-20,2026-10-01,42,22,20,True,121979,63893.76190476191,64251,0.0,357.2380952380918,1331,1045.7857142857142,16.367571467219765,0.0,0.0,0.559112634141937,1.0055911263414195,1.0055911263414195,2904.2619047619046,2886.4,0.9938497610244387,on_track,False,False,0.0
491,7,78,2026-08-20,2026-10-01,42,22,20,True,404097,211669.85714285713,214299,0.0,2629.1428571428696,8537,6707.642857142857,31.68917363900252,0.0,0.0,1.242096013400929,1.0124209601340093,1.0124209601340093,9621.357142857143,9489.9,0.9863369438525897,on_track,False,False,0.0
492,7,68,2026-08-20,2026-10-01,42,22,20,True,268581,140685.2857142857,141999,0.0,1313.7142857142899,2054,1613.857142857143,11.471399689479153,0.0,0.0,0.9337965083159301,1.0093379650831593,1.0093379650831593,6394.785714285715,6329.1,0.9897282384085248,on_track,False,False,0.0
493,7,55,2026-08-20,2026-10-01,42,22,20,True,363560,190436.19047619047,193471,0.0,3034.8095238095266,8896,6989.714285714285,36.703707778633515,0.0,0.0,1.5936096580281875,1.015936096580282,1.015936096580282,8656.190476190477,8504.45,0.9824702937616899,on_track,False,False,0.0
494,7,15,2026-08-20,2026-10-01,42,22,20,True,218998,114713.23809523809,116165,0.0,1451.7619047619082,1678,1318.4285714285713,11.493255646170285,0.0,0.0,1.2655574272575372,1.0126555742725754,1.0126555742725754,5214.238095238095,5141.65,0.986078868300167,on_track,False,False,0.0
495,7,106,2026-08-20,2026-10-01,42,22,20,True,269892,141372.0,117400,23972.0,0.0,3306,2597.5714285714284,18.374016273175936,440.46191810057354,613.9371304077184,-16.956681662564016,0.8304331833743599,0.7400145243282499,6426.0,7624.6,1.1865234982882042,live_issue,True,False,0.0
496,7,31,2026-08-20,2026-10-01,42,22,20,True,2308461,1209193.857142857,1094858,114335.85714285704,0.0,16503,12966.642857142857,10.723378042773954,1226.0666199874527,3916.57595811978,-9.455543994659008,0.9054445600534099,0.6677448741824098,54963.357142857145,60680.15,1.104010983941249,live_issue,True,True,7.2
497,7,39,2026-08-20,2026-10-01,42,22,20,True,401814,210474.0,211225,0.0,751.0,1366,1073.2857142857142,5.099374337379982,0.0,0.0,0.35681366819654686,1.0035681366819655,1.0035681366819655,9567.0,9529.45,0.9960750496498381,on_track,False,False,0.0
498,7,16,2026-08-20,2026-10-01,42,22,20,True,1182744,619532.5714285715,625948,0.0,6415.4285714285215,6049,4752.785714285715,7.671567135407155,0.0,0.0,1.0355272454255753,1.0103552724542557,1.0103552724542557,28160.571428571428,27839.8,0.9886092003003186,on_track,False,False,0.0
499,7,7,2026-08-20,2026-10-01,42,22,20,True,1404567,735725.5714285715,739982,0.0,4256.4285714285215,13955,10964.642857142857,14.903169446526936,0.0,0.0,0.5785348147086607,1.0057853481470866,1.0057853481470866,33442.07142857143,33229.25,0.9936361170382046,on_track,False,False,0.0
500,7,85,2026-08-20,2026-10-01,42,22,20,True,379738,198910.38095238095,198908,2.3809523809468374,0.0,1992,1565.142857142857,7.868583075699561,0.018734721608764857,0.017031565098948955,-0.0011969975471098396,0.9999880300245289,0.9999880300245289,9041.380952380952,9041.5,1.0000131669730183,on_track,False,False,0.0
501,7,54,2026-08-20,2026-10-01,42,22,20,True,378113,198059.19047619047,199985,0.0,1925.8095238095266,1896,1489.7142857142858,7.521561014828901,0.0,0.0,0.9723403994428809,1.0097234039944287,1.0097234039944287,9002.690476190477,8906.4,0.9893042556061282,on_track,False,False,0.0
502,7,59,2026-08-20,2026-10-01,42,22,20,True,508032,266112.0,267420,0.0,1308.0,5156,4051.1428571428573,15.223450491307634,0.0,0.0,0.4915223665223665,1.0049152236652237,1.0049152236652237,12096.0,12030.6,0.994593253968254,on_track,False,False,0.0
503,7,9,2026-08-20,2026-10-01,42,22,20,True,1020244,534413.5238095238,542244,0.0,7830.476190476213,5338,4194.142857142857,7.848122605964846,0.0,0.0,1.4652466379700297,1.0146524663797003,1.0146524663797003,24291.52380952381,23900.0,0.9838822869823297,on_track,False,False,0.0
504,7,87,2026-08-20,2026-10-01,42,22,20,True,1326205,694678.8095238095,698317,0.0,3638.1904761905316,16443,12919.5,18.597803506999295,0.0,0.0,0.5237226796488077,1.005237226796488,1.005237226796488,31576.309523809523,31394.4,0.9942390505238633,on_track,False,False,0.0
505,7,64,2026-08-20,2026-10-01,42,22,20,True,104781,54885.28571428572,55290,0.0,404.7142857142826,1817,1427.642857142857,26.011395195693876,0.0,0.0,0.7373821242747803,1.0073738212427479,1.0073738212427479,2494.785714285714,2474.55,0.9918887966329775,on_track,False,False,0.0
506,7,69,2026-08-20,2026-10-01,42,22,20,True,173892,91086.28571428571,91984,0.0,897.7142857142899,2654,2085.285714285714,22.893520115934027,0.0,0.0,0.9855647078751121,1.0098556470787512,1.0098556470787512,4140.285714285715,4095.4,0.9891587882133738,on_track,False,False,0.0
507,7,95,2026-08-20,2026-10-01,42,22,20,True,99905,52331.19047619047,43921,8410.190476190473,0.0,1345,1056.7857142857142,20.19418447525149,169.8369379481936,282.69454195771686,-16.07108571324576,0.8392891428675424,0.7057454581852761,2378.690476190476,2799.2,1.1767819428457034,live_issue,True,False,0.0
508,7,66,2026-08-20,2026-10-01,42,22,20,True,131033,68636.33333333333,68833,0.0,196.66666666667152,1600,1257.142857142857,18.315996733647253,0.0,0.0,0.28653434284077656,1.0028653434284078,1.0028653434284078,3119.8333333333335,3110.0,0.9968481222287515,on_track,False,False,0.0
509,7,81,2026-08-20,2026-10-01,42,22,20,True,235468,123340.38095238095,124530,0.0,1189.6190476190532,1880,1477.142857142857,11.97614962542681,0.0,0.0,0.964500870220548,1.0096450087022055,1.0096450087022055,5606.380952380952,5546.9,0.989390490427574,on_track,False,False,0.0
510,7,109,2026-08-20,2026-10-01,42,22,20,True,454424,238031.61904761905,239202,0.0,1170.3809523809468,2352,1848.0,7.763674453814059,0.0,0.0,0.49169137993671674,1.0049169137993672,1.0049169137993672,10819.619047619048,10761.1,0.9945913948206961,on_track,False,False,0.0
511,7,38,2026-08-20,2026-10-01,42,22,20,True,461832,241912.0,225031,16881.0,0.0,5920,4651.428571428572,19.227771137556516,324.5840045730916,955.7300985144877,-6.978157346473098,0.930218426535269,0.7739827469729252,10996.0,11840.05,1.076759730811204,live_issue,True,False,0.0
512,7,88,2026-08-20,2026-10-01,42,22,20,True,635851,333064.8095238095,337004,0.0,3939.1904761904734,7517,5906.214285714285,17.73292799728238,0.0,0.0,1.1827099001610002,1.01182709900161,1.01182709900161,15139.309523809523,14942.35,0.986990191098229,on_track,False,False,0.0
513,7,97,2026-08-20,2026-10-01,42,22,20,True,169432,88750.09523809524,90304,0.0,1553.9047619047633,972,763.7142857142857,8.605222154020492,0.0,0.0,1.7508767260880218,1.0175087672608802,1.0175087672608802,4034.095238095238,3956.4,0.9807403560130318,on_track,False,False,0.0
514,7,46,2026-08-20,2026-10-01,42,22,20,True,682562,357532.4761904762,358784,0.0,1251.5238095237873,7825,6148.214285714285,17.196240048523062,0.0,0.0,0.35004479113585063,1.0035004479113585,1.0035004479113585,16251.47619047619,16188.9,0.9961495072975055,on_track,False,False,0.0
515,7,72,2026-08-20,2026-10-01,42,22,20,True,286785,150220.7142857143,150417,0.0,196.28571428571013,1292,1015.1428571428571,6.757675610649092,0.0,0.0,0.13066487882116037,1.0013066487882116,1.0013066487882116,6828.214285714285,6818.4,0.9985626863329672,on_track,False,False,0.0
516,7,80,2026-08-20,2026-10-01,42,22,20,True,715690,374885.2380952381,374677,208.23809523810633,0.0,5404,4246.0,11.326132822870237,2.358532325448295,2.144120295861973,-0.05554715792388823,0.9994445284207611,0.9994445284207611,17040.238095238095,17050.65,1.0006110187371628,on_track,False,False,0.0
517,7,24,2026-08-20,2026-10-01,42,22,20,True,931497,487927.0,492323,0.0,4396.0,6328,4972.0,10.190048921252563,0.0,0.0,0.9009544460544302,1.0090095444605442,1.0090095444605442,22178.5,21958.7,0.9900895010934013,on_track,False,False,0.0
518,7,111,2026-08-20,2026-10-01,42,22,20,True,377125,197541.66666666666,196956,585.666666666657,0.0,1760,1382.857142857143,7.000331455087836,4.099860788863041,3.72714617169363,-0.29647753638472407,0.9970352246361528,0.9970352246361528,8979.166666666666,9008.45,1.0032612529002323,on_track,False,False,0.0
519,7,63,2026-08-20,2026-10-01,42,22,20,True,193965,101600.71428571429,103098,0.0,1497.2857142857101,1306,1026.142857142857,10.099760266027374,0.0,0.0,1.4736960510682533,1.0147369605106826,1.0147369605106826,4618.214285714285,4543.35,0.9837893434382493,on_track,False,False,0.0
520,7,6,2026-08-20,2026-10-01,42,22,20,True,470952,246689.14285714287,246495,194.14285714286962,0.0,4137,3250.5,13.176502063904602,2.5581237578353577,2.3255670525776906,-0.07869939264221988,0.9992130060735778,0.9992130060735778,11213.142857142857,11222.85,1.0008656933190645,on_track,False,False,0.0
521,7,34,2026-08-20,2026-10-01,42,22,20,True,1032910,541048.0952380953,545806,0.0,4757.904761904734,6285,4938.214285714285,9.127126274312378,0.0,0.0,0.8793866578184617,1.0087938665781846,1.0087938665781846,24593.095238095237,24355.2,0.9903267467639969,on_track,False,False,0.0
522,7,76,2026-08-20,2026-10-01,42,22,20,True,659683,345548.2380952381,347222,0.0,1673.7619047618937,4254,3342.4285714285716,9.672827706640918,0.0,0.0,0.48437865404499053,1.0048437865404498,1.0048437865404498,15706.738095238095,15623.05,0.994671834805505,on_track,False,False,0.0
523,7,107,2026-08-20,2026-10-01,42,22,20,True,474621,248611.0,249798,0.0,1187.0,3193,2508.785714285714,10.091209617779239,0.0,0.0,0.47745272735317423,1.0047745272735318,1.0047745272735318,11300.5,11241.15,0.994748019999115,on_track,False,False,0.0
524,7,60,2026-08-20,2026-10-01,42,22,20,True,667638,349715.14285714284,337459,12256.14285714284,0.0,6008,4720.571428571428,13.49833292892256,165.43749671015024,150.39772428195488,-3.504607423347814,0.9649539257665218,0.9649539257665218,15896.142857142857,16508.95,1.038550681656826,on_track,False,False,0.0
525,7,35,2026-08-20,2026-10-01,42,22,20,True,195312,102306.28571428571,102130,176.28571428571013,0.0,1695,1331.7857142857142,13.017633325141313,2.2948227890320005,2.086202535483591,-0.17231171384525612,0.9982768828615475,0.9982768828615475,4650.285714285715,4659.1,1.0018954288522979,on_track,False,False,0.0
526,7,94,2026-08-20,2026-10-01,42,22,20,True,212247,111177.0,111130,47.0,0.0,1324,1040.2857142857142,9.357022714101966,0.4397800675627924,0.3998000614207031,-0.042274930965937194,0.9995772506903406,0.9995772506903406,5053.5,5055.85,1.0004650242406254,on_track,False,False,0.0
527,7,51,2026-08-20,2026-10-01,42,22,20,True,819572,429299.61904761905,434854,0.0,5554.380952380947,4184,3287.4285714285716,7.657655459190894,0.0,0.0,1.2938238717059845,1.0129382387170598,1.0129382387170598,19513.619047619046,19235.9,0.9857679374112344,on_track,False,False,0.0
528,7,75,2026-08-20,2026-10-01,42,22,20,True,1580624,827945.9047619047,719946,107999.90476190473,0.0,14241,11189.357142857143,13.514599297492637,1459.5754370245095,2430.5380835620663,-13.044318975520827,0.8695568102447917,0.7610593836818417,37633.90476190476,43033.9,1.143487508730729,live_issue,True,True,8.399999999999999
529,8,79,2026-07-09,2026-10-01,84,64,20,True,1547698,1179198.4761904762,1183687,0.0,4488.523809523787,6999,15997.714285714286,13.566600202365061,0.0,0.0,0.3806419275595091,1.003806419275595,1.003806419275595,18424.97619047619,18200.55,0.9878194583180956,on_track,False,False,0.0
530,8,56,2026-07-09,2026-10-01,84,64,20,True,645548,491846.09523809527,489728,2118.095238095266,0.0,2016,4608.0,9.368784350660214,19.843977519874848,6.201242974960889,-0.43064187326117287,0.9956935812673883,0.9956935812673883,7685.0952380952385,7791.0,1.0137805399443574,on_track,False,False,0.0
531,8,36,2026-07-09,2026-10-01,84,64,20,True,365510,278483.8095238095,278293,190.80952380952658,0.0,1533,3504.0,12.58241908566113,2.4008453941068986,0.7502641856583635,-0.06851727722907817,0.9993148272277093,0.9993148272277093,4351.309523809524,4360.85,1.0021925528713305,on_track,False,False,0.0
532,8,82,2026-07-09,2026-10-01,84,64,20,True,750657,571929.1428571428,561630,10299.14285714284,0.0,1492,3410.285714285714,5.962776607691662,61.411488107846004,433.86866248023864,-1.8007725232696128,0.9819922747673039,0.5928846330614382,8936.392857142857,9451.35,1.0576247207446279,on_track,False,False,0.0
533,8,102,2026-07-09,2026-10-01,84,64,20,True,2175344,1657404.9523809524,1648331,9073.952380952425,0.0,12168,27812.571428571428,16.780794210019195,152.26812757627633,47.58378986758594,-0.5474795020925453,0.9945252049790746,0.9945252049790746,25896.95238095238,26350.65,1.0175193440669614,on_track,False,False,7.3
534,8,8,2026-07-09,2026-10-01,84,64,20,True,266666,203174.09523809524,203693,0.0,518.9047619047633,2247,5136.0,25.278813197032992,0.0,0.0,0.2553990759976907,1.002553990759977,1.002553990759977,3174.595238095238,3148.65,0.991827229568074,on_track,False,False,0.0
535,8,10,2026-07-09,2026-10-01,84,64,20,True,267472,203788.19047619047,157681,46107.19047619047,0.0,2031,4642.285714285715,22.779954537297364,1050.319702890129,607.4914885616865,-22.6250551459592,0.773749448540408,0.5812466351618113,3184.190476190476,5489.55,1.7240017646706947,live_issue,True,False,0.0
536,8,86,2026-07-09,2026-10-01,84,64,20,True,1859316,1416621.7142857143,1406491,10130.714285714319,0.0,13076,29888.0,21.09808122987163,213.73863291662167,66.793322786444,-0.715131935615035,0.9928486806438497,0.9928486806438497,22134.714285714286,22641.25,1.022884221939681,on_track,False,False,11.3
537,8,117,2026-07-09,2026-10-01,84,64,20,True,886798,675655.619047619,672472,3183.619047619053,0.0,8595,19645.714285714286,29.076520244745705,92.56856368965344,28.927676153016414,-0.47118960575012653,0.9952881039424988,0.9952881039424988,10557.119047619048,10716.3,1.0150780673840039,on_track,False,False,3.9
538,8,52,2026-07-09,2026-10-01,84,64,20,True,219512,167247.2380952381,150366,16881.238095238106,0.0,1677,3833.1428571428573,22.91902037246255,386.9014398171531,323.6890354188252,-10.093582583184524,0.8990641741681548,0.7297765953569736,2613.2380952380954,3457.3,1.3229946426619046,live_issue,True,False,0.0
539,8,47,2026-07-09,2026-10-01,84,64,20,True,748137,570009.1428571428,572488,0.0,2478.8571428571595,2468,5641.142857142857,9.896583112451328,0.0,0.0,0.43488024252242863,1.0043488024252243,1.0043488024252243,8906.392857142857,8782.45,0.9860838322392825,on_track,False,False,0.0
540,8,66,2026-07-09,2026-10-01,84,64,20,True,262066,199669.33333333334,201117,0.0,1447.666666666657,1531,3499.4285714285716,17.526119374508713,0.0,0.0,0.725032052994279,1.0072503205299428,1.0072503205299428,3119.8333333333335,3047.45,0.9767989743041828,on_track,False,False,0.0
541,8,103,2026-07-09,2026-10-01,84,64,20,True,362829,276441.14285714284,278293,0.0,1851.8571428571595,1025,2342.8571428571427,8.475066766989407,0.0,0.0,0.6698920152468579,1.0066989201524685,1.0066989201524685,4319.392857142857,4226.8,0.9785634555121009,on_track,False,False,0.0
542,8,96,2026-07-09,2026-10-01,84,64,20,True,241360,183893.33333333334,184922,0.0,1028.666666666657,1481,3385.1428571428573,18.408186940669538,0.0,0.0,0.5593822505800411,1.0055938225058003,1.0055938225058003,2873.3333333333335,2821.9,0.9820997679814385,on_track,False,False,0.0
543,8,87,2026-07-09,2026-10-01,84,64,20,True,2652410,2020883.8095238095,1940057,80826.80952380947,0.0,14947,34164.57142857143,16.90575740552931,1366.4384336724488,4719.448268986641,-3.9995772712363444,0.9600042272876366,0.5579562737284206,31576.309523809523,35617.65,1.1279864726795632,on_track,False,True,0.0
544,8,21,2026-07-09,2026-10-01,84,64,20,True,499914,380886.85714285716,383279,0.0,2392.1428571428405,2028,4635.428571428572,12.170093256040039,0.0,0.0,0.6280455238300944,1.006280455238301,1.006280455238301,5951.357142857143,5831.75,0.9799025432374368,on_track,False,False,0.0
545,8,4,2026-07-09,2026-10-01,84,64,20,True,1675553,1276611.8095238095,1281473,0.0,4861.190476190532,5830,13325.714285714286,10.438344833019308,0.0,0.0,0.3807884620778974,1.003807884620779,1.003807884620779,19947.059523809523,19704.0,0.9878147692135074,on_track,False,False,0.0
546,8,19,2026-07-09,2026-10-01,84,64,20,True,619637,472104.38095238095,476685,0.0,4580.619047619053,1452,3318.8571428571427,7.029922357767531,0.0,0.0,0.9702555689863593,1.0097025556898636,1.0097025556898636,7376.630952380952,7147.6,0.9689518217924366,on_track,False,False,0.0
547,8,78,2026-07-09,2026-10-01,84,64,20,True,808194,615766.8571428572,623425,0.0,7658.1428571428405,6314,14432.0,23.437442000311805,0.0,0.0,1.2436757139993588,1.0124367571399935,1.0124367571399935,9621.357142857143,9238.45,0.9602023771520205,on_track,False,False,0.0
548,8,106,2026-07-09,2026-10-01,84,64,20,True,539784,411264.0,392402,18862.0,0.0,3129,7152.0,17.39028944911298,328.01563958916904,102.50488737161524,-4.586348428260193,0.9541365157173981,0.9541365157173981,6426.0,7369.1,1.1467631497043262,on_track,False,False,0.0
549,8,57,2026-07-09,2026-10-01,84,64,20,True,2702165,2058792.380952381,1389944,668848.3809523811,0.0,16295,37245.71428571428,18.09104921424117,12100.168976675051,4406.13557457451,-32.48741287079065,0.6751258712920936,0.6214427858604287,32168.630952380954,65611.05,2.0395972118653005,live_issue,True,True,38.0
550,8,5,2026-07-09,2026-10-01,84,64,20,True,2254936,1718046.4761904762,1714076,3970.4761904762127,0.0,11944,27300.571428571428,15.890473166422462,63.09274536268153,19.716482925838452,-0.23110412002824154,0.9976889587997175,0.9976889587997175,26844.47619047619,27043.0,1.0073953318409037,on_track,False,False,13.100000000000001
551,8,17,2026-07-09,2026-10-01,84,64,20,True,1035926,789276.9523809524,789944,0.0,667.0476190475747,6262,14313.142857142857,18.134499954629963,0.0,0.0,0.08451375870476673,1.0008451375870477,1.0008451375870477,12332.452380952382,12299.1,0.9972955597214472,on_track,False,False,0.0
552,8,9,2026-07-09,2026-10-01,84,64,20,True,2040489,1554658.2857142857,1556086,0.0,1427.714285714319,5340,12205.714285714286,7.851059231390122,0.0,0.0,0.09183460435219419,1.000918346043522,1.000918346043522,24291.535714285714,24220.15,0.99706129266073,on_track,False,False,0.0
553,8,31,2026-07-09,2026-10-01,84,64,20,True,4616922,3517654.8571428573,3467150,50504.857142857276,0.0,16818,38441.142857142855,10.928059863259547,551.9201022425158,172.47503195078636,-1.4357536254673606,0.9856424637453264,0.9856424637453264,54963.357142857145,57488.6,1.0459441160149554,on_track,False,False,19.1
554,8,83,2026-07-09,2026-10-01,84,64,20,True,450097,342931.04761904763,343333,0.0,401.9523809523671,1924,4397.714285714285,12.823902403259739,0.0,0.0,0.11721084566215323,1.0011721084566216,1.0011721084566216,5358.297619047619,5338.2,0.996249252938811,on_track,False,False,0.0
555,8,110,2026-07-09,2026-10-01,84,64,20,True,494625,376857.14285714284,377641,0.0,783.8571428571595,821,1876.5714285714287,4.9795299469294925,0.0,0.0,0.20799848369977697,1.0020799848369977,1.0020799848369977,5888.392857142857,5849.2,0.9933440485216073,on_track,False,False,0.0
556,8,94,2026-07-09,2026-10-01,84,64,20,True,424494,323424.0,325835,0.0,2411.0,1167,2667.4285714285716,8.24746639528474,0.0,0.0,0.7454610665875135,1.007454610665875,1.007454610665875,5053.5,4932.95,0.9761452458691995,on_track,False,False,0.0
557,8,50,2026-07-09,2026-10-01,84,64,20,True,217770,165920.0,167819,0.0,1899.0,1371,3133.714285714286,18.886899021903844,0.0,0.0,1.1445274831243972,1.011445274831244,1.011445274831244,2592.5,2497.55,0.9633751205400194,on_track,False,False,0.0
558,8,73,2026-07-09,2026-10-01,84,64,20,True,760284,579264.0,588668,0.0,9404.0,6839,15632.0,26.985968401281625,0.0,0.0,1.6234393989614408,1.0162343939896143,1.0162343939896143,9051.0,8580.8,0.9480499392332338,on_track,False,False,0.0
559,8,99,2026-07-09,2026-10-01,84,64,20,True,1403332,1069205.3333333333,1006368,62837.333333333256,0.0,2571,5876.571428571428,5.496204746987884,345.3668497547262,828.6307285090056,-5.877012709750786,0.9412298729024922,0.5487814002673638,16706.333333333332,19848.2,1.1880644067120254,live_issue,True,False,0.0
560,8,116,2026-07-09,2026-10-01,84,64,20,True,280630,213813.33333333334,213838,0.0,24.666666666656965,1110,2537.1428571428573,11.866158286712041,0.0,0.0,0.01153654277874328,1.0001153654277875,1.0001153654277875,3340.8333333333335,3339.6,0.99963083063108,on_track,False,False,0.0
561,8,20,2026-07-09,2026-10-01,84,64,20,True,2156313,1642905.142857143,1644779,0.0,1873.857142857043,6029,13780.57142857143,8.387928839644339,0.0,0.0,0.1140575371015186,1.0011405753710152,1.0011405753710152,25670.39285714286,25576.7,0.9963501588127511,on_track,False,False,0.0
562,8,101,2026-07-09,2026-10-01,84,64,20,True,1485429,1131755.4285714286,1140530,0.0,8774.571428571362,3834,8763.42857142857,7.743217615921056,0.0,0.0,0.7753063256473324,1.0077530632564733,1.0077530632564733,17683.678571428572,17244.95,0.9751901975792852,on_track,False,False,0.0
563,8,58,2026-07-09,2026-10-01,84,64,20,True,2119834,1615111.619047619,1634091,0.0,18979.380952381063,6378,14578.285714285714,9.026178464917535,0.0,0.0,1.1751126503301743,1.0117511265033017,1.0117511265033017,25236.119047619046,24287.15,0.9623963951894348,on_track,False,False,0.0
564,8,48,2026-07-09,2026-10-01,84,64,20,True,4472052,3407277.714285714,3163260,244017.7142857141,0.0,18723,42795.42857142857,12.560006010663562,3064.8639581369525,957.769986917798,-7.161662028974614,0.9283833797102539,0.9283833797102539,53238.71428571428,65439.6,1.2291731849271879,live_issue,True,False,27.2
565,8,85,2026-07-09,2026-10-01,84,64,20,True,759477,578649.1428571428,488026,90623.14285714284,0.0,1830,4182.857142857143,7.228658669057786,655.0837672315479,342.1354598458711,-15.661155637366237,0.8433884436263376,0.7382570252545249,9041.392857142857,13572.55,1.5011569803957197,live_issue,True,False,0.0
566,8,100,2026-07-09,2026-10-01,84,64,20,True,1000117,761993.9047619047,710182,51811.904761904734,0.0,1306,2985.1428571428573,3.917541647627228,202.9752947476573,358.8589406468015,-6.799516956516085,0.9320048304348392,0.6153120084950061,11906.154761904761,14496.75,1.2175845426085148,live_issue,True,False,0.0
567,8,114,2026-07-09,2026-10-01,84,64,20,True,973622,741807.2380952381,727377,14430.238095238106,0.0,2364,5403.428571428572,7.284141073229652,105.1118900060071,32.84746562687729,-1.9452813823023736,0.9805471861769762,0.9805471861769762,11590.738095238095,12312.25,1.0622490042336759,on_track,False,False,0.0
568,8,74,2026-07-09,2026-10-01,84,64,20,True,3266928,2489088.0,2501796,0.0,12708.0,15260,34880.0,14.013164661112826,0.0,0.0,0.5105484418389385,1.0051054844183893,1.0051054844183893,38892.0,38256.6,0.9836624498611539,on_track,False,False,5.0
569,8,18,2026-07-09,2026-10-01,84,64,20,True,2432767,1853536.761904762,1867636,0.0,14099.238095238106,8278,18921.14285714286,10.208129261865194,0.0,0.0,0.7606667634015101,1.0076066676340152,1.0076066676340152,28961.511904761905,28256.55,0.9756586635711517,on_track,False,False,0.0
570,8,68,2026-07-09,2026-10-01,84,64,20,True,537163,409267.04761904763,410866,0.0,1598.952380952367,2281,5213.714285714285,12.739149941451663,0.0,0.0,0.3906868120105036,1.003906868120105,1.003906868120105,6394.797619047619,6314.85,0.9874980220156638,on_track,False,False,0.0
571,8,93,2026-07-09,2026-10-01,84,64,20,True,383903,292497.5238095238,294350,0.0,1852.4761904762127,1163,2658.285714285714,9.08823322558042,0.0,0.0,0.6333305548537077,1.006333305548537,1.006333305548537,4570.273809523809,4477.65,0.9797334222446816,on_track,False,False,0.0
572,8,51,2026-07-09,2026-10-01,84,64,20,True,1639144,1248871.619047619,1252901,0.0,4029.3809523810633,4488,10258.285714285714,8.214043427545109,0.0,0.0,0.3226417264133076,1.003226417264133,1.003226417264133,19513.619047619046,19312.15,0.9896754647547746,on_track,False,False,0.0
573,8,41,2026-07-09,2026-10-01,84,64,20,True,1145365,872659.0476190476,883764,0.0,11104.952380952425,9388,21458.285714285714,24.589541325254395,0.0,0.0,1.2725419407787089,1.012725419407787,1.012725419407787,13635.297619047618,13080.05,0.9592786578950815,on_track,False,False,0.0
574,8,118,2026-07-09,2026-10-01,84,64,20,True,343805,261946.66666666666,264746,0.0,2799.333333333343,1220,2788.5714285714284,10.645569436162942,0.0,0.0,1.0686653771760193,1.0106866537717603,1.0106866537717603,4092.9166666666665,3952.95,0.9658027079303675,on_track,False,False,0.0
575,8,32,2026-07-09,2026-10-01,84,64,20,True,2353987,1793513.9047619049,1800168,0.0,6654.095238095149,7548,17252.571428571428,9.619424406336991,0.0,0.0,0.37100884584323884,1.0037100884584325,1.0037100884584325,28023.654761904763,27690.95,0.9881277169330162,on_track,False,False,0.0
576,8,15,2026-07-09,2026-10-01,84,64,20,True,437996,333711.2380952381,335620,0.0,1908.7619047618937,1340,3062.8571428571427,9.178166010648498,0.0,0.0,0.5719801094073885,1.005719801094074,1.005719801094074,5214.238095238095,5118.8,0.9816966364989634,on_track,False,False,0.0
577,8,104,2026-07-09,2026-10-01,84,64,20,True,1351259,1029530.6666666666,1035561,0.0,6030.333333333372,2974,6797.714285714285,6.602731230652303,0.0,0.0,0.5857361542087824,1.0058573615420878,1.0058573615420878,16086.416666666666,15784.9,0.9812564430653191,on_track,False,False,0.0
578,8,24,2026-07-09,2026-10-01,84,64,20,True,1862995,1419424.761904762,1389853,29571.761904761894,0.0,4760,10880.0,7.6650769325736245,226.66983003174985,70.83432188492175,-2.083362408380054,0.9791663759161995,0.9791663759161995,22178.511904761905,23657.1,1.0666675970681616,on_track,False,False,0.0
579,8,64,2026-07-09,2026-10-01,84,64,20,True,209563,159667.04761904763,161326,0.0,1658.952380952367,1416,3236.5714285714284,20.270753902167844,0.0,0.0,1.0390073629409684,1.0103900736294096,1.0103900736294096,2494.7976190476193,2411.85,0.9667517643858886,on_track,False,False,0.0
580,8,67,2026-07-09,2026-10-01,84,64,20,True,1532880,1167908.5714285714,1176889,0.0,8980.428571428638,5303,12121.142857142857,10.37850320964459,0.0,0.0,0.7689324996085857,1.0076893249960859,1.0076893249960859,18248.571428571428,17799.55,0.9753941600125254,on_track,False,False,0.0
581,8,92,2026-07-09,2026-10-01,84,64,20,True,493002,375620.5714285714,382897,0.0,7276.42857142858,2733,6246.857142857143,16.63076417539888,0.0,0.0,1.9371752041573889,1.019371752041574,1.019371752041574,5869.071428571428,5505.25,0.9380103934669637,on_track,False,False,0.0
582,8,16,2026-07-09,2026-10-01,84,64,20,True,2365488,1802276.5714285714,1799251,3025.571428571362,0.0,6020,13760.0,7.634788255108459,23.09959720784836,7.2186241274528,-0.16787497970820028,0.998321250202918,0.998321250202918,28160.571428571428,28311.85,1.0053719993506625,on_track,False,False,0.0
583,8,34,2026-07-09,2026-10-01,84,64,20,True,2065820,1573958.0952380951,1528802,45156.09523809515,0.0,6978,15949.714285714286,10.133506307422719,457.5895759138182,1869.529613560578,-2.8689515543464528,0.9713104844565355,0.6249152394690729,24593.095238095237,26850.9,1.0918064497390867,on_track,False,True,0.0
584,8,109,2026-07-09,2026-10-01,84,64,20,True,908848,692455.619047619,623708,68747.61904761905,0.0,2745,6274.285714285715,9.060921078112072,622.9167504985904,194.66148453080947,-9.928090285724346,0.9007190971427566,0.9007190971427566,10819.619047619048,14257.0,1.3176988891431791,live_issue,True,False,0.0
585,8,113,2026-07-09,2026-10-01,84,64,20,True,202078,153964.19047619047,154568,0.0,603.8095238095266,1168,2669.714285714286,17.33983907204149,0.0,0.0,0.3921752986470589,1.0039217529864706,1.0039217529864706,2405.690476190476,2375.5,0.9874503904432942,on_track,False,False,0.0
586,8,14,2026-07-09,2026-10-01,84,64,20,True,2571811,1959475.0476190476,1544199,415276.0476190476,0.0,12789,29232.0,14.918281320050346,6195.204903859575,4920.084272833423,-21.19322969300621,0.7880677030699379,0.46140292579820213,30616.79761904762,51380.6,1.6781833501761987,live_issue,True,True,27.9
587,8,40,2026-07-09,2026-10-01,84,64,20,True,534063,406905.14285714284,406576,329.1428571428405,0.0,2239,5117.714285714285,12.577167862218502,4.139684964935709,1.293651551542361,-0.08088933328090098,0.999191106667191,0.999191106667191,6357.892857142857,6374.35,1.0025884586649891,on_track,False,False,0.0
588,8,108,2026-07-09,2026-10-01,84,64,20,True,809358,616653.7142857143,622966,0.0,6312.285714285681,3768,8612.57142857143,13.966625399390628,0.0,0.0,1.0236353999095524,1.0102363539990955,1.0102363539990955,9635.214285714286,9319.6,0.9672436672028941,on_track,False,False,0.0
589,8,45,2026-07-09,2026-10-01,84,64,20,True,2281265,1738106.6666666667,1746818,0.0,8711.333333333256,12300,28114.285714285714,16.175236108036547,0.0,0.0,0.501196704460021,1.0050119670446003,1.0050119670446003,27157.916666666668,26722.35,0.9839617054572791,on_track,False,False,0.0
590,8,59,2026-07-09,2026-10-01,84,64,20,True,1016064,774144.0,778966,0.0,4822.0,5615,12834.285714285714,16.57868008314437,0.0,0.0,0.622881531084656,1.0062288153108465,1.0062288153108465,12096.0,11854.9,0.980067791005291,on_track,False,False,0.0
591,8,81,2026-07-09,2026-10-01,84,64,20,True,470937,358809.14285714284,362741,0.0,3931.8571428571595,1910,4365.714285714285,12.167232559769142,0.0,0.0,1.095807400989946,1.0109580740098996,1.0109580740098996,5606.392857142857,5409.8,0.9649341631683219,on_track,False,False,0.0
592,8,13,2026-07-09,2026-10-01,84,64,20,True,336520,256396.19047619047,257769,0.0,1372.8095238095266,1886,4310.857142857143,16.813265184832996,0.0,0.0,0.535425086176157,1.0053542508617617,1.0053542508617617,4006.190476190476,3937.55,0.982866397242363,on_track,False,False,0.0
593,8,115,2026-07-09,2026-10-01,84,64,20,True,564691,430240.7619047619,430393,0.0,152.23809523810633,2499,5712.0,13.276287385490471,0.0,0.0,0.035384396067940624,1.0003538439606794,1.0003538439606794,6722.511904761905,6714.9,0.998867699325826,on_track,False,False,0.0
594,8,97,2026-07-09,2026-10-01,84,64,20,True,338864,258182.09523809524,258692,0.0,509.9047619047633,1023,2338.285714285714,9.056730723830208,0.0,0.0,0.197498111336702,1.001974981113367,1.001974981113367,4034.095238095238,4008.6,0.9936800604372256,on_track,False,False,0.0
595,8,90,2026-07-09,2026-10-01,84,64,20,True,761801,580419.8095238095,583446,0.0,3026.1904761905316,1610,3680.0,6.3402384612254385,0.0,0.0,0.5213795991341666,1.0052137959913416,1.0052137959913416,9069.059523809523,8917.75,0.9833158528277071,on_track,False,False,0.0
