placement_id,date,verified_impressions,estimated_impressions,downtime_hours
1,2025-08-24,57730,55838,0.0
1,2025-08-25,40706,52307,5.3
1,2025-08-26,54193,53790,0.0
1,2025-08-27,55609,54581,0.0
1,2025-08-28,56261,57261,0.0
1,2025-08-29,54890,55621,0.0
1,2025-08-30,56290,56584,0.0
1,2025-08-31,56770,54737,0.0
1,2025-09-01,54875,53863,0.0
1,2025-09-02,56260,57665,0.0
1,2025-09-03,52929,54442,0.0
1,2025-09-04,55898,55714,0.0
1,2025-09-05,55484,56861,0.0
1,2025-09-06,57193,57586,0.0
1,2025-09-07,59135,57267,0.0
1,2025-09-08,57873,56020,0.0
1,2025-09-09,56662,57294,0.0
1,2025-09-10,54626,55199,0.0
1,2025-09-11,55896,56889,0.0
1,2025-09-12,49341,56725,2.7
1,2025-09-13,55746,53860,0.0
1,2025-09-14,57433,56884,0.0
1,2025-09-15,54749,54324,0.0
1,2025-09-16,57421,56003,0.0
1,2025-09-17,55316,54116,0.0
1,2025-09-18,51909,52633,0.0
1,2025-09-19,56207,55488,0.0
1,2025-09-20,55301,55700,0.0
2,2025-08-24,8760,8548,0.0
2,2025-08-25,8514,8636,0.0
2,2025-08-26,8289,8320,0.0
2,2025-08-27,8580,8487,0.0
2,2025-08-28,8617,8415,0.0
2,2025-08-29,8119,8224,0.0
2,2025-08-30,8391,8487,0.0
2,2025-08-31,8499,8293,0.0
2,2025-09-01,8447,8471,0.0
2,2025-09-02,8759,8971,0.0
2,2025-09-03,8824,8815,0.0
2,2025-09-04,8047,8236,0.0
2,2025-09-05,8640,8639,0.0
2,2025-09-06,8297,8249,0.0
2,2025-09-07,8432,8637,0.0
2,2025-09-08,8939,8835,0.0
2,2025-09-09,8419,8171,0.0
2,2025-09-10,8820,8830,0.0
2,2025-09-11,8820,8641,0.0
2,2025-09-12,8699,8369,0.0
2,2025-09-13,8805,8749,0.0
2,2025-09-14,8239,8392,0.0
2,2025-09-15,8193,8286,0.0
2,2025-09-16,8244,8398,0.0
2,2025-09-17,8753,8833,0.0
2,2025-09-18,8929,8972,0.0
2,2025-09-19,8762,8587,0.0
2,2025-09-20,8666,8554,0.0
3,2025-08-24,6860,7004,0.0
3,2025-08-25,7601,7619,0.0
3,2025-08-26,7608,7635,0.0
3,2025-08-27,7322,7317,0.0
3,2025-08-28,7685,7479,0.0
3,2025-08-29,7304,7221,0.0
3,2025-08-30,7603,7512,0.0
3,2025-08-31,7155,7130,0.0
3,2025-09-01,7219,7235,0.0
3,2025-09-02,7626,7466,0.0
3,2025-09-03,7861,7576,0.0
3,2025-09-04,7154,7206,0.0
3,2025-09-05,7449,7268,0.0
3,2025-09-06,7398,7147,0.0
3,2025-09-07,7415,7132,0.0
3,2025-09-08,7185,7019,0.0
3,2025-09-09,7854,7694,0.0
3,2025-09-10,7470,7587,0.0
3,2025-09-11,7248,7050,0.0
3,2025-09-12,7807,7585,0.0
3,2025-09-13,7223,7102,0.0
3,2025-09-14,7122,7186,0.0
3,2025-09-15,7170,7311,0.0
3,2025-09-16,7303,7330,0.0
3,2025-09-17,7516,7428,0.0
3,2025-09-18,7736,7680,0.0
3,2025-09-19,7533,7308,0.0
3,2025-09-20,7501,7713,0.0
4,2025-08-24,5630,5525,0.0
4,2025-08-25,5644,5580,0.0
4,2025-08-26,5106,5223,0.0
4,2025-08-27,5264,5179,0.0
4,2025-08-28,5461,5392,0.0
4,2025-08-29,5518,5436,0.0
4,2025-08-30,5466,5268,0.0
4,2025-08-31,5279,5147,0.0
4,2025-09-01,5088,5209,0.0
4,2025-09-02,5509,5389,0.0
4,2025-09-03,5302,5208,0.0
4,2025-09-04,5317,5338,0.0
4,2025-09-05,5555,5460,0.0
4,2025-09-06,5514,5624,0.0
4,2025-09-07,5267,5248,0.0
4,2025-09-08,5312,5136,0.0
4,2025-09-09,5635,5481,0.0
4,2025-09-10,5244,5274,0.0
4,2025-09-11,5502,5369,0.0
4,2025-09-12,5113,5142,0.0
4,2025-09-13,5441,5332,0.0
4,2025-09-14,4984,5114,0.0
4,2025-09-15,5202,5102,0.0
4,2025-09-16,5117,5148,0.0
4,2025-09-17,5733,5588,0.0
4,2025-09-18,5483,5366,0.0
4,2025-09-19,5312,5267,0.0
4,2025-09-20,5336,5337,0.0
5,2025-08-24,6098,5945,0.0
5,2025-08-25,5859,5961,0.0
5,2025-08-26,5994,6008,0.0
5,2025-08-27,6024,5839,0.0
5,2025-08-28,5578,5578,0.0
5,2025-08-29,5652,5738,0.0
5,2025-08-30,6158,6042,0.0
5,2025-08-31,6106,6044,0.0
5,2025-09-01,5833,5790,0.0
5,2025-09-02,5550,5642,0.0
5,2025-09-03,5961,5862,0.0
5,2025-09-04,5975,5759,0.0
5,2025-09-05,5789,5806,0.0
5,2025-09-06,5654,5782,0.0
5,2025-09-07,5687,5676,0.0
5,2025-09-08,6148,6045,0.0
5,2025-09-09,6124,5921,0.0
5,2025-09-10,5857,5759,0.0
5,2025-09-11,5568,5644,0.0
5,2025-09-12,5636,5658,0.0
5,2025-09-13,5908,5925,0.0
5,2025-09-14,5882,5823,0.0
5,2025-09-15,5914,5891,0.0
5,2025-09-16,6331,6121,0.0
5,2025-09-17,5571,5673,0.0
5,2025-09-18,5629,5685,0.0
5,2025-09-19,6110,5939,0.0
5,2025-09-20,6321,6134,0.0
6,2025-08-24,4494,4477,0.0
6,2025-08-25,4631,4646,0.0
6,2025-08-26,4647,4576,0.0
6,2025-08-27,4735,4715,0.0
6,2025-08-28,4468,4464,0.0
6,2025-08-29,4799,4754,0.0
6,2025-08-30,4337,4402,0.0
6,2025-08-31,4455,4520,0.0
6,2025-09-01,4762,4648,0.0
6,2025-09-02,4727,4616,0.0
6,2025-09-03,4677,4651,0.0
6,2025-09-04,4585,4638,0.0
6,2025-09-05,4819,4637,0.0
6,2025-09-06,4846,4738,0.0
6,2025-09-07,4492,4488,0.0
6,2025-09-08,4725,4727,0.0
6,2025-09-09,4571,4501,0.0
6,2025-09-10,4539,4402,0.0
6,2025-09-11,4729,4785,0.0
6,2025-09-12,4671,4786,0.0
6,2025-09-13,4658,4762,0.0
6,2025-09-14,4654,4727,0.0
6,2025-09-15,4871,4784,0.0
6,2025-09-16,4643,4585,0.0
6,2025-09-17,4811,4749,0.0
6,2025-09-18,4887,4759,0.0
6,2025-09-19,4678,4633,0.0
6,2025-09-20,4517,4465,0.0
7,2025-08-24,25664,24712,0.0
7,2025-08-25,26643,26377,0.0
7,2025-08-26,26402,26245,0.0
7,2025-08-27,24974,24316,0.0
7,2025-08-28,25575,25013,0.0
7,2025-08-29,24036,24674,0.0
7,2025-08-30,26153,25744,0.0
7,2025-08-31,23838,24343,0.0
7,2025-09-01,24415,24599,0.0
7,2025-09-02,25690,24965,0.0
7,2025-09-03,25057,25570,0.0
7,2025-09-04,25268,24921,0.0
7,2025-09-05,25336,25979,0.0
7,2025-09-06,25585,24990,0.0
7,2025-09-07,26305,25727,0.0
7,2025-09-08,25910,25121,0.0
7,2025-09-09,25547,25442,0.0
7,2025-09-10,26916,26112,0.0
7,2025-09-11,25806,26427,0.0
7,2025-09-12,26104,25733,0.0
7,2025-09-13,26748,25982,0.0
7,2025-09-14,26359,26417,0.0
7,2025-09-15,25921,25222,0.0
7,2025-09-16,24506,24689,0.0
7,2025-09-17,24505,24303,0.0
7,2025-09-18,26733,25963,0.0
7,2025-09-19,26741,25897,0.0
7,2025-09-20,24869,25554,0.0
8,2025-08-24,26229,27009,0.0
8,2025-08-25,27223,27170,0.0
8,2025-08-26,28027,26957,0.0
8,2025-08-27,26627,26866,0.0
8,2025-08-28,24935,25535,0.0
8,2025-08-29,26716,26282,0.0
8,2025-08-30,26847,26482,0.0
8,2025-08-31,24839,24838,0.0
8,2025-09-01,24429,24803,0.0
8,2025-09-02,25917,25754,0.0
8,2025-09-03,22204,26830,3.7
8,2025-09-04,25280,25194,0.0
8,2025-09-05,25525,24869,0.0
8,2025-09-06,25361,25593,0.0
8,2025-09-07,27082,26263,0.0
8,2025-09-08,25402,26060,0.0
8,2025-09-09,25038,25511,0.0
8,2025-09-10,27587,26984,0.0
8,2025-09-11,25188,25164,0.0
8,2025-09-12,24417,24921,0.0
8,2025-09-13,25575,25714,0.0
8,2025-09-14,25938,26271,0.0
8,2025-09-15,26788,26469,0.0
8,2025-09-16,25556,24671,0.0
8,2025-09-17,25920,25134,0.0
8,2025-09-18,25185,25616,0.0
8,2025-09-19,27319,26657,0.0
8,2025-09-20,25150,25226,0.0
9,2025-08-24,49218,50482,0.0
9,2025-08-25,39920,48043,3.9
9,2025-08-26,48792,48819,0.0
9,2025-08-27,51113,50962,0.0
9,2025-08-28,46744,46231,0.0
9,2025-08-29,52529,50774,0.0
9,2025-08-30,49132,49626,0.0
9,2025-08-31,48101,48118,0.0
9,2025-09-01,47263,46905,0.0
9,2025-09-02,49399,50639,0.0
9,2025-09-03,46837,47751,0.0
9,2025-09-04,50476,49321,0.0
9,2025-09-05,47888,48289,0.0
9,2025-09-06,46722,47352,0.0
9,2025-09-07,29297,49139,0.0
9,2025-09-08,22083,47017,6.3
9,2025-09-09,26080,48576,2.1
9,2025-09-10,31416,50160,0.0
9,2025-09-11,30652,49807,0.0
9,2025-09-12,30028,46737,0.0
9,2025-09-13,29560,48250,0.0
9,2025-09-14,30910,50902,0.0
9,2025-09-15,30391,48646,0.0
9,2025-09-16,48391,46975,0.0
9,2025-09-17,51727,50509,0.0
9,2025-09-18,48671,49763,0.0
9,2025-09-19,30211,46387,7.9
9,2025-09-20,48651,47033,0.0
10,2025-08-24,27412,26429,0.0
10,2025-08-25,29052,28310,0.0
10,2025-08-26,27381,26953,0.0
10,2025-08-27,28505,28870,0.0
10,2025-08-28,28403,28621,0.0
10,2025-08-29,26928,26662,0.0
10,2025-08-30,26930,26477,0.0
10,2025-08-31,27361,27761,0.0
10,2025-09-01,26706,27442,0.0
10,2025-09-02,29633,28732,0.0
10,2025-09-03,27848,27192,0.0
10,2025-09-04,26935,27597,0.0
10,2025-09-05,27025,27139,0.0
10,2025-09-06,29088,28381,0.0
10,2025-09-07,26995,27352,0.0
10,2025-09-08,30203,29097,0.0
10,2025-09-09,29050,28361,0.0
10,2025-09-10,28772,28537,0.0
10,2025-09-11,28352,28915,0.0
10,2025-09-12,27043,27832,0.0
10,2025-09-13,28663,28253,0.0
10,2025-09-14,26460,27260,0.0
10,2025-09-15,28007,27374,0.0
10,2025-09-16,27771,27183,0.0
10,2025-09-17,28601,29056,0.0
10,2025-09-18,28977,28995,0.0
10,2025-09-19,27743,26726,0.0
10,2025-09-20,26177,26453,0.0
11,2025-08-24,11218,11375,0.0
11,2025-08-25,11417,11430,0.0
11,2025-08-26,11291,11268,0.0
11,2025-08-27,11118,11001,0.0
11,2025-08-28,11037,10879,0.0
11,2025-08-29,10634,10514,0.0
11,2025-08-30,10762,10589,0.0
11,2025-08-31,11271,11381,0.0
11,2025-09-01,11256,10878,0.0
11,2025-09-02,11109,10804,0.0
11,2025-09-03,10721,10703,0.0
11,2025-09-04,10976,10595,0.0
11,2025-09-05,10818,10566,0.0
11,2025-09-06,10692,10940,0.0
11,2025-09-07,10493,10578,0.0
11,2025-09-08,11237,11293,0.0
11,2025-09-09,10972,10955,0.0
11,2025-09-10,10857,10545,0.0
11,2025-09-11,11066,10780,0.0
11,2025-09-12,11323,11109,0.0
11,2025-09-13,11217,11388,0.0
11,2025-09-14,11007,11228,0.0
11,2025-09-15,11292,10881,0.0
11,2025-09-16,10487,10774,0.0
11,2025-09-17,10928,10637,0.0
11,2025-09-18,11802,11385,0.0
11,2025-09-19,11149,11051,0.0
11,2025-09-20,10311,10558,0.0
12,2025-08-24,28167,27465,0.0
12,2025-08-25,28593,29347,0.0
12,2025-08-26,27284,27684,0.0
12,2025-08-27,29020,29077,0.0
12,2025-08-28,28332,27358,0.0
12,2025-08-29,30064,29737,0.0
12,2025-08-30,29222,29964,0.0
12,2025-08-31,28494,28962,0.0
12,2025-09-01,28109,27380,0.0
12,2025-09-02,30289,29427,0.0
12,2025-09-03,29169,29808,0.0
12,2025-09-04,28968,29756,0.0
12,2025-09-05,29195,29186,0.0
12,2025-09-06,28343,28210,0.0
12,2025-09-07,28124,28128,0.0
12,2025-09-08,28840,27903,0.0
12,2025-09-09,27575,27542,0.0
12,2025-09-10,29254,28879,0.0
12,2025-09-11,28978,28542,0.0
12,2025-09-12,29390,28485,0.0
12,2025-09-13,27537,28211,0.0
12,2025-09-14,28933,28952,0.0
12,2025-09-15,28547,27829,0.0
12,2025-09-16,29804,28670,0.0
12,2025-09-17,27402,28210,0.0
12,2025-09-18,29054,28487,0.0
12,2025-09-19,28794,28100,0.0
12,2025-09-20,28305,28036,0.0
13,2025-08-24,2461,2489,0.0
13,2025-08-25,2519,2490,0.0
13,2025-08-26,2623,2555,0.0
13,2025-08-27,2674,2605,0.0
13,2025-08-28,2621,2635,0.0
13,2025-08-29,2489,2524,0.0
13,2025-08-30,2512,2545,0.0
13,2025-08-31,2708,2689,0.0
13,2025-09-01,2739,2682,0.0
13,2025-09-02,2727,2632,0.0
13,2025-09-03,2684,2584,0.0
13,2025-09-04,2838,2741,0.0
13,2025-09-05,2498,2544,0.0
13,2025-09-06,2654,2675,0.0
13,2025-09-07,2624,2637,0.0
13,2025-09-08,2623,2574,0.0
13,2025-09-09,2543,2519,0.0
13,2025-09-10,2799,2701,0.0
13,2025-09-11,2809,2736,0.0
13,2025-09-12,2548,2528,0.0
13,2025-09-13,2428,2497,0.0
13,2025-09-14,2517,2487,0.0
13,2025-09-15,2577,2569,0.0
13,2025-09-16,2727,2693,0.0
13,2025-09-17,2512,2528,0.0
13,2025-09-18,2779,2709,0.0
13,2025-09-19,2455,2521,0.0
13,2025-09-20,2567,2519,0.0
14,2025-08-24,14911,15251,0.0
14,2025-08-25,14496,14561,0.0
14,2025-08-26,15756,15458,0.0
14,2025-08-27,15126,14962,0.0
14,2025-08-28,15816,15935,0.0
14,2025-08-29,15436,15115,0.0
14,2025-08-30,15416,15192,0.0
14,2025-08-31,15405,15526,0.0
14,2025-09-01,15951,15804,0.0
14,2025-09-02,15187,14993,0.0
14,2025-09-03,15949,15689,0.0
14,2025-09-04,15512,15567,0.0
14,2025-09-05,14582,14721,0.0
14,2025-09-06,15054,15518,0.0
14,2025-09-07,15903,15745,0.0
14,2025-09-08,15680,15314,0.0
14,2025-09-09,14677,14935,0.0
14,2025-09-10,15789,15380,0.0
14,2025-09-11,14824,14609,0.0
14,2025-09-12,15024,14954,0.0
14,2025-09-13,14610,14978,0.0
14,2025-09-14,15300,15418,0.0
14,2025-09-15,16287,15700,0.0
14,2025-09-16,15822,15560,0.0
14,2025-09-17,14373,14468,0.0
14,2025-09-18,15267,15505,0.0
14,2025-09-19,15562,15648,0.0
14,2025-09-20,14820,14524,0.0
15,2025-08-24,27816,27798,0.0
15,2025-08-25,27272,27782,0.0
15,2025-08-26,28481,27606,0.0
15,2025-08-27,28837,28945,0.0
15,2025-08-28,28954,28242,0.0
15,2025-08-29,27882,27254,0.0
15,2025-08-30,28907,28862,0.0
15,2025-08-31,25940,26678,0.0
15,2025-09-01,26599,26915,0.0
15,2025-09-02,28933,29110,0.0
15,2025-09-03,26329,26832,0.0
15,2025-09-04,30417,29363,0.0
15,2025-09-05,29196,29383,0.0
15,2025-09-06,29526,28596,0.0
15,2025-09-07,28459,28454,0.0
15,2025-09-08,28187,27839,0.0
15,2025-09-09,26826,27550,0.0
15,2025-09-10,28829,27769,0.0
15,2025-09-11,29472,29216,0.0
15,2025-09-12,28695,28473,0.0
15,2025-09-13,26644,26891,0.0
15,2025-09-14,28091,28162,0.0
15,2025-09-15,26891,26775,0.0
15,2025-09-16,26069,26868,0.0
15,2025-09-17,29159,28374,0.0
15,2025-09-18,26991,26894,0.0
15,2025-09-19,27969,28410,0.0
15,2025-09-20,29022,27949,0.0
16,2025-08-24,6395,6539,0.0
16,2025-08-25,6627,6608,0.0
16,2025-08-26,6374,6448,0.0
16,2025-08-27,6256,6275,0.0
16,2025-08-28,6137,6158,0.0
16,2025-08-29,6149,6319,0.0
16,2025-08-30,6496,6572,0.0
16,2025-08-31,6194,6136,0.0
16,2025-09-01,6215,6101,0.0
16,2025-09-02,6662,6553,0.0
16,2025-09-03,6513,6520,0.0
16,2025-09-04,5992,6078,0.0
16,2025-09-05,6353,6372,0.0
16,2025-09-06,6719,6476,0.0
16,2025-09-07,6631,6404,0.0
16,2025-09-08,6145,6230,0.0
16,2025-09-09,6566,6582,0.0
16,2025-09-10,6226,6403,0.0
16,2025-09-11,6442,6403,0.0
16,2025-09-12,6370,6133,0.0
16,2025-09-13,6555,6325,0.0
16,2025-09-14,6369,6146,0.0
16,2025-09-15,6068,6162,0.0
16,2025-09-16,5924,6089,0.0
16,2025-09-17,6277,6168,0.0
16,2025-09-18,6303,6134,0.0
16,2025-09-19,6315,6243,0.0
16,2025-09-20,6689,6553,0.0
17,2025-08-24,8874,9092,0.0
17,2025-08-25,9443,9363,0.0
17,2025-08-26,9478,9418,0.0
17,2025-08-27,8953,9222,0.0
17,2025-08-28,9399,9296,0.0
17,2025-08-29,8530,8724,0.0
17,2025-08-30,9204,9116,0.0
17,2025-08-31,9004,8679,0.0
17,2025-09-01,9083,9294,0.0
17,2025-09-02,9607,9373,0.0
17,2025-09-03,9679,9383,0.0
17,2025-09-04,9075,9181,0.0
17,2025-09-05,9107,9017,0.0
17,2025-09-06,8792,8953,0.0
17,2025-09-07,9326,9204,0.0
17,2025-09-08,8930,8947,0.0
17,2025-09-09,9503,9213,0.0
17,2025-09-10,8778,9018,0.0
17,2025-09-11,8826,8926,0.0
17,2025-09-12,9246,9306,0.0
17,2025-09-13,9274,9351,0.0
17,2025-09-14,9484,9208,0.0
17,2025-09-15,9129,8795,0.0
17,2025-09-16,9177,9261,0.0
17,2025-09-17,9093,8879,0.0
17,2025-09-18,9328,9136,0.0
17,2025-09-19,8774,8988,0.0
17,2025-09-20,9261,8957,0.0
18,2025-08-24,37387,37159,0.0
18,2025-08-25,36913,35999,0.0
18,2025-08-26,38620,38689,0.0
18,2025-08-27,36763,36406,0.0
18,2025-08-28,35395,35969,0.0
18,2025-08-29,36126,37108,0.0
18,2025-08-30,37340,37499,0.0
18,2025-08-31,39641,38315,0.0
18,2025-09-01,37588,37431,0.0
18,2025-09-02,37948,37827,0.0
18,2025-09-03,37776,36725,0.0
18,2025-09-04,35006,35855,0.0
18,2025-09-05,39838,38687,0.0
18,2025-09-06,36068,36599,0.0
18,2025-09-07,38271,37683,0.0
18,2025-09-08,39763,38319,0.0
18,2025-09-09,35649,36404,0.0
18,2025-09-10,37495,38041,0.0
18,2025-09-11,39185,38421,0.0
18,2025-09-12,40230,38957,0.0
18,2025-09-13,36345,36889,0.0
18,2025-09-14,38469,37951,0.0
18,2025-09-15,25235,38911,9.0
18,2025-09-16,37241,36816,0.0
18,2025-09-17,37154,37017,0.0
18,2025-09-18,36527,36794,0.0
18,2025-09-19,39603,38203,0.0
18,2025-09-20,36883,36656,0.0
19,2025-08-24,56536,54889,0.0
19,2025-08-25,50929,51321,0.0
19,2025-08-26,43454,55405,5.0
19,2025-08-27,54837,53680,0.0
19,2025-08-28,53824,52403,0.0
19,2025-08-29,54948,53975,0.0
19,2025-08-30,54366,52485,0.0
19,2025-08-31,53098,54077,0.0
19,2025-09-01,52582,53083,0.0
19,2025-09-02,54663,53552,0.0
19,2025-09-03,57374,55366,0.0
19,2025-09-04,51017,51765,0.0
19,2025-09-05,55266,55298,0.0
19,2025-09-06,53627,53045,0.0
19,2025-09-07,52538,53954,0.0
19,2025-09-08,53803,53090,0.0
19,2025-09-09,53028,54200,0.0
19,2025-09-10,55153,55213,0.0
19,2025-09-11,54468,52401,0.0
19,2025-09-12,57643,55829,0.0
19,2025-09-13,53101,51536,0.0
19,2025-09-14,55454,55829,0.0
19,2025-09-15,51608,52983,0.0
19,2025-09-16,54939,53644,0.0
19,2025-09-17,56094,54728,0.0
19,2025-09-18,52881,52862,0.0
19,2025-09-19,50773,50601,0.0
19,2025-09-20,56810,55634,0.0
20,2025-08-24,4334,4198,0.0
20,2025-08-25,3922,3895,0.0
20,2025-08-26,4063,4188,0.0
20,2025-08-27,4186,4247,0.0
20,2025-08-28,3897,3930,0.0
20,2025-08-29,4034,4013,0.0
20,2025-08-30,3806,3906,0.0
20,2025-08-31,4222,4074,0.0
20,2025-09-01,4128,4102,0.0
20,2025-09-02,4170,4169,0.0
20,2025-09-03,4206,4295,0.0
20,2025-09-04,4213,4195,0.0
20,2025-09-05,4180,4259,0.0
20,2025-09-06,4000,3896,0.0
20,2025-09-07,4229,4291,0.0
20,2025-09-08,3837,3897,0.0
20,2025-09-09,3958,3938,0.0
20,2025-09-10,4295,4212,0.0
20,2025-09-11,4134,4150,0.0
20,2025-09-12,4242,4143,0.0
20,2025-09-13,3952,3907,0.0
20,2025-09-14,4135,4230,0.0
20,2025-09-15,3830,3935,0.0
20,2025-09-16,3942,3938,0.0
20,2025-09-17,4123,4175,0.0
20,2025-09-18,4102,4168,0.0
20,2025-09-19,3940,4060,0.0
20,2025-09-20,4006,4101,0.0
21,2025-08-24,3002,2962,0.0
21,2025-08-25,3017,3020,0.0
21,2025-08-26,2955,2938,0.0
21,2025-08-27,2955,2986,0.0
21,2025-08-28,2949,2935,0.0
21,2025-08-29,3073,3000,0.0
21,2025-08-30,2971,2862,0.0
21,2025-08-31,2801,2805,0.0
21,2025-09-01,3048,3023,0.0
21,2025-09-02,2950,2898,0.0
21,2025-09-03,2724,2762,0.0
21,2025-09-04,2724,2791,0.0
21,2025-09-05,2931,2902,0.0
21,2025-09-06,3093,2985,0.0
21,2025-09-07,2895,2969,0.0
21,2025-09-08,3044,2946,0.0
21,2025-09-09,3048,3042,0.0
21,2025-09-10,2741,2773,0.0
21,2025-09-11,3093,3012,0.0
21,2025-09-12,2947,2863,0.0
21,2025-09-13,2932,2882,0.0
21,2025-09-14,2940,3006,0.0
21,2025-09-15,2850,2761,0.0
21,2025-09-16,2887,2947,0.0
21,2025-09-17,2996,3018,0.0
21,2025-09-18,2940,2836,0.0
21,2025-09-19,2928,2867,0.0
21,2025-09-20,2775,2792,0.0
22,2025-08-24,6353,6366,0.0
22,2025-08-25,6701,6516,0.0
22,2025-08-26,6366,6344,0.0
22,2025-08-27,6378,6181,0.0
22,2025-08-28,6403,6539,0.0
22,2025-08-29,6870,6614,0.0
22,2025-08-30,6505,6657,0.0
22,2025-08-31,6462,6438,0.0
22,2025-09-01,6469,6465,0.0
22,2025-09-02,6623,6465,0.0
22,2025-09-03,6838,6637,0.0
22,2025-09-04,6783,6645,0.0
22,2025-09-05,6411,6387,0.0
22,2025-09-06,6560,6356,0.0
22,2025-09-07,6326,6493,0.0
22,2025-09-08,6436,6630,0.0
22,2025-09-09,6594,6550,0.0
22,2025-09-10,6346,6218,0.0
22,2025-09-11,6877,6633,0.0
22,2025-09-12,6556,6515,0.0
22,2025-09-13,6435,6351,0.0
22,2025-09-14,6516,6383,0.0
22,2025-09-15,6591,6485,0.0
22,2025-09-16,6473,6603,0.0
22,2025-09-17,6675,6466,0.0
22,2025-09-18,6477,6672,0.0
22,2025-09-19,6409,6375,0.0
22,2025-09-20,6209,6180,0.0
23,2025-08-24,26496,26698,0.0
23,2025-08-25,27444,27295,0.0
23,2025-08-26,26721,26014,0.0
23,2025-08-27,26302,26039,0.0
23,2025-08-28,28238,28463,0.0
23,2025-08-29,26121,26895,0.0
23,2025-08-30,28278,28042,0.0
23,2025-08-31,28561,27531,0.0
23,2025-09-01,27835,27577,0.0
23,2025-09-02,27868,28041,0.0
23,2025-09-03,27478,26701,0.0
23,2025-09-04,28078,27746,0.0
23,2025-09-05,26107,26064,0.0
23,2025-09-06,25965,26764,0.0
23,2025-09-07,27996,27287,0.0
23,2025-09-08,27598,28235,0.0
23,2025-09-09,28581,27816,0.0
23,2025-09-10,26010,26332,0.0
23,2025-09-11,27167,26385,0.0
23,2025-09-12,26271,26717,0.0
23,2025-09-13,26783,27519,0.0
23,2025-09-14,27617,28221,0.0
23,2025-09-15,27474,27169,0.0
23,2025-09-16,26973,27799,0.0
23,2025-09-17,27397,27389,0.0
23,2025-09-18,28968,28271,0.0
23,2025-09-19,27514,28014,0.0
23,2025-09-20,27885,27446,0.0
24,2025-08-24,8918,8986,0.0
24,2025-08-25,8743,8750,0.0
24,2025-08-26,8593,8438,0.0
24,2025-08-27,8501,8520,0.0
24,2025-08-28,8836,8920,0.0
24,2025-08-29,8566,8744,0.0
24,2025-08-30,8943,8666,0.0
24,2025-08-31,8949,8697,0.0
24,2025-09-01,8789,8861,0.0
24,2025-09-02,8484,8411,0.0
24,2025-09-03,8705,8841,0.0
24,2025-09-04,9182,9020,0.0
24,2025-09-05,8654,8838,0.0
24,2025-09-06,8697,8377,0.0
24,2025-09-07,8843,8774,0.0
24,2025-09-08,9056,8881,0.0
24,2025-09-09,8808,8727,0.0
24,2025-09-10,9156,8838,0.0
24,2025-09-11,6717,8997,0.0
24,2025-09-12,6596,8982,0.0
24,2025-09-13,5966,8234,0.0
24,2025-09-14,5960,8553,0.0
24,2025-09-15,5725,8272,0.0
24,2025-09-16,6329,8903,0.0
24,2025-09-17,6820,8814,0.0
24,2025-09-18,5796,8277,0.0
24,2025-09-19,6352,8399,0.0
24,2025-09-20,8600,8533,0.0
25,2025-08-24,2910,2906,0.0
25,2025-08-25,2940,2891,0.0
25,2025-08-26,2873,2915,0.0
25,2025-08-27,2868,2876,0.0
25,2025-08-28,3004,2929,0.0
25,2025-08-29,2793,2743,0.0
25,2025-08-30,2839,2849,0.0
25,2025-08-31,2999,2926,0.0
25,2025-09-01,2848,2745,0.0
25,2025-09-02,2849,2788,0.0
25,2025-09-03,3067,2976,0.0
25,2025-09-04,2796,2794,0.0
25,2025-09-05,2975,2933,0.0
25,2025-09-06,2885,2898,0.0
25,2025-09-07,2846,2786,0.0
25,2025-09-08,2842,2785,0.0
25,2025-09-09,3016,3012,0.0
25,2025-09-10,2931,3006,0.0
25,2025-09-11,2822,2763,0.0
25,2025-09-12,2732,2809,0.0
25,2025-09-13,2743,2775,0.0
25,2025-09-14,2810,2731,0.0
25,2025-09-15,3006,2999,0.0
25,2025-09-16,2914,2996,0.0
25,2025-09-17,2985,2951,0.0
25,2025-09-18,3011,2971,0.0
25,2025-09-19,2929,2956,0.0
25,2025-09-20,2773,2750,0.0
26,2025-08-24,12169,11936,0.0
26,2025-08-25,12371,11930,0.0
26,2025-08-26,11787,11500,0.0
26,2025-08-27,11885,11791,0.0
26,2025-08-28,12293,12362,0.0
26,2025-08-29,11897,11705,0.0
26,2025-08-30,12324,12442,0.0
26,2025-08-31,12033,11876,0.0
26,2025-09-01,12319,12206,0.0
26,2025-09-02,11623,11447,0.0
26,2025-09-03,11528,11596,0.0
26,2025-09-04,12589,12404,0.0
26,2025-09-05,11211,11358,0.0
26,2025-09-06,12140,11764,0.0
26,2025-09-07,11739,11445,0.0
26,2025-09-08,12025,12172,0.0
26,2025-09-09,11588,11926,0.0
26,2025-09-10,12208,11923,0.0
26,2025-09-11,11956,11890,0.0
26,2025-09-12,11974,12086,0.0
26,2025-09-13,11321,11408,0.0
26,2025-09-14,12176,12467,0.0
26,2025-09-15,12233,11945,0.0
26,2025-09-16,11721,11561,0.0
26,2025-09-17,11726,11564,0.0
26,2025-09-18,12526,12305,0.0
26,2025-09-19,12105,12297,0.0
26,2025-09-20,12577,12193,0.0
27,2025-08-24,19646,19127,0.0
27,2025-08-25,19836,20415,0.0
27,2025-08-26,18857,19338,0.0
27,2025-08-27,20107,20625,0.0
27,2025-08-28,19854,19884,0.0
27,2025-08-29,19605,19761,0.0
27,2025-08-30,19817,20422,0.0
27,2025-08-31,19497,19074,0.0
27,2025-09-01,19888,19988,0.0
27,2025-09-02,20558,20195,0.0
27,2025-09-03,20433,19745,0.0
27,2025-09-04,18757,19295,0.0
27,2025-09-05,21033,20575,0.0
27,2025-09-06,20060,20250,0.0
27,2025-09-07,21583,20912,0.0
27,2025-09-08,21216,20896,0.0
27,2025-09-09,7668,19066,8.0
27,2025-09-10,12496,20077,0.0
27,2025-09-11,11763,20433,2.7
27,2025-09-12,13674,20684,0.0
27,2025-09-13,12260,20215,0.0
27,2025-09-14,12220,20324,0.0
27,2025-09-15,12223,20484,0.0
27,2025-09-16,12854,20271,0.0
27,2025-09-17,8690,19377,6.4
27,2025-09-18,13089,19696,0.0
27,2025-09-19,11934,19553,0.0
27,2025-09-20,11072,19639,2.5
28,2025-08-24,16832,16565,0.0
28,2025-08-25,16043,16360,0.0
28,2025-08-26,17447,16996,0.0
28,2025-08-27,15656,15947,0.0
28,2025-08-28,17010,16596,0.0
28,2025-08-29,16124,15888,0.0
28,2025-08-30,16462,16543,0.0
28,2025-08-31,16107,16218,0.0
28,2025-09-01,16717,16698,0.0
28,2025-09-02,15678,15615,0.0
28,2025-09-03,15808,15572,0.0
28,2025-09-04,16607,16781,0.0
28,2025-09-05,16268,15758,0.0
28,2025-09-06,16808,16457,0.0
28,2025-09-07,17241,16888,0.0
28,2025-09-08,16950,16465,0.0
28,2025-09-09,16819,16379,0.0
28,2025-09-10,16160,15784,0.0
28,2025-09-11,15426,15862,0.0
28,2025-09-12,16846,16315,0.0
28,2025-09-13,15927,15680,0.0
28,2025-09-14,16844,16887,0.0
28,2025-09-15,17020,16831,0.0
28,2025-09-16,15917,16253,0.0
28,2025-09-17,15650,16030,0.0
28,2025-09-18,15363,15827,0.0
28,2025-09-19,17672,17034,0.0
28,2025-09-20,16967,16669,0.0
29,2025-08-24,8582,8759,0.0
29,2025-08-25,9216,9128,0.0
29,2025-08-26,9019,8748,0.0
29,2025-08-27,9668,9467,0.0
29,2025-08-28,9053,9306,0.0
29,2025-08-29,8733,8855,0.0
29,2025-08-30,9095,9221,0.0
29,2025-08-31,9391,9333,0.0
29,2025-09-01,9421,9448,0.0
29,2025-09-02,8925,8651,0.0
29,2025-09-03,8843,8709,0.0
29,2025-09-04,9537,9190,0.0
29,2025-09-05,9187,9288,0.0
29,2025-09-06,9227,9132,0.0
29,2025-09-07,8925,8958,0.0
29,2025-09-08,9535,9430,0.0
29,2025-09-09,8625,8843,0.0
29,2025-09-10,9152,8817,0.0
29,2025-09-11,9341,9356,0.0
29,2025-09-12,9279,9334,0.0
29,2025-09-13,8897,8621,0.0
29,2025-09-14,9300,9014,0.0
29,2025-09-15,8955,9082,0.0
29,2025-09-16,8660,8751,0.0
29,2025-09-17,8987,9161,0.0
29,2025-09-18,9465,9215,0.0
29,2025-09-19,8906,8915,0.0
29,2025-09-20,9023,9227,0.0
30,2025-08-24,12248,12205,0.0
30,2025-08-25,12171,11988,0.0
30,2025-08-26,11494,11645,0.0
30,2025-08-27,11787,11654,0.0
30,2025-08-28,12641,12568,0.0
30,2025-08-29,11461,11692,0.0
30,2025-08-30,10142,12116,0.0
30,2025-08-31,9974,12663,0.0
30,2025-09-01,10166,12553,0.0
30,2025-09-02,10218,12484,0.0
30,2025-09-03,9866,11753,0.0
30,2025-09-04,9732,12061,0.0
30,2025-09-05,9345,11756,0.0
30,2025-09-06,9192,11663,0.0
30,2025-09-07,9992,12419,0.0
30,2025-09-08,9790,12109,0.0
30,2025-09-09,9424,12320,0.0
30,2025-09-10,10222,12212,0.0
30,2025-09-11,9026,11948,0.0
30,2025-09-12,8766,11511,0.0
30,2025-09-13,10058,12591,0.0
30,2025-09-14,10171,12490,0.0
30,2025-09-15,9443,11705,0.0
30,2025-09-16,10201,12216,0.0
30,2025-09-17,10105,12134,0.0
30,2025-09-18,9524,11603,0.0
30,2025-09-19,10216,12582,0.0
30,2025-09-20,9199,11492,0.0
31,2025-08-24,4901,4733,0.0
31,2025-08-25,4613,4613,0.0
31,2025-08-26,4890,4742,0.0
31,2025-08-27,4854,4854,0.0
31,2025-08-28,4792,4775,0.0
31,2025-08-29,4764,4791,0.0
31,2025-08-30,4968,4807,0.0
31,2025-08-31,4662,4615,0.0
31,2025-09-01,4714,4773,0.0
31,2025-09-02,4606,4456,0.0
31,2025-09-03,4725,4670,0.0
31,2025-09-04,4367,4420,0.0
31,2025-09-05,4518,4421,0.0
31,2025-09-06,4689,4659,0.0
31,2025-09-07,4496,4513,0.0
31,2025-09-08,4728,4607,0.0
31,2025-09-09,4510,4615,0.0
31,2025-09-10,4588,4539,0.0
31,2025-09-11,4715,4680,0.0
31,2025-09-12,4940,4878,0.0
31,2025-09-13,4502,4512,0.0
31,2025-09-14,4717,4677,0.0
31,2025-09-15,4595,4677,0.0
31,2025-09-16,4895,4877,0.0
31,2025-09-17,4826,4777,0.0
31,2025-09-18,4471,4481,0.0
31,2025-09-19,4609,4473,0.0
31,2025-09-20,4714,4781,0.0
32,2025-08-24,5083,4905,0.0
32,2025-08-25,5285,5256,0.0
32,2025-08-26,5302,5168,0.0
32,2025-08-27,4968,4881,0.0
32,2025-08-28,5164,5179,0.0
32,2025-08-29,5413,5275,0.0
32,2025-08-30,5176,5161,0.0
32,2025-08-31,4870,4989,0.0
32,2025-09-01,5144,5165,0.0
32,2025-09-02,3107,5330,0.0
32,2025-09-03,2910,5189,0.0
32,2025-09-04,2957,5347,0.0
32,2025-09-05,2821,5249,0.0
32,2025-09-06,2786,5107,0.0
32,2025-09-07,2826,5289,0.0
32,2025-09-08,3056,5119,0.0
32,2025-09-09,2874,5255,0.0
32,2025-09-10,2962,5211,0.0
32,2025-09-11,2992,5199,0.0
32,2025-09-12,2896,5189,0.0
32,2025-09-13,2940,4899,0.0
32,2025-09-14,2794,5058,0.0
32,2025-09-15,2931,5061,0.0
32,2025-09-16,2661,4862,0.0
32,2025-09-17,3096,5324,0.0
32,2025-09-18,2984,5225,0.0
32,2025-09-19,2945,5152,0.0
32,2025-09-20,2937,5271,0.0
33,2025-08-24,50977,49139,0.0
33,2025-08-25,46340,47758,0.0
33,2025-08-26,49827,49378,0.0
33,2025-08-27,48350,49428,0.0
33,2025-08-28,51198,50810,0.0
33,2025-08-29,48803,48755,0.0
33,2025-08-30,47940,48571,0.0
33,2025-08-31,52228,51320,0.0
33,2025-09-01,48347,48167,0.0
33,2025-09-02,49191,47982,0.0
33,2025-09-03,50202,48930,0.0
33,2025-09-04,50731,50354,0.0
33,2025-09-05,48379,48863,0.0
33,2025-09-06,49330,49631,0.0
33,2025-09-07,47587,47973,0.0
33,2025-09-08,49706,50577,0.0
33,2025-09-09,49689,50533,0.0
33,2025-09-10,47574,48204,0.0
33,2025-09-11,52473,51022,0.0
33,2025-09-12,48650,47486,0.0
33,2025-09-13,51146,49326,0.0
33,2025-09-14,35536,51080,7.9
33,2025-09-15,50920,51327,0.0
33,2025-09-16,48742,48250,0.0
33,2025-09-17,50578,49417,0.0
33,2025-09-18,48596,47527,0.0
33,2025-09-19,51512,51532,0.0
33,2025-09-20,50850,51141,0.0
34,2025-08-24,3191,3116,0.0
34,2025-08-25,3068,3136,0.0
34,2025-08-26,2952,2976,0.0
34,2025-08-27,3145,3092,0.0
34,2025-08-28,3016,3087,0.0
34,2025-08-29,3123,3032,0.0
34,2025-08-30,3022,3058,0.0
34,2025-08-31,3195,3081,0.0
34,2025-09-01,3052,3106,0.0
34,2025-09-02,3206,3209,0.0
34,2025-09-03,3085,3099,0.0
34,2025-09-04,3156,3152,0.0
34,2025-09-05,3310,3188,0.0
34,2025-09-06,3285,3199,0.0
34,2025-09-07,3229,3147,0.0
34,2025-09-08,3125,3035,0.0
34,2025-09-09,3288,3205,0.0
34,2025-09-10,2985,2976,0.0
34,2025-09-11,3013,3015,0.0
34,2025-09-12,3274,3171,0.0
34,2025-09-13,3094,3072,0.0
34,2025-09-14,3064,3052,0.0
34,2025-09-15,3077,2988,0.0
34,2025-09-16,2954,3024,0.0
34,2025-09-17,3007,3053,0.0
34,2025-09-18,3089,3003,0.0
34,2025-09-19,3122,3055,0.0
34,2025-09-20,3132,3148,0.0
35,2025-08-24,28461,27721,0.0
35,2025-08-25,27708,27741,0.0
35,2025-08-26,28957,28457,0.0
35,2025-08-27,28878,28582,0.0
35,2025-08-28,29736,29510,0.0
35,2025-08-29,27389,27668,0.0
35,2025-08-30,29099,28934,0.0
35,2025-08-31,27007,26973,0.0
35,2025-09-01,28421,28058,0.0
35,2025-09-02,30276,29197,0.0
35,2025-09-03,29802,29367,0.0
35,2025-09-04,28462,28476,0.0
35,2025-09-05,29257,29306,0.0
35,2025-09-06,27041,27720,0.0
35,2025-09-07,28360,28591,0.0
35,2025-09-08,29018,28457,0.0
35,2025-09-09,29184,29252,0.0
35,2025-09-10,30121,29396,0.0
35,2025-09-11,28849,28219,0.0
35,2025-09-12,27264,27223,0.0
35,2025-09-13,27911,27104,0.0
35,2025-09-14,27088,27461,0.0
35,2025-09-15,29500,28863,0.0
35,2025-09-16,27444,27870,0.0
35,2025-09-17,28704,29390,0.0
35,2025-09-18,26988,26904,0.0
35,2025-09-19,28904,28228,0.0
35,2025-09-20,28119,27045,0.0
36,2025-08-24,58026,59459,0.0
36,2025-08-25,57539,58353,0.0
36,2025-08-26,55942,57151,0.0
36,2025-08-27,54635,56183,0.0
36,2025-08-28,58544,56812,0.0
36,2025-08-29,59304,57275,0.0
36,2025-08-30,59304,57222,0.0
36,2025-08-31,58531,58417,0.0
36,2025-09-01,57820,57795,0.0
36,2025-09-02,58807,56894,0.0
36,2025-09-03,54576,55903,0.0
36,2025-09-04,53173,54209,0.0
36,2025-09-05,56192,54925,0.0
36,2025-09-06,58502,58069,0.0
36,2025-09-07,57134,55856,0.0
36,2025-09-08,59039,57551,0.0
36,2025-09-09,55685,55223,0.0
36,2025-09-10,55606,55573,0.0
36,2025-09-11,59766,58871,0.0
36,2025-09-12,56301,57713,0.0
36,2025-09-13,59142,57644,0.0
36,2025-09-14,57210,57845,0.0
36,2025-09-15,54602,55220,0.0
36,2025-09-16,53658,54778,0.0
36,2025-09-17,58239,58141,0.0
36,2025-09-18,54600,55016,0.0
36,2025-09-19,57992,59691,0.0
36,2025-09-20,55444,56648,0.0
37,2025-08-24,12691,13076,0.0
37,2025-08-25,12865,13249,0.0
37,2025-08-26,14015,14024,0.0
37,2025-08-27,13524,13459,0.0
37,2025-08-28,13240,12996,0.0
37,2025-08-29,13635,13976,0.0
37,2025-08-30,13052,13316,0.0
37,2025-08-31,13659,13694,0.0
37,2025-09-01,13928,14174,0.0
37,2025-09-02,13304,13473,0.0
37,2025-09-03,13866,14282,0.0
37,2025-09-04,13747,13478,0.0
37,2025-09-05,13798,13290,0.0
37,2025-09-06,13748,13225,0.0
37,2025-09-07,13361,13081,0.0
37,2025-09-08,13457,13237,0.0
37,2025-09-09,14224,14264,0.0
37,2025-09-10,13636,13169,0.0
37,2025-09-11,14261,13968,0.0
37,2025-09-12,13231,13120,0.0
37,2025-09-13,13409,13360,0.0
37,2025-09-14,12961,13024,0.0
37,2025-09-15,14518,14280,0.0
37,2025-09-16,13362,13545,0.0
37,2025-09-17,13629,14036,0.0
37,2025-09-18,13640,13493,0.0
37,2025-09-19,14088,14274,0.0
37,2025-09-20,14043,13895,0.0
38,2025-08-24,22298,22734,0.0
38,2025-08-25,22658,22546,0.0
38,2025-08-26,23569,22709,0.0
38,2025-08-27,21258,21368,0.0
38,2025-08-28,21609,22107,0.0
38,2025-08-29,22657,22454,0.0
38,2025-08-30,23384,22650,0.0
38,2025-08-31,18357,21582,4.0
38,2025-09-01,22698,22265,0.0
38,2025-09-02,22377,22282,0.0
38,2025-09-03,21901,22064,0.0
38,2025-09-04,23205,22932,0.0
38,2025-09-05,22180,22022,0.0
38,2025-09-06,22207,22033,0.0
38,2025-09-07,15823,22651,0.0
38,2025-09-08,15459,21833,0.0
38,2025-09-09,14458,21168,0.0
38,2025-09-10,15545,21448,0.0
38,2025-09-11,15392,21369,0.0
38,2025-09-12,21711,21740,0.0
38,2025-09-13,21464,21124,0.0
38,2025-09-14,20727,21097,0.0
38,2025-09-15,20748,21098,0.0
38,2025-09-16,22050,22112,0.0
38,2025-09-17,21375,21136,0.0
38,2025-09-18,21482,21056,0.0
38,2025-09-19,23449,23082,0.0
38,2025-09-20,22504,22442,0.0
39,2025-08-24,4220,4241,0.0
39,2025-08-25,4411,4273,0.0
39,2025-08-26,4058,3957,0.0
39,2025-08-27,4206,4152,0.0
39,2025-08-28,4369,4278,0.0
39,2025-08-29,3923,4022,0.0
39,2025-08-30,4000,3975,0.0
39,2025-08-31,4035,4092,0.0
39,2025-09-01,4135,4205,0.0
39,2025-09-02,4367,4325,0.0
39,2025-09-03,4201,4164,0.0
39,2025-09-04,4344,4250,0.0
39,2025-09-05,4255,4212,0.0
39,2025-09-06,4188,4110,0.0
39,2025-09-07,4164,4261,0.0
39,2025-09-08,4177,4142,0.0
39,2025-09-09,4220,4154,0.0
39,2025-09-10,4370,4319,0.0
39,2025-09-11,4299,4161,0.0
39,2025-09-12,4453,4283,0.0
39,2025-09-13,4190,4195,0.0
39,2025-09-14,4180,4067,0.0
39,2025-09-15,4104,4159,0.0
39,2025-09-16,4145,4161,0.0
39,2025-09-17,4172,4082,0.0
39,2025-09-18,4337,4330,0.0
39,2025-09-19,3828,3947,0.0
39,2025-09-20,3900,3940,0.0
40,2025-08-24,22570,23044,0.0
40,2025-08-25,22565,23252,0.0
40,2025-08-26,21441,21767,0.0
40,2025-08-27,23717,23161,0.0
40,2025-08-28,23744,23108,0.0
40,2025-08-29,22464,22335,0.0
40,2025-08-30,21491,21278,0.0
40,2025-08-31,21462,21415,0.0
40,2025-09-01,22778,23042,0.0
40,2025-09-02,21366,21637,0.0
40,2025-09-03,22133,22334,0.0
40,2025-09-04,21762,21551,0.0
40,2025-09-05,21253,21789,0.0
40,2025-09-06,22235,22152,0.0
40,2025-09-07,23373,22628,0.0
40,2025-09-08,21863,21281,0.0
40,2025-09-09,21468,21152,0.0
40,2025-09-10,22497,21915,0.0
40,2025-09-11,23682,23114,0.0
40,2025-09-12,22868,23020,0.0
40,2025-09-13,23141,23132,0.0
40,2025-09-14,22286,22778,0.0
40,2025-09-15,23465,22953,0.0
40,2025-09-16,23261,22475,0.0
40,2025-09-17,21491,21189,0.0
40,2025-09-18,21923,21777,0.0
40,2025-09-19,22001,21794,0.0
40,2025-09-20,21812,21409,0.0
41,2025-08-24,17175,16886,0.0
41,2025-08-25,17119,16493,0.0
41,2025-08-26,15584,15426,0.0
41,2025-08-27,16550,16547,0.0
41,2025-08-28,15511,15822,0.0
41,2025-08-29,16535,16481,0.0
41,2025-08-30,15835,15704,0.0
41,2025-08-31,15947,15981,0.0
41,2025-09-01,16818,16507,0.0
41,2025-09-02,15657,15600,0.0
41,2025-09-03,16163,16201,0.0
41,2025-09-04,17042,16886,0.0
41,2025-09-05,15775,15671,0.0
41,2025-09-06,15791,15973,0.0
41,2025-09-07,16498,16208,0.0
41,2025-09-08,15594,15947,0.0
41,2025-09-09,15518,15588,0.0
41,2025-09-10,16239,16336,0.0
41,2025-09-11,15925,15554,0.0
41,2025-09-12,16511,16603,0.0
41,2025-09-13,16710,16284,0.0
41,2025-09-14,16781,16768,0.0
41,2025-09-15,16160,16384,0.0
41,2025-09-16,16139,16453,0.0
41,2025-09-17,16075,16471,0.0
41,2025-09-18,16069,16281,0.0
41,2025-09-19,16294,16621,0.0
41,2025-09-20,15677,15834,0.0
42,2025-08-24,15084,14698,0.0
42,2025-08-25,14781,14738,0.0
42,2025-08-26,14875,14558,0.0
42,2025-08-27,15491,15365,0.0
42,2025-08-28,15302,15175,0.0
42,2025-08-29,15886,15283,0.0
42,2025-08-30,15053,14805,0.0
42,2025-08-31,15532,15030,0.0
42,2025-09-01,14157,14331,0.0
42,2025-09-02,15041,15285,0.0
42,2025-09-03,14773,14938,0.0
42,2025-09-04,14858,14340,0.0
42,2025-09-05,15481,15234,0.0
42,2025-09-06,15282,14781,0.0
42,2025-09-07,14349,14679,0.0
42,2025-09-08,15291,14820,0.0
42,2025-09-09,15581,15003,0.0
42,2025-09-10,15902,15596,0.0
42,2025-09-11,15195,15136,0.0
42,2025-09-12,14192,14539,0.0
42,2025-09-13,15649,15081,0.0
42,2025-09-14,14584,14300,0.0
42,2025-09-15,15205,14698,0.0
42,2025-09-16,15421,15356,0.0
42,2025-09-17,14827,15266,0.0
42,2025-09-18,14618,14694,0.0
42,2025-09-19,16331,15708,0.0
42,2025-09-20,14180,14334,0.0
43,2025-08-24,25260,25566,0.0
43,2025-08-25,28210,27126,0.0
43,2025-08-26,27994,27019,0.0
43,2025-08-27,25087,25449,0.0
43,2025-08-28,24857,24920,0.0
43,2025-08-29,26458,25912,0.0
43,2025-08-30,27290,26822,0.0
43,2025-08-31,26107,25644,0.0
43,2025-09-01,25927,25668,0.0
43,2025-09-02,25918,26131,0.0
43,2025-09-03,24941,24906,0.0
43,2025-09-04,18205,26068,0.0
43,2025-09-05,17586,25088,0.0
43,2025-09-06,17284,26346,0.0
43,2025-09-07,19343,26917,0.0
43,2025-09-08,18304,26916,0.0
43,2025-09-09,18595,26262,0.0
43,2025-09-10,17261,24974,0.0
43,2025-09-11,16869,25943,0.0
43,2025-09-12,17626,25041,0.0
43,2025-09-13,17802,24941,0.0
43,2025-09-14,16429,25389,0.0
43,2025-09-15,19605,27051,0.0
43,2025-09-16,17740,26493,0.0
43,2025-09-17,18671,26212,0.0
43,2025-09-18,17606,24958,0.0
43,2025-09-19,16441,24905,0.0
43,2025-09-20,17539,27115,0.0
44,2025-08-24,4454,4397,0.0
44,2025-08-25,4449,4393,0.0
44,2025-08-26,4087,4145,0.0
44,2025-08-27,4363,4473,0.0
44,2025-08-28,4408,4501,0.0
44,2025-08-29,4428,4416,0.0
44,2025-08-30,4228,4302,0.0
44,2025-08-31,4217,4204,0.0
44,2025-09-01,4249,4311,0.0
44,2025-09-02,4707,4536,0.0
44,2025-09-03,4384,4230,0.0
44,2025-09-04,4292,4221,0.0
44,2025-09-05,4143,4210,0.0
44,2025-09-06,4483,4324,0.0
44,2025-09-07,4491,4433,0.0
44,2025-09-08,4657,4519,0.0
44,2025-09-09,4470,4471,0.0
44,2025-09-10,4548,4492,0.0
44,2025-09-11,4392,4305,0.0
44,2025-09-12,4538,4382,0.0
44,2025-09-13,4445,4412,0.0
44,2025-09-14,4230,4150,0.0
44,2025-09-15,4235,4332,0.0
44,2025-09-16,4656,4515,0.0
44,2025-09-17,4311,4367,0.0
44,2025-09-18,4311,4150,0.0
44,2025-09-19,4453,4466,0.0
44,2025-09-20,4373,4216,0.0
45,2025-08-24,16322,16310,0.0
45,2025-08-25,15741,15370,0.0
45,2025-08-26,15100,15383,0.0
45,2025-08-27,16554,16005,0.0
45,2025-08-28,16169,15649,0.0
45,2025-08-29,15292,15063,0.0
45,2025-08-30,15279,15203,0.0
45,2025-08-31,16505,16326,0.0
45,2025-09-01,15666,15538,0.0
45,2025-09-02,14849,14960,0.0
45,2025-09-03,16357,16329,0.0
45,2025-09-04,16840,16307,0.0
45,2025-09-05,15064,15430,0.0
45,2025-09-06,16284,16038,0.0
45,2025-09-07,15775,16073,0.0
45,2025-09-08,15651,16030,0.0
45,2025-09-09,15271,15055,0.0
45,2025-09-10,16376,16063,0.0
45,2025-09-11,16489,15882,0.0
45,2025-09-12,15488,15785,0.0
45,2025-09-13,14780,15189,0.0
45,2025-09-14,16182,16289,0.0
45,2025-09-15,15637,15176,0.0
45,2025-09-16,15808,16129,0.0
45,2025-09-17,14998,15405,0.0
45,2025-09-18,16776,16430,0.0
45,2025-09-19,15056,15205,0.0
45,2025-09-20,16969,16429,0.0
46,2025-08-24,16638,17149,0.0
46,2025-08-25,16215,16702,0.0
46,2025-08-26,17303,17219,0.0
46,2025-08-27,16904,16695,0.0
46,2025-08-28,16720,16972,0.0
46,2025-08-29,16638,16609,0.0
46,2025-08-30,16072,15881,0.0
46,2025-08-31,16853,16335,0.0
46,2025-09-01,17482,17241,0.0
46,2025-09-02,15928,16179,0.0
46,2025-09-03,16023,16454,0.0
46,2025-09-04,15609,15925,0.0
46,2025-09-05,17054,16878,0.0
46,2025-09-06,15907,16017,0.0
46,2025-09-07,17138,17531,0.0
46,2025-09-08,16040,16346,0.0
46,2025-09-09,17317,17040,0.0
46,2025-09-10,16979,16810,0.0
46,2025-09-11,17766,17122,0.0
46,2025-09-12,15853,15930,0.0
46,2025-09-13,16800,16410,0.0
46,2025-09-14,17806,17241,0.0
46,2025-09-15,17677,17279,0.0
46,2025-09-16,16232,16657,0.0
46,2025-09-17,16934,17306,0.0
46,2025-09-18,16446,16562,0.0
46,2025-09-19,15971,16220,0.0
46,2025-09-20,16388,16825,0.0
47,2025-08-24,8398,8087,0.0
47,2025-08-25,8047,8244,0.0
47,2025-08-26,8398,8296,0.0
47,2025-08-27,8160,8005,0.0
47,2025-08-28,8100,7870,0.0
47,2025-08-29,8246,8163,0.0
47,2025-08-30,8440,8156,0.0
47,2025-08-31,8288,8249,0.0
47,2025-09-01,8352,8312,0.0
47,2025-09-02,8098,7848,0.0
47,2025-09-03,7741,7817,0.0
47,2025-09-04,7860,8035,0.0
47,2025-09-05,8467,8255,0.0
47,2025-09-06,8030,8157,0.0
47,2025-09-07,7689,7697,0.0
47,2025-09-08,5948,8311,0.0
47,2025-09-09,5754,8177,0.0
47,2025-09-10,5863,7866,0.0
47,2025-09-11,5461,7903,0.0
47,2025-09-12,6070,8279,0.0
47,2025-09-13,5511,7929,0.0
47,2025-09-14,5843,8119,0.0
47,2025-09-15,6408,8332,0.0
47,2025-09-16,5850,8333,0.0
47,2025-09-17,6162,8047,0.0
47,2025-09-18,5587,7689,0.0
47,2025-09-19,5426,7786,0.0
47,2025-09-20,6063,8358,0.0
48,2025-08-24,4121,3991,0.0
48,2025-08-25,4289,4177,0.0
48,2025-08-26,3909,4014,0.0
48,2025-08-27,4115,4077,0.0
48,2025-08-28,3846,3813,0.0
48,2025-08-29,3979,3938,0.0
48,2025-08-30,4264,4124,0.0
48,2025-08-31,3766,3865,0.0
48,2025-09-01,4054,3941,0.0
48,2025-09-02,4003,4019,0.0
48,2025-09-03,3973,4048,0.0
48,2025-09-04,3786,3852,0.0
48,2025-09-05,4026,3929,0.0
48,2025-09-06,4212,4090,0.0
48,2025-09-07,3797,3840,0.0
48,2025-09-08,4078,3954,0.0
48,2025-09-09,4037,3927,0.0
48,2025-09-10,3901,3875,0.0
48,2025-09-11,3805,3820,0.0
48,2025-09-12,3781,3842,0.0
48,2025-09-13,4147,4125,0.0
48,2025-09-14,3995,3867,0.0
48,2025-09-15,3974,3999,0.0
48,2025-09-16,4052,3930,0.0
48,2025-09-17,4084,4114,0.0
48,2025-09-18,4101,4199,0.0
48,2025-09-19,4228,4203,0.0
48,2025-09-20,3760,3820,0.0
49,2025-08-24,17610,17661,0.0
49,2025-08-25,16352,16718,0.0
49,2025-08-26,17158,17633,0.0
49,2025-08-27,17275,16756,0.0
49,2025-08-28,16890,16363,0.0
49,2025-08-29,17870,17458,0.0
49,2025-08-30,16983,17480,0.0
49,2025-08-31,16788,16545,0.0
49,2025-09-01,16409,16676,0.0
49,2025-09-02,17632,17505,0.0
49,2025-09-03,16934,16652,0.0
49,2025-09-04,16072,16383,0.0
49,2025-09-05,17776,17141,0.0
49,2025-09-06,16721,17112,0.0
49,2025-09-07,16790,16650,0.0
49,2025-09-08,18190,17558,0.0
49,2025-09-09,16647,16480,0.0
49,2025-09-10,17562,17708,0.0
49,2025-09-11,16401,16274,0.0
49,2025-09-12,17231,17727,0.0
49,2025-09-13,16395,16841,0.0
49,2025-09-14,16451,16856,0.0
49,2025-09-15,18048,17706,0.0
49,2025-09-16,17608,17364,0.0
49,2025-09-17,16814,16794,0.0
49,2025-09-18,16413,16525,0.0
49,2025-09-19,17972,17567,0.0
49,2025-09-20,17324,17760,0.0
50,2025-08-24,6067,5928,0.0
50,2025-08-25,5923,6066,0.0
50,2025-08-26,5757,5651,0.0
50,2025-08-27,5923,5973,0.0
50,2025-08-28,6009,5871,0.0
50,2025-08-29,5884,5678,0.0
50,2025-08-30,5932,5745,0.0
50,2025-08-31,5675,5701,0.0
50,2025-09-01,5985,5788,0.0
50,2025-09-02,5960,5785,0.0
50,2025-09-03,5655,5632,0.0
50,2025-09-04,5745,5875,0.0
50,2025-09-05,5928,5760,0.0
50,2025-09-06,5898,5932,0.0
50,2025-09-07,5864,5832,0.0
50,2025-09-08,5769,5656,0.0
50,2025-09-09,5685,5635,0.0
50,2025-09-10,5813,5865,0.0
50,2025-09-11,2662,5734,0.0
50,2025-09-12,2531,5687,0.0
50,2025-09-13,2581,5632,0.0
50,2025-09-14,2660,6002,0.0
50,2025-09-15,2811,6171,0.0
50,2025-09-16,2683,5795,0.0
50,2025-09-17,2676,5695,0.0
50,2025-09-18,2825,6029,0.0
50,2025-09-19,2866,6086,0.0
50,2025-09-20,2603,5944,0.0
51,2025-08-24,30675,31403,0.0
51,2025-08-25,31835,31886,0.0
51,2025-08-26,32968,32586,0.0
51,2025-08-27,30648,30191,0.0
51,2025-08-28,31185,31831,0.0
51,2025-08-29,33252,32388,0.0
51,2025-08-30,30969,30917,0.0
51,2025-08-31,30685,30646,0.0
51,2025-09-01,32211,32505,0.0
51,2025-09-02,34085,32955,0.0
51,2025-09-03,34252,33124,0.0
51,2025-09-04,32013,31609,0.0
51,2025-09-05,31090,30194,0.0
51,2025-09-06,31132,30000,0.0
51,2025-09-07,31511,30343,0.0
51,2025-09-08,30487,31360,0.0
51,2025-09-09,32687,32244,0.0
51,2025-09-10,30678,30664,0.0
51,2025-09-11,31107,31751,0.0
51,2025-09-12,31164,31314,0.0
51,2025-09-13,31337,30393,0.0
51,2025-09-14,23835,32791,6.2
51,2025-09-15,31589,30426,0.0
51,2025-09-16,33577,32713,0.0
51,2025-09-17,33550,32935,0.0
51,2025-09-18,31392,31336,0.0
51,2025-09-19,30615,30710,0.0
51,2025-09-20,30639,31570,0.0
52,2025-08-24,9287,9095,0.0
52,2025-08-25,9182,9286,0.0
52,2025-08-26,8577,8490,0.0
52,2025-08-27,8647,8891,0.0
52,2025-08-28,8939,8977,0.0
52,2025-08-29,8850,8532,0.0
52,2025-08-30,9117,8929,0.0
52,2025-08-31,9404,9129,0.0
52,2025-09-01,8827,8921,0.0
52,2025-09-02,9063,9004,0.0
52,2025-09-03,8906,9022,0.0
52,2025-09-04,9205,9056,0.0
52,2025-09-05,9100,8941,0.0
52,2025-09-06,9102,9007,0.0
52,2025-09-07,9234,8937,0.0
52,2025-09-08,8605,8865,0.0
52,2025-09-09,9271,8972,0.0
52,2025-09-10,8715,8775,0.0
52,2025-09-11,6034,8723,0.0
52,2025-09-12,5703,9080,0.0
52,2025-09-13,5779,8731,0.0
52,2025-09-14,5881,8693,0.0
52,2025-09-15,5962,8975,0.0
52,2025-09-16,5969,9045,0.0
52,2025-09-17,5815,9117,0.0
52,2025-09-18,5487,8892,0.0
52,2025-09-19,5330,8529,0.0
52,2025-09-20,5875,8685,0.0
53,2025-08-24,5233,5166,0.0
53,2025-08-25,5346,5412,0.0
53,2025-08-26,5568,5501,0.0
53,2025-08-27,5485,5369,0.0
53,2025-08-28,5091,5113,0.0
53,2025-08-29,5272,5145,0.0
53,2025-08-30,5207,5299,0.0
53,2025-08-31,5386,5540,0.0
53,2025-09-01,5536,5335,0.0
53,2025-09-02,5613,5463,0.0
53,2025-09-03,5357,5239,0.0
53,2025-09-04,5351,5369,0.0
53,2025-09-05,5215,5109,0.0
53,2025-09-06,5522,5465,0.0
53,2025-09-07,5024,5160,0.0
53,2025-09-08,5186,5048,0.0
53,2025-09-09,5285,5272,0.0
53,2025-09-10,5539,5521,0.0
53,2025-09-11,5321,5144,0.0
53,2025-09-12,5319,5226,0.0
53,2025-09-13,5239,5301,0.0
53,2025-09-14,5175,5173,0.0
53,2025-09-15,5356,5222,0.0
53,2025-09-16,5259,5301,0.0
53,2025-09-17,5259,5072,0.0
53,2025-09-18,5244,5207,0.0
53,2025-09-19,5498,5343,0.0
53,2025-09-20,5244,5164,0.0
54,2025-08-24,9746,9856,0.0
54,2025-08-25,9530,9647,0.0
54,2025-08-26,9756,9734,0.0
54,2025-08-27,9603,9731,0.0
54,2025-08-28,9815,9586,0.0
54,2025-08-29,10213,10038,0.0
54,2025-08-30,9024,9098,0.0
54,2025-08-31,8883,9153,0.0
54,2025-09-01,9579,9591,0.0
54,2025-09-02,9593,9424,0.0
54,2025-09-03,9522,9329,0.0
54,2025-09-04,9413,9681,0.0
54,2025-09-05,9405,9657,0.0
54,2025-09-06,9598,9296,0.0
54,2025-09-07,9315,9205,0.0
54,2025-09-08,9510,9171,0.0
54,2025-09-09,9564,9448,0.0
54,2025-09-10,9935,9708,0.0
54,2025-09-11,9507,9265,0.0
54,2025-09-12,9057,9264,0.0
54,2025-09-13,9628,9720,0.0
54,2025-09-14,9286,9522,0.0
54,2025-09-15,10213,9824,0.0
54,2025-09-16,9906,9727,0.0
54,2025-09-17,9557,9334,0.0
54,2025-09-18,9583,9353,0.0
54,2025-09-19,9217,9460,0.0
54,2025-09-20,9705,9335,0.0
55,2025-08-24,3233,3149,0.0
55,2025-08-25,3324,3410,0.0
55,2025-08-26,3167,3219,0.0
55,2025-08-27,3173,3126,0.0
55,2025-08-28,3257,3232,0.0
55,2025-08-29,3166,3126,0.0
55,2025-08-30,3177,3175,0.0
55,2025-08-31,3028,3114,0.0
55,2025-09-01,3413,3344,0.0
55,2025-09-02,3159,3253,0.0
55,2025-09-03,3139,3091,0.0
55,2025-09-04,3129,3218,0.0
55,2025-09-05,3136,3199,0.0
55,2025-09-06,3083,3092,0.0
55,2025-09-07,3407,3342,0.0
55,2025-09-08,3234,3223,0.0
55,2025-09-09,3426,3356,0.0
55,2025-09-10,3085,3165,0.0
55,2025-09-11,3304,3315,0.0
55,2025-09-12,3207,3131,0.0
55,2025-09-13,3439,3414,0.0
55,2025-09-14,3168,3190,0.0
55,2025-09-15,3326,3416,0.0
55,2025-09-16,3259,3210,0.0
55,2025-09-17,3297,3202,0.0
55,2025-09-18,3435,3339,0.0
55,2025-09-19,3126,3157,0.0
55,2025-09-20,3436,3406,0.0
56,2025-08-24,12280,12084,0.0
56,2025-08-25,11815,11847,0.0
56,2025-08-26,12539,12315,0.0
56,2025-08-27,12646,12255,0.0
56,2025-08-28,11562,11759,0.0
56,2025-08-29,12578,12944,0.0
56,2025-08-30,12032,12195,0.0
56,2025-08-31,12827,12509,0.0
56,2025-09-01,12969,12905,0.0
56,2025-09-02,13253,12907,0.0
56,2025-09-03,11783,12134,0.0
56,2025-09-04,12523,12604,0.0
56,2025-09-05,11956,11976,0.0
56,2025-09-06,12554,12360,0.0
56,2025-09-07,13245,12788,0.0
56,2025-09-08,12724,12629,0.0
56,2025-09-09,11642,11804,0.0
56,2025-09-10,12582,12318,0.0
56,2025-09-11,12466,12834,0.0
56,2025-09-12,12174,12015,0.0
56,2025-09-13,11913,11733,0.0
56,2025-09-14,13014,12831,0.0
56,2025-09-15,12159,11835,0.0
56,2025-09-16,12907,12745,0.0
56,2025-09-17,12398,12723,0.0
56,2025-09-18,12175,12449,0.0
56,2025-09-19,11947,11793,0.0
56,2025-09-20,11939,12131,0.0
57,2025-08-24,21492,20897,0.0
57,2025-08-25,19600,19637,0.0
57,2025-08-26,20871,20505,0.0
57,2025-08-27,21200,21360,0.0
57,2025-08-28,19190,19484,0.0
57,2025-08-29,19171,19520,0.0
57,2025-08-30,20710,20937,0.0
57,2025-08-31,19778,20146,0.0
57,2025-09-01,19521,19888,0.0
57,2025-09-02,19874,19663,0.0
57,2025-09-03,21205,20681,0.0
57,2025-09-04,19639,19712,0.0
57,2025-09-05,20172,19555,0.0
57,2025-09-06,20653,21281,0.0
57,2025-09-07,21003,20602,0.0
57,2025-09-08,20595,20806,0.0
57,2025-09-09,20880,20362,0.0
57,2025-09-10,19267,19683,0.0
57,2025-09-11,20085,20310,0.0
57,2025-09-12,19485,19747,0.0
57,2025-09-13,20987,20608,0.0
57,2025-09-14,21057,20640,0.0
57,2025-09-15,20574,21077,0.0
57,2025-09-16,20064,20245,0.0
57,2025-09-17,19960,19782,0.0
57,2025-09-18,22219,21384,0.0
57,2025-09-19,21432,21151,0.0
57,2025-09-20,21224,20426,0.0
58,2025-08-24,27198,26827,0.0
58,2025-08-25,26074,26664,0.0
58,2025-08-26,28560,27627,0.0
58,2025-08-27,27314,26401,0.0
58,2025-08-28,26533,26947,0.0
58,2025-08-29,28392,27504,0.0
58,2025-08-30,27006,27737,0.0
58,2025-08-31,26901,27675,0.0
58,2025-09-01,27109,27481,0.0
58,2025-09-02,28297,28316,0.0
58,2025-09-03,26186,26556,0.0
58,2025-09-04,27024,27392,0.0
58,2025-09-05,27312,26455,0.0
58,2025-09-06,26736,27456,0.0
58,2025-09-07,27082,26744,0.0
58,2025-09-08,26842,26788,0.0
58,2025-09-09,26877,27180,0.0
58,2025-09-10,27292,27027,0.0
58,2025-09-11,27478,27408,0.0
58,2025-09-12,26672,27068,0.0
58,2025-09-13,29625,28885,0.0
58,2025-09-14,28069,27779,0.0
58,2025-09-15,27661,27694,0.0
58,2025-09-16,27150,27560,0.0
58,2025-09-17,26639,27435,0.0
58,2025-09-18,27104,27452,0.0
58,2025-09-19,29875,28867,0.0
58,2025-09-20,28307,27406,0.0
59,2025-08-24,20363,20926,0.0
59,2025-08-25,20380,19955,0.0
59,2025-08-26,19732,19736,0.0
59,2025-08-27,20881,20339,0.0
59,2025-08-28,19475,19937,0.0
59,2025-08-29,19956,20451,0.0
59,2025-08-30,20125,19760,0.0
59,2025-08-31,19374,19664,0.0
59,2025-09-01,20664,20942,0.0
59,2025-09-02,19698,20284,0.0
59,2025-09-03,19494,19865,0.0
59,2025-09-04,20312,20113,0.0
59,2025-09-05,20636,19874,0.0
59,2025-09-06,19938,20352,0.0
59,2025-09-07,20335,20688,0.0
59,2025-09-08,20635,20353,0.0
59,2025-09-09,19595,20200,0.0
59,2025-09-10,20264,20327,0.0
59,2025-09-11,19680,19541,0.0
59,2025-09-12,20803,20342,0.0
59,2025-09-13,20355,20097,0.0
59,2025-09-14,20000,20315,0.0
59,2025-09-15,19882,19619,0.0
59,2025-09-16,20680,19976,0.0
59,2025-09-17,20338,19675,0.0
59,2025-09-18,19192,19713,0.0
59,2025-09-19,19079,19031,0.0
59,2025-09-20,20153,20242,0.0
60,2025-08-24,2557,2509,0.0
60,2025-08-25,2462,2404,0.0
60,2025-08-26,2487,2504,0.0
60,2025-08-27,2593,2554,0.0
60,2025-08-28,2645,2587,0.0
60,2025-08-29,2606,2557,0.0
60,2025-08-30,2505,2449,0.0
60,2025-08-31,2576,2495,0.0
60,2025-09-01,2382,2383,0.0
60,2025-09-02,2472,2482,0.0
60,2025-09-03,2590,2577,0.0
60,2025-09-04,2509,2502,0.0
60,2025-09-05,2666,2594,0.0
60,2025-09-06,2465,2461,0.0
60,2025-09-07,2585,2542,0.0
60,2025-09-08,2689,2590,0.0
60,2025-09-09,2546,2590,0.0
60,2025-09-10,2408,2467,0.0
60,2025-09-11,2563,2609,0.0
60,2025-09-12,2351,2411,0.0
60,2025-09-13,2352,2406,0.0
60,2025-09-14,2373,2421,0.0
60,2025-09-15,2462,2375,0.0
60,2025-09-16,2537,2540,0.0
60,2025-09-17,2575,2488,0.0
60,2025-09-18,2552,2554,0.0
60,2025-09-19,2348,2417,0.0
60,2025-09-20,2496,2570,0.0
61,2025-08-24,7601,7391,0.0
61,2025-08-25,7385,7434,0.0
61,2025-08-26,7708,7588,0.0
61,2025-08-27,7528,7498,0.0
61,2025-08-28,7464,7412,0.0
61,2025-08-29,7441,7426,0.0
61,2025-08-30,5216,7233,0.0
61,2025-08-31,5109,7175,0.0
61,2025-09-01,4892,7220,0.0
61,2025-09-02,5101,7117,0.0
61,2025-09-03,5171,7713,0.0
61,2025-09-04,4974,7126,0.0
61,2025-09-05,4936,7142,0.0
61,2025-09-06,4980,7530,0.0
61,2025-09-07,7846,7593,0.0
61,2025-09-08,6961,7094,0.0
61,2025-09-09,7725,7431,0.0
61,2025-09-10,7286,7280,0.0
61,2025-09-11,7411,7529,0.0
61,2025-09-12,7857,7729,0.0
61,2025-09-13,7193,7338,0.0
61,2025-09-14,7684,7401,0.0
61,2025-09-15,6874,7026,0.0
61,2025-09-16,7840,7574,0.0
61,2025-09-17,7971,7692,0.0
61,2025-09-18,7575,7723,0.0
61,2025-09-19,7442,7382,0.0
61,2025-09-20,7335,7225,0.0
62,2025-08-24,5000,4842,0.0
62,2025-08-25,4964,4854,0.0
62,2025-08-26,4843,4764,0.0
62,2025-08-27,4922,4821,0.0
62,2025-08-28,4418,4446,0.0
62,2025-08-29,4427,4412,0.0
62,2025-08-30,4525,4448,0.0
62,2025-08-31,2667,4680,0.0
62,2025-09-01,2662,4559,0.0
62,2025-09-02,2766,4675,0.0
62,2025-09-03,2699,4637,0.0
62,2025-09-04,2967,4749,0.0
62,2025-09-05,2581,4433,0.0
62,2025-09-06,2964,4707,0.0
62,2025-09-07,3088,4845,0.0
62,2025-09-08,2757,4621,0.0
62,2025-09-09,2833,4631,0.0
62,2025-09-10,2690,4702,0.0
62,2025-09-11,2820,4725,0.0
62,2025-09-12,2739,4572,0.0
62,2025-09-13,2590,4553,0.0
62,2025-09-14,2716,4600,0.0
62,2025-09-15,2735,4494,0.0
62,2025-09-16,2996,4737,0.0
62,2025-09-17,2751,4599,0.0
62,2025-09-18,4643,4731,0.0
62,2025-09-19,4886,4731,0.0
62,2025-09-20,4775,4780,0.0
63,2025-08-24,23702,23425,0.0
63,2025-08-25,25253,25477,0.0
63,2025-08-26,24052,23891,0.0
63,2025-08-27,25376,24511,0.0
63,2025-08-28,23007,23093,0.0
63,2025-08-29,24089,23740,0.0
63,2025-08-30,23769,24199,0.0
63,2025-08-31,25545,25299,0.0
63,2025-09-01,24695,25098,0.0
63,2025-09-02,24031,24268,0.0
63,2025-09-03,24467,23810,0.0
63,2025-09-04,24543,24277,0.0
63,2025-09-05,24136,23622,0.0
63,2025-09-06,24046,23451,0.0
63,2025-09-07,24410,24632,0.0
63,2025-09-08,23718,23378,0.0
63,2025-09-09,24169,23775,0.0
63,2025-09-10,24838,25279,0.0
63,2025-09-11,23496,23146,0.0
63,2025-09-12,24845,24274,0.0
63,2025-09-13,25461,24531,0.0
63,2025-09-14,24130,24244,0.0
63,2025-09-15,23715,23703,0.0
63,2025-09-16,25901,25443,0.0
63,2025-09-17,24637,23983,0.0
63,2025-09-18,23611,23119,0.0
63,2025-09-19,24199,24489,0.0
63,2025-09-20,23717,24196,0.0
64,2025-08-24,41676,41885,0.0
64,2025-08-25,46507,45841,0.0
64,2025-08-26,44028,44455,0.0
64,2025-08-27,43677,44407,0.0
64,2025-08-28,42890,42386,0.0
64,2025-08-29,45001,45358,0.0
64,2025-08-30,44222,44714,0.0
64,2025-08-31,43515,43195,0.0
64,2025-09-01,42011,42887,0.0
64,2025-09-02,45637,45691,0.0
64,2025-09-03,43213,43860,0.0
64,2025-09-04,45234,44103,0.0
64,2025-09-05,47026,45363,0.0
64,2025-09-06,46037,45172,0.0
64,2025-09-07,43602,42164,0.0
64,2025-09-08,41937,43180,0.0
64,2025-09-09,42707,43591,0.0
64,2025-09-10,46210,45907,0.0
64,2025-09-11,44527,44917,0.0
64,2025-09-12,43758,44697,0.0
64,2025-09-13,42211,42573,0.0
64,2025-09-14,44987,44999,0.0
64,2025-09-15,42521,43777,0.0
64,2025-09-16,41117,41797,0.0
64,2025-09-17,44213,43710,0.0
64,2025-09-18,41816,42976,0.0
64,2025-09-19,40096,44292,1.8
64,2025-09-20,43880,44594,0.0
65,2025-08-24,7204,7412,0.0
65,2025-08-25,7680,7513,0.0
65,2025-08-26,7651,7571,0.0
65,2025-08-27,8135,7900,0.0
65,2025-08-28,7787,7688,0.0
65,2025-08-29,7730,7930,0.0
65,2025-08-30,7887,7707,0.0
65,2025-08-31,8202,8041,0.0
65,2025-09-01,7738,7880,0.0
65,2025-09-02,7624,7858,0.0
65,2025-09-03,8285,8008,0.0
65,2025-09-04,7891,7665,0.0
65,2025-09-05,7583,7443,0.0
65,2025-09-06,7509,7383,0.0
65,2025-09-07,8282,8054,0.0
65,2025-09-08,7693,7696,0.0
65,2025-09-09,7873,7885,0.0
65,2025-09-10,7596,7658,0.0
65,2025-09-11,7730,7681,0.0
65,2025-09-12,7486,7522,0.0
65,2025-09-13,7515,7364,0.0
65,2025-09-14,7630,7596,0.0
65,2025-09-15,7881,7866,0.0
65,2025-09-16,8090,7947,0.0
65,2025-09-17,7504,7613,0.0
65,2025-09-18,7926,7629,0.0
65,2025-09-19,8227,7988,0.0
65,2025-09-20,8231,8022,0.0
66,2025-08-24,20386,20474,0.0
66,2025-08-25,22269,21893,0.0
66,2025-08-26,21523,21572,0.0
66,2025-08-27,21062,20703,0.0
66,2025-08-28,21891,21943,0.0
66,2025-08-29,22889,22042,0.0
66,2025-08-30,21485,20810,0.0
66,2025-08-31,20780,20875,0.0
66,2025-09-01,21907,22263,0.0
66,2025-09-02,20912,20948,0.0
66,2025-09-03,21515,21521,0.0
66,2025-09-04,22615,22095,0.0
66,2025-09-05,22329,22074,0.0
66,2025-09-06,23062,22477,0.0
66,2025-09-07,21770,21882,0.0
66,2025-09-08,23396,22572,0.0
66,2025-09-09,20884,20764,0.0
66,2025-09-10,20747,20710,0.0
66,2025-09-11,12416,20943,0.0
66,2025-09-12,12822,20511,0.0
66,2025-09-13,13575,22234,0.0
66,2025-09-14,12169,20504,0.0
66,2025-09-15,12413,21748,0.0
66,2025-09-16,12264,21098,0.0
66,2025-09-17,13303,22083,0.0
66,2025-09-18,13049,21566,0.0
66,2025-09-19,12721,21450,0.0
66,2025-09-20,12457,21518,0.0
67,2025-08-24,6487,6453,0.0
67,2025-08-25,6624,6452,0.0
67,2025-08-26,6405,6595,0.0
67,2025-08-27,6932,6670,0.0
67,2025-08-28,6254,6393,0.0
67,2025-08-29,6578,6389,0.0
67,2025-08-30,6047,6218,0.0
67,2025-08-31,6711,6605,0.0
67,2025-09-01,6408,6210,0.0
67,2025-09-02,6305,6305,0.0
67,2025-09-03,6576,6595,0.0
67,2025-09-04,6482,6419,0.0
67,2025-09-05,6507,6451,0.0
67,2025-09-06,6484,6466,0.0
67,2025-09-07,6022,6140,0.0
67,2025-09-08,6409,6484,0.0
67,2025-09-09,6515,6539,0.0
67,2025-09-10,6435,6287,0.0
67,2025-09-11,6317,6484,0.0
67,2025-09-12,6206,6340,0.0
67,2025-09-13,6651,6479,0.0
67,2025-09-14,6659,6506,0.0
67,2025-09-15,6357,6379,0.0
67,2025-09-16,6620,6369,0.0
67,2025-09-17,6097,6261,0.0
67,2025-09-18,6219,6305,0.0
67,2025-09-19,6388,6546,0.0
67,2025-09-20,6368,6178,0.0
68,2025-08-24,32139,31894,0.0
68,2025-08-25,33476,33491,0.0
68,2025-08-26,32387,33340,0.0
68,2025-08-27,28336,32848,3.5
68,2025-08-28,34222,34080,0.0
68,2025-08-29,34647,34483,0.0
68,2025-08-30,32170,32771,0.0
68,2025-08-31,33356,33895,0.0
68,2025-09-01,33757,34613,0.0
68,2025-09-02,32389,32764,0.0
68,2025-09-03,34749,33858,0.0
68,2025-09-04,34385,33703,0.0
68,2025-09-05,33298,33664,0.0
68,2025-09-06,32927,32931,0.0
68,2025-09-07,34382,33457,0.0
68,2025-09-08,33356,32817,0.0
68,2025-09-09,33077,33493,0.0
68,2025-09-10,35004,34715,0.0
68,2025-09-11,32591,32393,0.0
68,2025-09-12,35086,34525,0.0
68,2025-09-13,33521,33903,0.0
68,2025-09-14,35835,34802,0.0
68,2025-09-15,32636,31970,0.0
68,2025-09-16,32650,32573,0.0
68,2025-09-17,35407,34592,0.0
68,2025-09-18,35868,34817,0.0
68,2025-09-19,33616,32662,0.0
68,2025-09-20,33426,34066,0.0
69,2025-08-24,4413,4474,0.0
69,2025-08-25,4291,4377,0.0
69,2025-08-26,4623,4507,0.0
69,2025-08-27,4838,4819,0.0
69,2025-08-28,4777,4780,0.0
69,2025-08-29,4417,4489,0.0
69,2025-08-30,4594,4727,0.0
69,2025-08-31,4568,4617,0.0
69,2025-09-01,4449,4383,0.0
69,2025-09-02,4820,4723,0.0
69,2025-09-03,4651,4776,0.0
69,2025-09-04,4464,4501,0.0
69,2025-09-05,4680,4803,0.0
69,2025-09-06,4826,4673,0.0
69,2025-09-07,4691,4546,0.0
69,2025-09-08,4887,4751,0.0
69,2025-09-09,4563,4626,0.0
69,2025-09-10,4441,4419,0.0
69,2025-09-11,4707,4631,0.0
69,2025-09-12,4716,4605,0.0
69,2025-09-13,4425,4405,0.0
69,2025-09-14,4775,4719,0.0
69,2025-09-15,4707,4746,0.0
69,2025-09-16,4836,4734,0.0
69,2025-09-17,4899,4794,0.0
69,2025-09-18,4347,4413,0.0
69,2025-09-19,4422,4490,0.0
69,2025-09-20,4753,4760,0.0
70,2025-08-24,39959,39668,0.0
70,2025-08-25,39112,38794,0.0
70,2025-08-26,39574,39997,0.0
70,2025-08-27,38502,38377,0.0
70,2025-08-28,41082,40468,0.0
70,2025-08-29,40925,40054,0.0
70,2025-08-30,40912,39559,0.0
70,2025-08-31,39310,39432,0.0
70,2025-09-01,40927,39612,0.0
70,2025-09-02,38146,38667,0.0
70,2025-09-03,26731,40517,8.7
70,2025-09-04,41307,39890,0.0
70,2025-09-05,38703,37570,0.0
70,2025-09-06,39793,40106,0.0
70,2025-09-07,38972,38013,0.0
70,2025-09-08,39813,38859,0.0
70,2025-09-09,39573,38241,0.0
70,2025-09-10,38617,37337,0.0
70,2025-09-11,36768,37205,0.0
70,2025-09-12,39899,39077,0.0
70,2025-09-13,40654,39910,0.0
70,2025-09-14,38008,38671,0.0
70,2025-09-15,36601,37725,0.0
70,2025-09-16,37763,37378,0.0
70,2025-09-17,40728,39932,0.0
70,2025-09-18,38436,39257,0.0
70,2025-09-19,40086,38703,0.0
70,2025-09-20,36844,37622,0.0
71,2025-08-24,15801,15622,0.0
71,2025-08-25,15078,15235,0.0
71,2025-08-26,15658,15726,0.0
71,2025-08-27,16369,16428,0.0
71,2025-08-28,15284,15134,0.0
71,2025-08-29,15535,15989,0.0
71,2025-08-30,15662,15464,0.0
71,2025-08-31,15459,15836,0.0
71,2025-09-01,16262,16455,0.0
71,2025-09-02,15656,16083,0.0
71,2025-09-03,15522,15338,0.0
71,2025-09-04,15940,15371,0.0
71,2025-09-05,15269,15123,0.0
71,2025-09-06,16441,16330,0.0
71,2025-09-07,16990,16416,0.0
71,2025-09-08,15528,15458,0.0
71,2025-09-09,16342,16605,0.0
71,2025-09-10,15942,15524,0.0
71,2025-09-11,16057,15708,0.0
71,2025-09-12,15431,15429,0.0
71,2025-09-13,16166,16411,0.0
71,2025-09-14,15723,15402,0.0
71,2025-09-15,16076,16361,0.0
71,2025-09-16,16186,16653,0.0
71,2025-09-17,15604,15818,0.0
71,2025-09-18,15824,16027,0.0
71,2025-09-19,15470,15237,0.0
71,2025-09-20,16532,16486,0.0
72,2025-08-24,21559,21606,0.0
72,2025-08-25,22453,22462,0.0
72,2025-08-26,21441,21250,0.0
72,2025-08-27,21987,21922,0.0
72,2025-08-28,23306,22918,0.0
72,2025-08-29,21710,21146,0.0
72,2025-08-30,23230,23308,0.0
72,2025-08-31,22639,23119,0.0
72,2025-09-01,21136,21512,0.0
72,2025-09-02,22036,22175,0.0
72,2025-09-03,22532,22097,0.0
72,2025-09-04,23122,23311,0.0
72,2025-09-05,22588,21759,0.0
72,2025-09-06,23144,23142,0.0
72,2025-09-07,23846,23195,0.0
72,2025-09-08,21511,21501,0.0
72,2025-09-09,23349,23247,0.0
72,2025-09-10,23330,22550,0.0
72,2025-09-11,20898,21255,0.0
72,2025-09-12,21560,21498,0.0
72,2025-09-13,22619,23125,0.0
72,2025-09-14,23354,23333,0.0
72,2025-09-15,21427,21384,0.0
72,2025-09-16,21480,21911,0.0
72,2025-09-17,22758,22991,0.0
72,2025-09-18,23004,22387,0.0
72,2025-09-19,23000,23354,0.0
72,2025-09-20,16039,23181,7.1
73,2025-08-24,3981,4033,0.0
73,2025-08-25,3871,3964,0.0
73,2025-08-26,4185,4228,0.0
73,2025-08-27,3897,3983,0.0
73,2025-08-28,4010,3875,0.0
73,2025-08-29,3815,3844,0.0
73,2025-08-30,4126,4117,0.0
73,2025-08-31,4099,4085,0.0
73,2025-09-01,4051,4097,0.0
73,2025-09-02,3823,3850,0.0
73,2025-09-03,4069,4015,0.0
73,2025-09-04,4388,4235,0.0
73,2025-09-05,4292,4153,0.0
73,2025-09-06,4092,4180,0.0
73,2025-09-07,4049,3946,0.0
73,2025-09-08,4238,4132,0.0
73,2025-09-09,4108,4075,0.0
73,2025-09-10,3842,3935,0.0
73,2025-09-11,4088,4143,0.0
73,2025-09-12,3832,3840,0.0
73,2025-09-13,3927,3989,0.0
73,2025-09-14,4085,4093,0.0
73,2025-09-15,4037,3894,0.0
73,2025-09-16,4117,4155,0.0
73,2025-09-17,4294,4204,0.0
73,2025-09-18,4210,4075,0.0
73,2025-09-19,3852,3871,0.0
73,2025-09-20,3895,3912,0.0
74,2025-08-24,10710,10698,0.0
74,2025-08-25,10805,10928,0.0
74,2025-08-26,10480,10735,0.0
74,2025-08-27,10435,10480,0.0
74,2025-08-28,10525,10379,0.0
74,2025-08-29,11398,11331,0.0
74,2025-08-30,11169,10979,0.0
74,2025-08-31,11510,11285,0.0
74,2025-09-01,11053,10978,0.0
74,2025-09-02,10524,10785,0.0
74,2025-09-03,10872,11145,0.0
74,2025-09-04,11241,11343,0.0
74,2025-09-05,10792,10603,0.0
74,2025-09-06,10605,10741,0.0
74,2025-09-07,10980,10874,0.0
74,2025-09-08,11204,10834,0.0
74,2025-09-09,10786,10725,0.0
74,2025-09-10,11084,11057,0.0
74,2025-09-11,10949,10663,0.0
74,2025-09-12,11232,11110,0.0
74,2025-09-13,10759,11079,0.0
74,2025-09-14,11155,11129,0.0
74,2025-09-15,10626,10327,0.0
74,2025-09-16,8256,11040,0.0
74,2025-09-17,8170,11062,0.0
74,2025-09-18,8383,10765,0.0
74,2025-09-19,8340,10647,0.0
74,2025-09-20,8850,11155,0.0
75,2025-08-24,24546,25164,0.0
75,2025-08-25,24255,23847,0.0
75,2025-08-26,19528,24380,4.2
75,2025-08-27,24344,24385,0.0
75,2025-08-28,12045,23533,0.0
75,2025-08-29,12361,24464,0.0
75,2025-08-30,12586,24738,0.0
75,2025-08-31,10843,24765,2.1
75,2025-09-01,10970,22870,0.0
75,2025-09-02,11157,23386,0.0
75,2025-09-03,12525,24099,0.0
75,2025-09-04,7957,23819,7.2
75,2025-09-05,8057,23875,8.2
75,2025-09-06,11216,23885,0.0
75,2025-09-07,12052,24797,0.0
75,2025-09-08,11258,23052,0.0
75,2025-09-09,11765,23804,0.0
75,2025-09-10,12354,24561,0.0
75,2025-09-11,11184,23765,0.0
75,2025-09-12,25570,25051,0.0
75,2025-09-13,24081,23363,0.0
75,2025-09-14,23496,24190,0.0
75,2025-09-15,24087,24362,0.0
75,2025-09-16,23770,24301,0.0
75,2025-09-17,23885,23853,0.0
75,2025-09-18,24430,23932,0.0
75,2025-09-19,24351,24217,0.0
75,2025-09-20,25713,24855,0.0
76,2025-08-24,9129,8950,0.0
76,2025-08-25,9471,9179,0.0
76,2025-08-26,8880,8904,0.0
76,2025-08-27,9443,9116,0.0
76,2025-08-28,8911,8954,0.0
76,2025-08-29,9004,8675,0.0
76,2025-08-30,9008,9150,0.0
76,2025-08-31,8748,8963,0.0
76,2025-09-01,8515,8670,0.0
76,2025-09-02,9283,9242,0.0
76,2025-09-03,9296,8973,0.0
76,2025-09-04,8907,9030,0.0
76,2025-09-05,9205,8852,0.0
76,2025-09-06,9030,9138,0.0
76,2025-09-07,9135,9301,0.0
76,2025-09-08,9302,9254,0.0
76,2025-09-09,8577,8632,0.0
76,2025-09-10,8906,9034,0.0
76,2025-09-11,9460,9422,0.0
76,2025-09-12,9450,9221,0.0
76,2025-09-13,9245,9030,0.0
76,2025-09-14,9600,9296,0.0
76,2025-09-15,9354,9072,0.0
76,2025-09-16,8380,8575,0.0
76,2025-09-17,9582,9247,0.0
76,2025-09-18,9552,9208,0.0
76,2025-09-19,9584,9232,0.0
76,2025-09-20,9417,9300,0.0
77,2025-08-24,9459,9681,0.0
77,2025-08-25,9352,9301,0.0
77,2025-08-26,9134,9337,0.0
77,2025-08-27,9794,9841,0.0
77,2025-08-28,10066,9873,0.0
77,2025-08-29,10025,9977,0.0
77,2025-08-30,9307,9490,0.0
77,2025-08-31,9511,9258,0.0
77,2025-09-01,9913,10073,0.0
77,2025-09-02,9364,9146,0.0
77,2025-09-03,9868,9596,0.0
77,2025-09-04,9212,9305,0.0
77,2025-09-05,9716,9828,0.0
77,2025-09-06,9735,9745,0.0
77,2025-09-07,9737,9864,0.0
77,2025-09-08,9967,9897,0.0
77,2025-09-09,9357,9552,0.0
77,2025-09-10,10346,10004,0.0
77,2025-09-11,9988,9636,0.0
77,2025-09-12,10226,10048,0.0
77,2025-09-13,9890,9881,0.0
77,2025-09-14,9833,9638,0.0
77,2025-09-15,9227,9465,0.0
77,2025-09-16,9864,9883,0.0
77,2025-09-17,9521,9518,0.0
77,2025-09-18,9752,10027,0.0
77,2025-09-19,9504,9693,0.0
77,2025-09-20,10470,10083,0.0
78,2025-08-24,24927,24297,0.0
78,2025-08-25,24112,23228,0.0
78,2025-08-26,24651,23887,0.0
78,2025-08-27,24680,23935,0.0
78,2025-08-28,22866,23052,0.0
78,2025-08-29,25033,24354,0.0
78,2025-08-30,22877,22590,0.0
78,2025-08-31,23712,23753,0.0
78,2025-09-01,24469,23708,0.0
78,2025-09-02,23590,23281,0.0
78,2025-09-03,24006,24147,0.0
78,2025-09-04,24431,24061,0.0
78,2025-09-05,23153,22443,0.0
78,2025-09-06,23335,23159,0.0
78,2025-09-07,24799,24306,0.0
78,2025-09-08,23663,23512,0.0
78,2025-09-09,23091,23444,0.0
78,2025-09-10,22856,23044,0.0
78,2025-09-11,22624,22301,0.0
78,2025-09-12,24269,23510,0.0
78,2025-09-13,23907,24195,0.0
78,2025-09-14,23033,23236,0.0
78,2025-09-15,24088,23960,0.0
78,2025-09-16,23514,22854,0.0
78,2025-09-17,22660,22536,0.0
78,2025-09-18,25011,24450,0.0
78,2025-09-19,23619,23586,0.0
78,2025-09-20,22357,23040,0.0
79,2025-08-24,2430,2464,0.0
79,2025-08-25,2483,2457,0.0
79,2025-08-26,2532,2445,0.0
79,2025-08-27,2409,2341,0.0
79,2025-08-28,2422,2445,0.0
79,2025-08-29,2488,2423,0.0
79,2025-08-30,2328,2376,0.0
79,2025-08-31,2359,2310,0.0
79,2025-09-01,2345,2331,0.0
79,2025-09-02,2452,2394,0.0
79,2025-09-03,2339,2387,0.0
79,2025-09-04,2304,2307,0.0
79,2025-09-05,2315,2316,0.0
79,2025-09-06,2269,2304,0.0
79,2025-09-07,2423,2382,0.0
79,2025-09-08,2494,2472,0.0
79,2025-09-09,2500,2425,0.0
79,2025-09-10,2561,2525,0.0
79,2025-09-11,2558,2513,0.0
79,2025-09-12,2435,2385,0.0
79,2025-09-13,2362,2407,0.0
79,2025-09-14,2404,2395,0.0
79,2025-09-15,2498,2408,0.0
79,2025-09-16,2469,2452,0.0
79,2025-09-17,2297,2293,0.0
79,2025-09-18,2372,2419,0.0
79,2025-09-19,2392,2313,0.0
79,2025-09-20,2379,2311,0.0
80,2025-08-24,3094,3107,0.0
80,2025-08-25,3073,3053,0.0
80,2025-08-26,3106,3134,0.0
80,2025-08-27,2995,3024,0.0
80,2025-08-28,3198,3264,0.0
80,2025-08-29,3311,3313,0.0
80,2025-08-30,3078,3105,0.0
80,2025-08-31,3194,3250,0.0
80,2025-09-01,3093,3189,0.0
80,2025-09-02,2953,3030,0.0
80,2025-09-03,3125,3114,0.0
80,2025-09-04,3128,3123,0.0
80,2025-09-05,3268,3280,0.0
80,2025-09-06,3144,3058,0.0
80,2025-09-07,3151,3217,0.0
80,2025-09-08,3302,3227,0.0
80,2025-09-09,3182,3246,0.0
80,2025-09-10,3137,3214,0.0
80,2025-09-11,3180,3138,0.0
80,2025-09-12,3226,3123,0.0
80,2025-09-13,3141,3228,0.0
80,2025-09-14,3106,3103,0.0
80,2025-09-15,2994,3068,0.0
80,2025-09-16,3124,3215,0.0
80,2025-09-17,3187,3113,0.0
80,2025-09-18,3268,3220,0.0
80,2025-09-19,3239,3319,0.0
80,2025-09-20,3281,3256,0.0
81,2025-11-14,7986,7701,0.0
81,2025-11-15,7860,7687,0.0
81,2025-11-16,7582,7806,0.0
81,2025-11-17,8098,8040,0.0
81,2025-11-18,7378,7459,0.0
81,2025-11-19,8168,7945,0.0
81,2025-11-20,7442,7365,0.0
81,2025-11-21,7602,7547,0.0
81,2025-11-22,7764,7678,0.0
81,2025-11-23,7829,7562,0.0
81,2025-11-24,7191,7319,0.0
81,2025-11-25,7646,7594,0.0
81,2025-11-26,7862,8053,0.0
81,2025-11-27,7579,7520,0.0
81,2025-11-28,7755,7891,0.0
81,2025-11-29,7877,8032,0.0
81,2025-11-30,7474,7346,0.0
81,2025-12-01,7717,7440,0.0
81,2025-12-02,7679,7529,0.0
81,2025-12-03,7238,7410,0.0
81,2025-12-04,7742,7499,0.0
81,2025-12-05,8278,7992,0.0
81,2025-12-06,7286,7484,0.0
81,2025-12-07,7570,7482,0.0
81,2025-12-08,7731,7688,0.0
81,2025-12-09,7780,7507,0.0
81,2025-12-10,7665,7725,0.0
81,2025-12-11,7136,7323,0.0
81,2025-12-12,8117,8003,0.0
81,2025-12-13,7504,7726,0.0
81,2025-12-14,7459,7378,0.0
81,2025-12-15,7983,7801,0.0
81,2025-12-16,7572,7737,0.0
81,2025-12-17,7960,7951,0.0
81,2025-12-18,7941,7902,0.0
81,2025-12-19,7561,7716,0.0
81,2025-12-20,7352,7489,0.0
81,2025-12-21,8333,8039,0.0
81,2025-12-22,7396,7332,0.0
81,2025-12-23,8255,8039,0.0
81,2025-12-24,7906,7802,0.0
81,2025-12-25,7212,7347,0.0
81,2025-12-26,7769,7510,0.0
81,2025-12-27,7725,7823,0.0
81,2025-12-28,8265,7948,0.0
81,2025-12-29,7825,7946,0.0
81,2025-12-30,7347,7424,0.0
81,2025-12-31,7408,7354,0.0
81,2026-01-01,7651,7837,0.0
81,2026-01-02,8079,7858,0.0
81,2026-01-03,8293,7975,0.0
81,2026-01-04,7570,7688,0.0
81,2026-01-05,8188,7980,0.0
81,2026-01-06,8069,7788,0.0
81,2026-01-07,8146,7844,0.0
81,2026-01-08,7723,7809,0.0
81,2026-01-09,7406,7462,0.0
81,2026-01-10,7833,7553,0.0
81,2026-01-11,7654,7403,0.0
81,2026-01-12,8036,7768,0.0
81,2026-01-13,7090,7308,0.0
81,2026-01-14,7589,7727,0.0
81,2026-01-15,7819,7676,0.0
81,2026-01-16,7344,7363,0.0
81,2026-01-17,8045,7801,0.0
81,2026-01-18,8047,7986,0.0
81,2026-01-19,7849,7642,0.0
81,2026-01-20,7875,8047,0.0
81,2026-01-21,7733,7762,0.0
81,2026-01-22,7921,7945,0.0
81,2026-01-23,8272,8056,0.0
81,2026-01-24,7423,7585,0.0
81,2026-01-25,7187,7308,0.0
81,2026-01-26,8056,7883,0.0
81,2026-01-27,7983,7845,0.0
81,2026-01-28,7796,7928,0.0
81,2026-01-29,8031,7922,0.0
81,2026-01-30,7937,8054,0.0
81,2026-01-31,7605,7329,0.0
81,2026-02-01,7876,7841,0.0
81,2026-02-02,7396,7306,0.0
81,2026-02-03,8094,7791,0.0
81,2026-02-04,7345,7513,0.0
81,2026-02-05,7468,7431,0.0
82,2025-11-14,8998,9149,0.0
82,2025-11-15,9181,9028,0.0
82,2025-11-16,8855,9015,0.0
82,2025-11-17,8794,8603,0.0
82,2025-11-18,9581,9254,0.0
82,2025-11-19,9429,9140,0.0
82,2025-11-20,9147,9247,0.0
82,2025-11-21,9090,9356,0.0
82,2025-11-22,9195,9038,0.0
82,2025-11-23,9441,9278,0.0
82,2025-11-24,8606,8871,0.0
82,2025-11-25,9225,9070,0.0
82,2025-11-26,9039,8778,0.0
82,2025-11-27,9110,8853,0.0
82,2025-11-28,8759,8952,0.0
82,2025-11-29,8992,8951,0.0
82,2025-11-30,8887,9134,0.0
82,2025-12-01,9061,9310,0.0
82,2025-12-02,8835,8772,0.0
82,2025-12-03,8765,8788,0.0
82,2025-12-04,9502,9211,0.0
82,2025-12-05,9032,8691,0.0
82,2025-12-06,9515,9345,0.0
82,2025-12-07,8961,8665,0.0
82,2025-12-08,8485,8545,0.0
82,2025-12-09,8631,8514,0.0
82,2025-12-10,8513,8511,0.0
82,2025-12-11,9565,9325,0.0
82,2025-12-12,8961,8710,0.0
82,2025-12-13,9375,9346,0.0
82,2025-12-14,9483,9223,0.0
82,2025-12-15,8756,8701,0.0
82,2025-12-16,8800,9025,0.0
82,2025-12-17,8580,8575,0.0
82,2025-12-18,8611,8601,0.0
82,2025-12-19,9663,9308,0.0
82,2025-12-20,9250,9284,0.0
82,2025-12-21,9358,9188,0.0
82,2025-12-22,8969,9206,0.0
82,2025-12-23,8798,9035,0.0
82,2025-12-24,8581,8580,0.0
82,2025-12-25,8313,8536,0.0
82,2025-12-26,9108,8848,0.0
82,2025-12-27,8972,8856,0.0
82,2025-12-28,9473,9193,0.0
82,2025-12-29,9015,8894,0.0
82,2025-12-30,8894,8872,0.0
82,2025-12-31,8695,8580,0.0
82,2026-01-01,9234,9093,0.0
82,2026-01-02,8698,8951,0.0
82,2026-01-03,8681,8586,0.0
82,2026-01-04,8861,9127,0.0
82,2026-01-05,9346,9240,0.0
82,2026-01-06,8888,8602,0.0
82,2026-01-07,8856,8807,0.0
82,2026-01-08,9077,9044,0.0
82,2026-01-09,8465,8612,0.0
82,2026-01-10,8371,8603,0.0
82,2026-01-11,9045,8948,0.0
82,2026-01-12,8946,8809,0.0
82,2026-01-13,9070,8973,0.0
82,2026-01-14,8732,8909,0.0
82,2026-01-15,8856,8749,0.0
82,2026-01-16,9291,8952,0.0
82,2026-01-17,8756,8618,0.0
82,2026-01-18,9097,9221,0.0
82,2026-01-19,8616,8538,0.0
82,2026-01-20,9306,9362,0.0
82,2026-01-21,8797,8669,0.0
82,2026-01-22,8439,8658,0.0
82,2026-01-23,9137,9107,0.0
82,2026-01-24,9132,9108,0.0
82,2026-01-25,9261,8995,0.0
82,2026-01-26,8700,8757,0.0
82,2026-01-27,8522,8583,0.0
82,2026-01-28,9594,9303,0.0
82,2026-01-29,9354,9311,0.0
82,2026-01-30,9243,9109,0.0
82,2026-01-31,8703,8680,0.0
82,2026-02-01,9209,9176,0.0
82,2026-02-02,9458,9210,0.0
82,2026-02-03,8814,8847,0.0
82,2026-02-04,8731,8495,0.0
82,2026-02-05,8550,8809,0.0
83,2025-11-14,4970,4927,0.0
83,2025-11-15,5181,5177,0.0
83,2025-11-16,5208,5038,0.0
83,2025-11-17,5145,4956,0.0
83,2025-11-18,4915,4966,0.0
83,2025-11-19,4885,4943,0.0
83,2025-11-20,5126,4980,0.0
83,2025-11-21,4863,4944,0.0
83,2025-11-22,4848,4906,0.0
83,2025-11-23,5062,4924,0.0
83,2025-11-24,5390,5306,0.0
83,2025-11-25,4930,4962,0.0
83,2025-11-26,5052,5043,0.0
83,2025-11-27,4922,4942,0.0
83,2025-11-28,5298,5262,0.0
83,2025-11-29,5145,5076,0.0
83,2025-11-30,5012,4915,0.0
83,2025-12-01,5077,4921,0.0
83,2025-12-02,5040,5126,0.0
83,2025-12-03,5110,5017,0.0
83,2025-12-04,5179,5179,0.0
83,2025-12-05,5424,5244,0.0
83,2025-12-06,5349,5291,0.0
83,2025-12-07,4883,4930,0.0
83,2025-12-08,5110,5176,0.0
83,2025-12-09,4867,4919,0.0
83,2025-12-10,5181,5153,0.0
83,2025-12-11,5248,5226,0.0
83,2025-12-12,5389,5258,0.0
83,2025-12-13,5004,4940,0.0
83,2025-12-14,5289,5305,0.0
83,2025-12-15,5158,5045,0.0
83,2025-12-16,4977,4946,0.0
83,2025-12-17,5224,5123,0.0
83,2025-12-18,5363,5343,0.0
83,2025-12-19,5167,5151,0.0
83,2025-12-20,5335,5258,0.0
83,2025-12-21,5036,4960,0.0
83,2025-12-22,5250,5085,0.0
83,2025-12-23,4898,4966,0.0
83,2025-12-24,5045,5047,0.0
83,2025-12-25,5184,5285,0.0
83,2025-12-26,4837,4897,0.0
83,2025-12-27,5118,5005,0.0
83,2025-12-28,5003,4972,0.0
83,2025-12-29,4977,5116,0.0
83,2025-12-30,5052,5085,0.0
83,2025-12-31,5043,5042,0.0
83,2026-01-01,5018,4994,0.0
83,2026-01-02,4936,5080,0.0
83,2026-01-03,4837,4893,0.0
83,2026-01-04,5170,5005,0.0
83,2026-01-05,5160,5134,0.0
83,2026-01-06,4872,4995,0.0
83,2026-01-07,4845,4915,0.0
83,2026-01-08,5108,5133,0.0
83,2026-01-09,5164,5199,0.0
83,2026-01-10,5169,5235,0.0
83,2026-01-11,5411,5286,0.0
83,2026-01-12,5077,5163,0.0
83,2026-01-13,5183,5291,0.0
83,2026-01-14,5235,5132,0.0
83,2026-01-15,5186,5248,0.0
83,2026-01-16,4979,5031,0.0
83,2026-01-17,5550,5338,0.0
83,2026-01-18,5385,5241,0.0
83,2026-01-19,5036,5188,0.0
83,2026-01-20,5549,5340,0.0
83,2026-01-21,5121,4970,0.0
83,2026-01-22,5063,4961,0.0
83,2026-01-23,5083,5154,0.0
83,2026-01-24,5138,5094,0.0
83,2026-01-25,5163,5028,0.0
83,2026-01-26,5159,5286,0.0
83,2026-01-27,5336,5336,0.0
83,2026-01-28,5074,5078,0.0
83,2026-01-29,5014,4870,0.0
83,2026-01-30,5193,5301,0.0
83,2026-01-31,5185,5231,0.0
83,2026-02-01,5216,5191,0.0
83,2026-02-02,4943,4969,0.0
83,2026-02-03,5237,5239,0.0
83,2026-02-04,5328,5207,0.0
83,2026-02-05,5107,5154,0.0
84,2025-11-14,4444,4402,0.0
84,2025-11-15,4739,4838,0.0
84,2025-11-16,4833,4649,0.0
84,2025-11-17,4933,4809,0.0
84,2025-11-18,4613,4567,0.0
84,2025-11-19,4809,4825,0.0
84,2025-11-20,4448,4565,0.0
84,2025-11-21,4553,4539,0.0
84,2025-11-22,4856,4682,0.0
84,2025-11-23,4427,4466,0.0
84,2025-11-24,4546,4469,0.0
84,2025-11-25,4794,4665,0.0
84,2025-11-26,4353,4479,0.0
84,2025-11-27,4719,4565,0.0
84,2025-11-28,4450,4521,0.0
84,2025-11-29,4627,4597,0.0
84,2025-11-30,4373,4392,0.0
84,2025-12-01,4772,4807,0.0
84,2025-12-02,4831,4844,0.0
84,2025-12-03,4484,4580,0.0
84,2025-12-04,4666,4566,0.0
84,2025-12-05,4631,4482,0.0
84,2025-12-06,4670,4530,0.0
84,2025-12-07,4821,4694,0.0
84,2025-12-08,4564,4652,0.0
84,2025-12-09,4443,4481,0.0
84,2025-12-10,4691,4599,0.0
84,2025-12-11,4768,4845,0.0
84,2025-12-12,4773,4768,0.0
84,2025-12-13,4556,4501,0.0
84,2025-12-14,4617,4650,0.0
84,2025-12-15,4620,4600,0.0
84,2025-12-16,4308,4429,0.0
84,2025-12-17,4884,4811,0.0
84,2025-12-18,4748,4776,0.0
84,2025-12-19,4683,4567,0.0
84,2025-12-20,4911,4779,0.0
84,2025-12-21,4465,4470,0.0
84,2025-12-22,4646,4586,0.0
84,2025-12-23,4676,4691,0.0
84,2025-12-24,4514,4431,0.0
84,2025-12-25,4490,4407,0.0
84,2025-12-26,4602,4460,0.0
84,2025-12-27,4782,4635,0.0
84,2025-12-28,4491,4418,0.0
84,2025-12-29,4903,4803,0.0
84,2025-12-30,4730,4577,0.0
84,2025-12-31,4546,4443,0.0
84,2026-01-01,4716,4736,0.0
84,2026-01-02,4772,4747,0.0
84,2026-01-03,4457,4463,0.0
84,2026-01-04,4338,4407,0.0
84,2026-01-05,4550,4682,0.0
84,2026-01-06,4679,4600,0.0
84,2026-01-07,4543,4571,0.0
84,2026-01-08,4331,4404,0.0
84,2026-01-09,4655,4714,0.0
84,2026-01-10,4599,4696,0.0
84,2026-01-11,4611,4600,0.0
84,2026-01-12,4576,4690,0.0
84,2026-01-13,4680,4589,0.0
84,2026-01-14,4529,4516,0.0
84,2026-01-15,4684,4774,0.0
84,2026-01-16,4524,4469,0.0
84,2026-01-17,4628,4729,0.0
84,2026-01-18,4611,4697,0.0
84,2026-01-19,4381,4513,0.0
84,2026-01-20,4472,4469,0.0
84,2026-01-21,4895,4799,0.0
84,2026-01-22,4624,4591,0.0
84,2026-01-23,4555,4680,0.0
84,2026-01-24,4723,4693,0.0
84,2026-01-25,4505,4434,0.0
84,2026-01-26,4676,4592,0.0
84,2026-01-27,4461,4409,0.0
84,2026-01-28,2725,4480,0.0
84,2026-01-29,2878,4806,0.0
84,2026-01-30,2615,4394,0.0
84,2026-01-31,2559,4394,0.0
84,2026-02-01,3014,4701,0.0
84,2026-02-02,2825,4830,0.0
84,2026-02-03,2804,4773,0.0
84,2026-02-04,2972,4721,0.0
84,2026-02-05,2698,4623,0.0
85,2025-11-14,27962,27225,0.0
85,2025-11-15,28452,28063,0.0
85,2025-11-16,28396,27426,0.0
85,2025-11-17,26973,26975,0.0
85,2025-11-18,26611,27227,0.0
85,2025-11-19,27329,28144,0.0
85,2025-11-20,26135,26921,0.0
85,2025-11-21,27744,28155,0.0
85,2025-11-22,27765,28060,0.0
85,2025-11-23,28009,28785,0.0
85,2025-11-24,28424,28459,0.0
85,2025-11-25,29220,29076,0.0
85,2025-11-26,29090,28524,0.0
85,2025-11-27,28873,27909,0.0
85,2025-11-28,26265,26594,0.0
85,2025-11-29,27875,28080,0.0
85,2025-11-30,28813,28894,0.0
85,2025-12-01,27340,26700,0.0
85,2025-12-02,27937,28442,0.0
85,2025-12-03,29568,29042,0.0
85,2025-12-04,26959,26518,0.0
85,2025-12-05,28028,28859,0.0
85,2025-12-06,27787,27748,0.0
85,2025-12-07,28333,27726,0.0
85,2025-12-08,26877,26368,0.0
85,2025-12-09,27624,28435,0.0
85,2025-12-10,26410,26986,0.0
85,2025-12-11,27005,27006,0.0
85,2025-12-12,26059,26712,0.0
85,2025-12-13,27023,26891,0.0
85,2025-12-14,28007,28111,0.0
85,2025-12-15,27963,28341,0.0
85,2025-12-16,28641,27561,0.0
85,2025-12-17,27541,26703,0.0
85,2025-12-18,28290,28512,0.0
85,2025-12-19,27749,28526,0.0
85,2025-12-20,28556,28584,0.0
85,2025-12-21,27573,26966,0.0
85,2025-12-22,27862,27281,0.0
85,2025-12-23,26068,26481,0.0
85,2025-12-24,30066,29071,0.0
85,2025-12-25,28998,28261,0.0
85,2025-12-26,28335,28750,0.0
85,2025-12-27,27014,26840,0.0
85,2025-12-28,26883,26510,0.0
85,2025-12-29,29101,28974,0.0
85,2025-12-30,28314,29081,0.0
85,2025-12-31,27630,26679,0.0
85,2026-01-01,27355,27852,0.0
85,2026-01-02,27588,26898,0.0
85,2026-01-03,27664,27513,0.0
85,2026-01-04,26858,26786,0.0
85,2026-01-05,27061,27506,0.0
85,2026-01-06,27508,27171,0.0
85,2026-01-07,29313,29013,0.0
85,2026-01-08,28265,28722,0.0
85,2026-01-09,29073,28967,0.0
85,2026-01-10,27245,27378,0.0
85,2026-01-11,27584,27503,0.0
85,2026-01-12,27880,27532,0.0
85,2026-01-13,28421,28975,0.0
85,2026-01-14,28549,28443,0.0
85,2026-01-15,26559,26562,0.0
85,2026-01-16,28071,27163,0.0
85,2026-01-17,28074,27863,0.0
85,2026-01-18,26901,27386,0.0
85,2026-01-19,26883,27116,0.0
85,2026-01-20,27922,27664,0.0
85,2026-01-21,28124,28313,0.0
85,2026-01-22,28399,28870,0.0
85,2026-01-23,27865,28719,0.0
85,2026-01-24,27946,27368,0.0
85,2026-01-25,27437,27484,0.0
85,2026-01-26,28320,28388,0.0
85,2026-01-27,27099,27184,0.0
85,2026-01-28,27566,26529,0.0
85,2026-01-29,30011,29082,0.0
85,2026-01-30,28299,28915,0.0
85,2026-01-31,27915,28446,0.0
85,2026-02-01,29522,28469,0.0
85,2026-02-02,27914,27297,0.0
85,2026-02-03,28642,28091,0.0
85,2026-02-04,26379,26491,0.0
85,2026-02-05,27422,27506,0.0
86,2025-11-14,7257,7351,0.0
86,2025-11-15,7516,7266,0.0
86,2025-11-16,7156,7020,0.0
86,2025-11-17,7225,7108,0.0
86,2025-11-18,7790,7695,0.0
86,2025-11-19,7040,7182,0.0
86,2025-11-20,7566,7488,0.0
86,2025-11-21,6952,7085,0.0
86,2025-11-22,7346,7524,0.0
86,2025-11-23,7496,7520,0.0
86,2025-11-24,7328,7059,0.0
86,2025-11-25,7902,7645,0.0
86,2025-11-26,7179,7314,0.0
86,2025-11-27,7503,7368,0.0
86,2025-11-28,7709,7653,0.0
86,2025-11-29,7623,7540,0.0
86,2025-11-30,7854,7680,0.0
86,2025-12-01,7298,7080,0.0
86,2025-12-02,7663,7587,0.0
86,2025-12-03,7392,7198,0.0
86,2025-12-04,7435,7551,0.0
86,2025-12-05,7136,7004,0.0
86,2025-12-06,7227,7362,0.0
86,2025-12-07,7394,7570,0.0
86,2025-12-08,7301,7307,0.0
86,2025-12-09,7245,7317,0.0
86,2025-12-10,7011,7137,0.0
86,2025-12-11,7206,7358,0.0
86,2025-12-12,7117,7081,0.0
86,2025-12-13,7225,7156,0.0
86,2025-12-14,7431,7552,0.0
86,2025-12-15,7331,7141,0.0
86,2025-12-16,7938,7642,0.0
86,2025-12-17,7678,7672,0.0
86,2025-12-18,7301,7468,0.0
86,2025-12-19,6890,7063,0.0
86,2025-12-20,6897,7047,0.0
86,2025-12-21,6971,7172,0.0
86,2025-12-22,7589,7560,0.0
86,2025-12-23,6983,7195,0.0
86,2025-12-24,7766,7490,0.0
86,2025-12-25,7207,7030,0.0
86,2025-12-26,7467,7583,0.0
86,2025-12-27,7355,7383,0.0
86,2025-12-28,7463,7195,0.0
86,2025-12-29,7587,7557,0.0
86,2025-12-30,7336,7247,0.0
86,2025-12-31,7380,7252,0.0
86,2026-01-01,7119,7176,0.0
86,2026-01-02,7258,7293,0.0
86,2026-01-03,7816,7718,0.0
86,2026-01-04,7829,7593,0.0
86,2026-01-05,7413,7641,0.0
86,2026-01-06,7600,7615,0.0
86,2026-01-07,7261,7018,0.0
86,2026-01-08,7231,7390,0.0
86,2026-01-09,7829,7553,0.0
86,2026-01-10,7239,7332,0.0
86,2026-01-11,7777,7640,0.0
86,2026-01-12,7531,7486,0.0
86,2026-01-13,7247,7470,0.0
86,2026-01-14,7497,7237,0.0
86,2026-01-15,7752,7643,0.0
86,2026-01-16,7827,7542,0.0
86,2026-01-17,7296,7171,0.0
86,2026-01-18,7573,7544,0.0
86,2026-01-19,7441,7256,0.0
86,2026-01-20,7967,7693,0.0
86,2026-01-21,7508,7484,0.0
86,2026-01-22,7207,7073,0.0
86,2026-01-23,7424,7447,0.0
86,2026-01-24,7791,7640,0.0
86,2026-01-25,7815,7578,0.0
86,2026-01-26,7164,7023,0.0
86,2026-01-27,7098,7064,0.0
86,2026-01-28,7951,7733,0.0
86,2026-01-29,7630,7343,0.0
86,2026-01-30,7955,7703,0.0
86,2026-01-31,7425,7398,0.0
86,2026-02-01,7032,7125,0.0
86,2026-02-02,7786,7515,0.0
86,2026-02-03,7556,7731,0.0
86,2026-02-04,7469,7684,0.0
86,2026-02-05,7229,7282,0.0
87,2025-11-14,28169,27608,0.0
87,2025-11-15,28074,27607,0.0
87,2025-11-16,27525,27136,0.0
87,2025-11-17,26229,26407,0.0
87,2025-11-18,26875,25975,0.0
87,2025-11-19,28754,27817,0.0
87,2025-11-20,28372,27932,0.0
87,2025-11-21,26448,26433,0.0
87,2025-11-22,25850,26102,0.0
87,2025-11-23,26612,26311,0.0
87,2025-11-24,26410,26146,0.0
87,2025-11-25,27706,27801,0.0
87,2025-11-26,26612,26315,0.0
87,2025-11-27,27884,27894,0.0
87,2025-11-28,27067,26143,0.0
87,2025-11-29,26385,26089,0.0
87,2025-11-30,18761,28016,7.8
87,2025-12-01,27240,27646,0.0
87,2025-12-02,27545,27828,0.0
87,2025-12-03,26616,25893,0.0
87,2025-12-04,27812,27670,0.0
87,2025-12-05,28160,27358,0.0
87,2025-12-06,26194,26591,0.0
87,2025-12-07,27275,28000,0.0
87,2025-12-08,28669,28103,0.0
87,2025-12-09,27402,27798,0.0
87,2025-12-10,28810,28126,0.0
87,2025-12-11,27759,28013,0.0
87,2025-12-12,25370,25858,0.0
87,2025-12-13,27073,27085,0.0
87,2025-12-14,25927,25995,0.0
87,2025-12-15,28016,28306,0.0
87,2025-12-16,26281,26064,0.0
87,2025-12-17,28865,28151,0.0
87,2025-12-18,27568,26625,0.0
87,2025-12-19,27280,27000,0.0
87,2025-12-20,27234,26369,0.0
87,2025-12-21,27118,27568,0.0
87,2025-12-22,26856,26076,0.0
87,2025-12-23,27629,26822,0.0
87,2025-12-24,26717,26256,0.0
87,2025-12-25,26947,27086,0.0
87,2025-12-26,26606,27199,0.0
87,2025-12-27,26212,26203,0.0
87,2025-12-28,25786,26122,0.0
87,2025-12-29,27177,27419,0.0
87,2025-12-30,28525,27907,0.0
87,2025-12-31,26484,26043,0.0
87,2026-01-01,27568,26837,0.0
87,2026-01-02,25860,25831,0.0
87,2026-01-03,26950,27541,0.0
87,2026-01-04,27002,27393,0.0
87,2026-01-05,27782,27684,0.0
87,2026-01-06,27150,26842,0.0
87,2026-01-07,27120,26610,0.0
87,2026-01-08,27537,27738,0.0
87,2026-01-09,27105,26900,0.0
87,2026-01-10,27951,28020,0.0
87,2026-01-11,26157,25973,0.0
87,2026-01-12,28239,28023,0.0
87,2026-01-13,26962,26363,0.0
87,2026-01-14,27527,28141,0.0
87,2026-01-15,26213,27014,0.0
87,2026-01-16,26615,27361,0.0
87,2026-01-17,25864,26497,0.0
87,2026-01-18,25508,26138,0.0
87,2026-01-19,27254,26266,0.0
87,2026-01-20,26899,26474,0.0
87,2026-01-21,29279,28256,0.0
87,2026-01-22,26372,26179,0.0
87,2026-01-23,28044,28273,0.0
87,2026-01-24,27523,27186,0.0
87,2026-01-25,26345,25921,0.0
87,2026-01-26,27559,28124,0.0
87,2026-01-27,26736,27299,0.0
87,2026-01-28,27486,27780,0.0
87,2026-01-29,26732,26507,0.0
87,2026-01-30,26535,27038,0.0
87,2026-01-31,28845,28353,0.0
87,2026-02-01,27076,27509,0.0
87,2026-02-02,27947,27553,0.0
87,2026-02-03,27819,27559,0.0
87,2026-02-04,27511,28031,0.0
87,2026-02-05,27503,26829,0.0
88,2025-11-14,4457,4296,0.0
88,2025-11-15,4371,4421,0.0
88,2025-11-16,4444,4366,0.0
88,2025-11-17,4196,4226,0.0
88,2025-11-18,4682,4530,0.0
88,2025-11-19,4449,4539,0.0
88,2025-11-20,4184,4230,0.0
88,2025-11-21,4450,4285,0.0
88,2025-11-22,4697,4532,0.0
88,2025-11-23,4324,4419,0.0
88,2025-11-24,4586,4447,0.0
88,2025-11-25,4340,4229,0.0
88,2025-11-26,4414,4439,0.0
88,2025-11-27,4261,4306,0.0
88,2025-11-28,4110,4208,0.0
88,2025-11-29,4483,4518,0.0
88,2025-11-30,4463,4542,0.0
88,2025-12-01,4614,4535,0.0
88,2025-12-02,4615,4576,0.0
88,2025-12-03,4439,4448,0.0
88,2025-12-04,4436,4490,0.0
88,2025-12-05,4566,4477,0.0
88,2025-12-06,4348,4437,0.0
88,2025-12-07,4540,4592,0.0
88,2025-12-08,4414,4350,0.0
88,2025-12-09,4595,4486,0.0
88,2025-12-10,4385,4389,0.0
88,2025-12-11,4346,4343,0.0
88,2025-12-12,4325,4313,0.0
88,2025-12-13,4577,4416,0.0
88,2025-12-14,4687,4594,0.0
88,2025-12-15,4404,4467,0.0
88,2025-12-16,4218,4322,0.0
88,2025-12-17,4669,4560,0.0
88,2025-12-18,4281,4221,0.0
88,2025-12-19,4172,4228,0.0
88,2025-12-20,4267,4224,0.0
88,2025-12-21,4551,4597,0.0
88,2025-12-22,4303,4192,0.0
88,2025-12-23,4648,4485,0.0
88,2025-12-24,4396,4247,0.0
88,2025-12-25,4510,4489,0.0
88,2025-12-26,4498,4422,0.0
88,2025-12-27,4103,4193,0.0
88,2025-12-28,4477,4553,0.0
88,2025-12-29,4245,4374,0.0
88,2025-12-30,4371,4339,0.0
88,2025-12-31,4655,4478,0.0
88,2026-01-01,4786,4627,0.0
88,2026-01-02,4651,4489,0.0
88,2026-01-03,4266,4385,0.0
88,2026-01-04,4513,4597,0.0
88,2026-01-05,4692,4585,0.0
88,2026-01-06,4271,4349,0.0
88,2026-01-07,4253,4343,0.0
88,2026-01-08,4288,4405,0.0
88,2026-01-09,4530,4614,0.0
88,2026-01-10,4457,4486,0.0
88,2026-01-11,4690,4562,0.0
88,2026-01-12,4444,4315,0.0
88,2026-01-13,4320,4304,0.0
88,2026-01-14,4331,4465,0.0
88,2026-01-15,4582,4594,0.0
88,2026-01-16,4771,4610,0.0
88,2026-01-17,4608,4581,0.0
88,2026-01-18,4742,4580,0.0
88,2026-01-19,4335,4212,0.0
88,2026-01-20,4260,4390,0.0
88,2026-01-21,4195,4234,0.0
88,2026-01-22,4480,4505,0.0
88,2026-01-23,4183,4191,0.0
88,2026-01-24,4274,4274,0.0
88,2026-01-25,4615,4583,0.0
88,2026-01-26,4583,4589,0.0
88,2026-01-27,4392,4526,0.0
88,2026-01-28,4339,4394,0.0
88,2026-01-29,4331,4348,0.0
88,2026-01-30,4566,4423,0.0
88,2026-01-31,4571,4623,0.0
88,2026-02-01,4450,4381,0.0
88,2026-02-02,4424,4516,0.0
88,2026-02-03,4440,4576,0.0
88,2026-02-04,4319,4236,0.0
88,2026-02-05,4203,4246,0.0
89,2025-11-14,18916,19046,0.0
89,2025-11-15,21660,20900,0.0
89,2025-11-16,19527,19960,0.0
89,2025-11-17,19577,19237,0.0
89,2025-11-18,20269,19782,0.0
89,2025-11-19,21085,20633,0.0
89,2025-11-20,21328,20567,0.0
89,2025-11-21,18897,19010,0.0
89,2025-11-22,20096,20641,0.0
89,2025-11-23,19223,18999,0.0
89,2025-11-24,18951,19148,0.0
89,2025-11-25,20710,20440,0.0
89,2025-11-26,19014,19213,0.0
89,2025-11-27,20701,20314,0.0
89,2025-11-28,20612,20547,0.0
89,2025-11-29,20630,20204,0.0
89,2025-11-30,20842,20239,0.0
89,2025-12-01,19358,19785,0.0
89,2025-12-02,18956,19275,0.0
89,2025-12-03,18141,19743,2.6
89,2025-12-04,21339,20941,0.0
89,2025-12-05,19101,19105,0.0
89,2025-12-06,18696,19203,0.0
89,2025-12-07,21139,20405,0.0
89,2025-12-08,19977,19346,0.0
89,2025-12-09,14312,19553,6.3
89,2025-12-10,20091,19844,0.0
89,2025-12-11,19737,19651,0.0
89,2025-12-12,20689,20347,0.0
89,2025-12-13,19291,19703,0.0
89,2025-12-14,20603,20160,0.0
89,2025-12-15,19273,19534,0.0
89,2025-12-16,18736,19195,0.0
89,2025-12-17,19296,19065,0.0
89,2025-12-18,21273,20616,0.0
89,2025-12-19,19203,19180,0.0
89,2025-12-20,19846,19585,0.0
89,2025-12-21,20515,20049,0.0
89,2025-12-22,19400,19818,0.0
89,2025-12-23,21164,20500,0.0
89,2025-12-24,19858,19677,0.0
89,2025-12-25,19487,19217,0.0
89,2025-12-26,20105,20029,0.0
89,2025-12-27,19805,19316,0.0
89,2025-12-28,20299,19562,0.0
89,2025-12-29,20387,20926,0.0
89,2025-12-30,20511,19972,0.0
89,2025-12-31,19246,19133,0.0
89,2026-01-01,20220,20107,0.0
89,2026-01-02,19638,19396,0.0
89,2026-01-03,14733,19000,5.6
89,2026-01-04,20107,19990,0.0
89,2026-01-05,20440,20686,0.0
89,2026-01-06,19005,19221,0.0
89,2026-01-07,19709,19566,0.0
89,2026-01-08,20240,19538,0.0
89,2026-01-09,19680,19086,0.0
89,2026-01-10,20163,19402,0.0
89,2026-01-11,20558,20247,0.0
89,2026-01-12,20722,20874,0.0
89,2026-01-13,19028,19250,0.0
89,2026-01-14,20755,20952,0.0
89,2026-01-15,19116,19693,0.0
89,2026-01-16,19290,19494,0.0
89,2026-01-17,15856,20859,6.3
89,2026-01-18,20777,20358,0.0
89,2026-01-19,19991,20234,0.0
89,2026-01-20,19556,19866,0.0
89,2026-01-21,19922,20241,0.0
89,2026-01-22,19827,19874,0.0
89,2026-01-23,19286,19279,0.0
89,2026-01-24,19994,19901,0.0
89,2026-01-25,19765,20121,0.0
89,2026-01-26,19206,19546,0.0
89,2026-01-27,21275,20616,0.0
89,2026-01-28,18945,19270,0.0
89,2026-01-29,20309,20272,0.0
89,2026-01-30,19655,19257,0.0
89,2026-01-31,18622,19182,0.0
89,2026-02-01,18586,19010,0.0
89,2026-02-02,19928,19247,0.0
89,2026-02-03,20623,20858,0.0
89,2026-02-04,19485,19002,0.0
89,2026-02-05,20782,20618,0.0
90,2025-11-14,30589,31343,0.0
90,2025-11-15,34629,33541,0.0
90,2025-11-16,31794,31683,0.0
90,2025-11-17,32288,32657,0.0
90,2025-11-18,29640,31223,1.4
90,2025-11-19,30865,30894,0.0
90,2025-11-20,31688,32143,0.0
90,2025-11-21,33550,33887,0.0
90,2025-11-22,33814,33214,0.0
90,2025-11-23,34262,34111,0.0
90,2025-11-24,32981,31806,0.0
90,2025-11-25,31849,32062,0.0
90,2025-11-26,30284,31031,0.0
90,2025-11-27,31979,31979,0.0
90,2025-11-28,33786,33794,0.0
90,2025-11-29,32260,31823,0.0
90,2025-11-30,32154,32513,0.0
90,2025-12-01,33452,33839,0.0
90,2025-12-02,34541,33692,0.0
90,2025-12-03,32132,31366,0.0
90,2025-12-04,33523,33481,0.0
90,2025-12-05,32102,31258,0.0
90,2025-12-06,32014,31360,0.0
90,2025-12-07,32682,33386,0.0
90,2025-12-08,32604,32455,0.0
90,2025-12-09,33359,32960,0.0
90,2025-12-10,35109,33887,0.0
90,2025-12-11,32917,32642,0.0
90,2025-12-12,31876,31638,0.0
90,2025-12-13,33256,32603,0.0
90,2025-12-14,32449,31603,0.0
90,2025-12-15,31403,31551,0.0
90,2025-12-16,32280,32431,0.0
90,2025-12-17,33098,33853,0.0
90,2025-12-18,34406,33422,0.0
90,2025-12-19,33680,33606,0.0
90,2025-12-20,33394,32259,0.0
90,2025-12-21,32843,33319,0.0
90,2025-12-22,31941,31355,0.0
90,2025-12-23,32875,32271,0.0
90,2025-12-24,32040,32781,0.0
90,2025-12-25,31767,31404,0.0
90,2025-12-26,31049,31687,0.0
90,2025-12-27,22789,33379,7.6
90,2025-12-28,31946,32605,0.0
90,2025-12-29,33335,33239,0.0
90,2025-12-30,31401,30933,0.0
90,2025-12-31,32128,32979,0.0
90,2026-01-01,30850,31411,0.0
90,2026-01-02,33961,33973,0.0
90,2026-01-03,32357,31729,0.0
90,2026-01-04,31357,31629,0.0
90,2026-01-05,30846,31189,0.0
90,2026-01-06,34524,33306,0.0
90,2026-01-07,31326,32165,0.0
90,2026-01-08,34116,32857,0.0
90,2026-01-09,33041,32442,0.0
90,2026-01-10,32074,32127,0.0
90,2026-01-11,32140,32269,0.0
90,2026-01-12,31341,32069,0.0
90,2026-01-13,31462,31669,0.0
90,2026-01-14,30866,31579,0.0
90,2026-01-15,20288,31546,8.3
90,2026-01-16,30755,31166,0.0
90,2026-01-17,33182,34098,0.0
90,2026-01-18,30362,31193,0.0
90,2026-01-19,34621,33334,0.0
90,2026-01-20,32072,31912,0.0
90,2026-01-21,31151,31311,0.0
90,2026-01-22,33574,33805,0.0
90,2026-01-23,33582,33410,0.0
90,2026-01-24,23398,33715,7.4
90,2026-01-25,32489,33109,0.0
90,2026-01-26,34457,33988,0.0
90,2026-01-27,32612,33106,0.0
90,2026-01-28,34812,34120,0.0
90,2026-01-29,34165,32869,0.0
90,2026-01-30,33114,32345,0.0
90,2026-01-31,32599,32917,0.0
90,2026-02-01,32303,33207,0.0
90,2026-02-02,33679,34132,0.0
90,2026-02-03,33946,32733,0.0
90,2026-02-04,30220,30938,0.0
90,2026-02-05,33430,33711,0.0
91,2025-11-14,22854,22132,0.0
91,2025-11-15,21289,21682,0.0
91,2025-11-16,22035,21810,0.0
91,2025-11-17,22482,22047,0.0
91,2025-11-18,23591,22717,0.0
91,2025-11-19,23909,23108,0.0
91,2025-11-20,21923,21832,0.0
91,2025-11-21,22368,22399,0.0
91,2025-11-22,22181,22162,0.0
91,2025-11-23,21041,21212,0.0
91,2025-11-24,23004,22970,0.0
91,2025-11-25,22564,23191,0.0
91,2025-11-26,23148,22576,0.0
91,2025-11-27,20853,21261,0.0
91,2025-11-28,23144,22917,0.0
91,2025-11-29,23211,22509,0.0
91,2025-11-30,22274,22212,0.0
91,2025-12-01,20947,21427,0.0
91,2025-12-02,22720,21906,0.0
91,2025-12-03,21129,21170,0.0
91,2025-12-04,21762,21498,0.0
91,2025-12-05,21549,22034,0.0
91,2025-12-06,22127,21350,0.0
91,2025-12-07,23440,23214,0.0
91,2025-12-08,22232,22817,0.0
91,2025-12-09,22327,21500,0.0
91,2025-12-10,22062,22707,0.0
91,2025-12-11,21152,21417,0.0
91,2025-12-12,20978,21208,0.0
91,2025-12-13,21992,21957,0.0
91,2025-12-14,22131,21435,0.0
91,2025-12-15,22693,21976,0.0
91,2025-12-16,21269,21467,0.0
91,2025-12-17,22295,22213,0.0
91,2025-12-18,22820,21994,0.0
91,2025-12-19,23075,22849,0.0
91,2025-12-20,22166,21467,0.0
91,2025-12-21,21572,21348,0.0
91,2025-12-22,23279,22653,0.0
91,2025-12-23,21507,21059,0.0
91,2025-12-24,22915,22133,0.0
91,2025-12-25,23091,22519,0.0
91,2025-12-26,23692,23215,0.0
91,2025-12-27,23104,22431,0.0
91,2025-12-28,21329,21108,0.0
91,2025-12-29,22188,22569,0.0
91,2025-12-30,21765,21506,0.0
91,2025-12-31,22157,22532,0.0
91,2026-01-01,21743,21833,0.0
91,2026-01-02,22645,22840,0.0
91,2026-01-03,23353,23239,0.0
91,2026-01-04,22738,22861,0.0
91,2026-01-05,22602,21771,0.0
91,2026-01-06,21899,21853,0.0
91,2026-01-07,21582,21992,0.0
91,2026-01-08,22897,22533,0.0
91,2026-01-09,23545,23103,0.0
91,2026-01-10,20731,21221,0.0
91,2026-01-11,20564,21064,0.0
91,2026-01-12,22171,22687,0.0
91,2026-01-13,22612,22430,0.0
91,2026-01-14,23099,22505,0.0
91,2026-01-15,22401,22747,0.0
91,2026-01-16,22419,22923,0.0
91,2026-01-17,22659,22784,0.0
91,2026-01-18,23208,22455,0.0
91,2026-01-19,23054,23107,0.0
91,2026-01-20,21739,21620,0.0
91,2026-01-21,22830,23026,0.0
91,2026-01-22,21397,21037,0.0
91,2026-01-23,20501,21086,0.0
91,2026-01-24,22815,22176,0.0
91,2026-01-25,21238,21405,0.0
91,2026-01-26,22260,22258,0.0
91,2026-01-27,22185,21898,0.0
91,2026-01-28,22751,21977,0.0
91,2026-01-29,22578,22639,0.0
91,2026-01-30,21212,21378,0.0
91,2026-01-31,21726,21307,0.0
91,2026-02-01,22122,21895,0.0
91,2026-02-02,23662,22881,0.0
91,2026-02-03,21076,21234,0.0
91,2026-02-04,20874,21366,1.1
91,2026-02-05,23366,23180,0.0
92,2025-11-14,30448,31333,0.0
92,2025-11-15,31919,31466,0.0
92,2025-11-16,30230,29764,0.0
92,2025-11-17,32211,31309,0.0
92,2025-11-18,29777,29883,0.0
92,2025-11-19,28811,29526,0.0
92,2025-11-20,19081,29425,8.9
92,2025-11-21,28887,29520,0.0
92,2025-11-22,28813,29322,0.0
92,2025-11-23,30729,29722,0.0
92,2025-11-24,31131,30352,0.0
92,2025-11-25,30139,29729,0.0
92,2025-11-26,32026,31025,0.0
92,2025-11-27,29438,30000,0.0
92,2025-11-28,31519,31018,0.0
92,2025-11-29,29478,30135,0.0
92,2025-11-30,32147,30922,0.0
92,2025-12-01,22794,29458,5.2
92,2025-12-02,30901,30671,0.0
92,2025-12-03,29754,30203,0.0
92,2025-12-04,28685,29510,0.0
92,2025-12-05,30015,29473,0.0
92,2025-12-06,28895,29367,0.0
92,2025-12-07,30992,30515,0.0
92,2025-12-08,31999,31983,0.0
92,2025-12-09,29320,29691,0.0
92,2025-12-10,32677,32030,0.0
92,2025-12-11,31672,30884,0.0
92,2025-12-12,30808,31296,0.0
92,2025-12-13,30949,30911,0.0
92,2025-12-14,29188,29415,0.0
92,2025-12-15,29682,30166,0.0
92,2025-12-16,31294,30461,0.0
92,2025-12-17,30966,29860,0.0
92,2025-12-18,32160,31771,0.0
92,2025-12-19,30521,30305,0.0
92,2025-12-20,31209,30400,0.0
92,2025-12-21,29362,29744,0.0
92,2025-12-22,29451,30048,0.0
92,2025-12-23,22122,29740,6.5
92,2025-12-24,29574,29798,0.0
92,2025-12-25,29433,29735,0.0
92,2025-12-26,31567,31278,0.0
92,2025-12-27,31966,31141,0.0
92,2025-12-28,31649,31174,0.0
92,2025-12-29,30491,29692,0.0
92,2025-12-30,29362,29229,0.0
92,2025-12-31,29812,30472,0.0
92,2026-01-01,30148,29809,0.0
92,2026-01-02,30165,30848,1.1
92,2026-01-03,25233,32046,4.7
92,2026-01-04,30926,30701,0.0
92,2026-01-05,29643,30524,0.0
92,2026-01-06,29978,30007,0.0
92,2026-01-07,29160,29330,0.0
92,2026-01-08,29363,29230,0.0
92,2026-01-09,31785,30596,0.0
92,2026-01-10,32735,31667,0.0
92,2026-01-11,29091,29771,0.0
92,2026-01-12,31475,32127,0.0
92,2026-01-13,30394,29778,0.0
92,2026-01-14,32225,31572,0.0
92,2026-01-15,29323,29101,0.0
92,2026-01-16,30953,31790,0.0
92,2026-01-17,29217,30017,0.0
92,2026-01-18,32081,31509,0.0
92,2026-01-19,32520,31917,0.0
92,2026-01-20,29413,30063,0.0
92,2026-01-21,32033,31688,0.0
92,2026-01-22,31584,31131,0.0
92,2026-01-23,30146,30549,0.0
92,2026-01-24,31125,31451,0.0
92,2026-01-25,30690,31431,0.0
92,2026-01-26,31476,31644,0.0
92,2026-01-27,32191,31706,0.0
92,2026-01-28,29842,30600,0.0
92,2026-01-29,31035,30519,0.0
92,2026-01-30,30252,30128,0.0
92,2026-01-31,31373,30659,0.0
92,2026-02-01,32383,31255,0.0
92,2026-02-02,30272,29409,0.0
92,2026-02-03,31300,30266,0.0
92,2026-02-04,30106,29707,0.0
92,2026-02-05,29615,30381,0.0
93,2025-11-14,6332,6220,0.0
93,2025-11-15,5773,5714,0.0
93,2025-11-16,5729,5717,0.0
93,2025-11-17,5536,5663,0.0
93,2025-11-18,5825,5812,0.0
93,2025-11-19,5988,5969,0.0
93,2025-11-20,5693,5724,0.0
93,2025-11-21,5913,5864,0.0
93,2025-11-22,5800,5890,0.0
93,2025-11-23,5852,5852,0.0
93,2025-11-24,5878,5873,0.0
93,2025-11-25,5724,5881,0.0
93,2025-11-26,5970,5769,0.0
93,2025-11-27,5661,5758,0.0
93,2025-11-28,5950,6015,0.0
93,2025-11-29,5754,5718,0.0
93,2025-11-30,5647,5801,0.0
93,2025-12-01,5594,5722,0.0
93,2025-12-02,6191,5996,0.0
93,2025-12-03,5890,5970,0.0
93,2025-12-04,6112,6179,0.0
93,2025-12-05,6005,5894,0.0
93,2025-12-06,5769,5784,0.0
93,2025-12-07,6232,6065,0.0
93,2025-12-08,5781,5755,0.0
93,2025-12-09,5936,6032,0.0
93,2025-12-10,5938,5825,0.0
93,2025-12-11,5591,5763,0.0
93,2025-12-12,6226,6024,0.0
93,2025-12-13,6294,6161,0.0
93,2025-12-14,5859,5755,0.0
93,2025-12-15,5853,5752,0.0
93,2025-12-16,5884,5924,0.0
93,2025-12-17,6276,6050,0.0
93,2025-12-18,5665,5666,0.0
93,2025-12-19,6414,6178,0.0
93,2025-12-20,5995,6106,0.0
93,2025-12-21,5691,5863,0.0
93,2025-12-22,5671,5654,0.0
93,2025-12-23,3947,5935,0.0
93,2025-12-24,3408,5664,0.0
93,2025-12-25,3788,5826,0.0
93,2025-12-26,3666,5953,0.0
93,2025-12-27,4011,6115,0.0
93,2025-12-28,3716,6132,0.0
93,2025-12-29,3709,5945,0.0
93,2025-12-30,3737,5978,0.0
93,2025-12-31,3767,5804,0.0
93,2026-01-01,3893,6146,0.0
93,2026-01-02,3636,5852,0.0
93,2026-01-03,3858,6048,0.0
93,2026-01-04,4089,6155,0.0
93,2026-01-05,5836,5814,0.0
93,2026-01-06,6072,6034,0.0
93,2026-01-07,5781,5897,0.0
93,2026-01-08,6153,6245,0.0
93,2026-01-09,5643,5672,0.0
93,2026-01-10,6130,6067,0.0
93,2026-01-11,5776,5776,0.0
93,2026-01-12,6053,6201,0.0
93,2026-01-13,5697,5718,0.0
93,2026-01-14,5960,6026,0.0
93,2026-01-15,6246,6196,0.0
93,2026-01-16,6416,6175,0.0
93,2026-01-17,6085,6195,0.0
93,2026-01-18,5817,5850,0.0
93,2026-01-19,6285,6216,0.0
93,2026-01-20,5705,5767,0.0
93,2026-01-21,6135,6071,0.0
93,2026-01-22,5888,5726,0.0
93,2026-01-23,6144,5991,0.0
93,2026-01-24,6009,5860,0.0
93,2026-01-25,5531,5658,0.0
93,2026-01-26,5941,5741,0.0
93,2026-01-27,6070,5965,0.0
93,2026-01-28,5926,5985,0.0
93,2026-01-29,5832,5943,0.0
93,2026-01-30,5680,5829,0.0
93,2026-01-31,5793,5783,0.0
93,2026-02-01,5886,5727,0.0
93,2026-02-02,5679,5656,0.0
93,2026-02-03,6117,6150,0.0
93,2026-02-04,5582,5735,0.0
93,2026-02-05,6313,6121,0.0
94,2025-11-14,28832,27801,0.0
94,2025-11-15,27176,26646,0.0
94,2025-11-16,28796,28789,0.0
94,2025-11-17,28029,28830,0.0
94,2025-11-18,27796,27319,0.0
94,2025-11-19,29676,28720,0.0
94,2025-11-20,27046,26731,0.0
94,2025-11-21,29366,28475,0.0
94,2025-11-22,27582,26943,0.0
94,2025-11-23,26660,27095,0.0
94,2025-11-24,28486,27526,0.0
94,2025-11-25,29263,28556,0.0
94,2025-11-26,28363,28170,0.0
94,2025-11-27,27729,27240,0.0
94,2025-11-28,28985,28909,0.0
94,2025-11-29,27216,26325,0.0
94,2025-11-30,26005,26640,0.0
94,2025-12-01,28554,27856,0.0
94,2025-12-02,29125,28739,0.0
94,2025-12-03,27836,28587,0.0
94,2025-12-04,27996,27531,0.0
94,2025-12-05,28749,28571,0.0
94,2025-12-06,28655,28977,0.0
94,2025-12-07,28853,28523,0.0
94,2025-12-08,29165,28640,0.0
94,2025-12-09,27965,27663,0.0
94,2025-12-10,28207,27679,0.0
94,2025-12-11,27633,26629,0.0
94,2025-12-12,27074,26680,0.0
94,2025-12-13,29426,28840,0.0
94,2025-12-14,27172,26806,0.0
94,2025-12-15,28129,28683,0.0
94,2025-12-16,26201,26538,0.0
94,2025-12-17,22748,28811,5.0
94,2025-12-18,26863,26760,0.0
94,2025-12-19,27762,26971,0.0
94,2025-12-20,28091,28071,0.0
94,2025-12-21,25792,26312,0.0
94,2025-12-22,27512,26917,0.0
94,2025-12-23,27314,26806,0.0
94,2025-12-24,26269,26528,0.0
94,2025-12-25,26896,27012,0.0
94,2025-12-26,28249,27534,0.0
94,2025-12-27,26504,27035,0.0
94,2025-12-28,27779,27856,0.0
94,2025-12-29,28503,28068,0.0
94,2025-12-30,28146,27232,0.0
94,2025-12-31,28392,27518,0.0
94,2026-01-01,26017,28631,2.3
94,2026-01-02,28622,27703,0.0
94,2026-01-03,26195,26670,0.0
94,2026-01-04,27781,27522,0.0
94,2026-01-05,27846,28421,0.0
94,2026-01-06,27355,26440,0.0
94,2026-01-07,29023,28912,0.0
94,2026-01-08,27719,28210,0.0
94,2026-01-09,27402,26968,0.0
94,2026-01-10,28169,27857,0.0
94,2026-01-11,27181,26439,0.0
94,2026-01-12,19738,28090,6.9
94,2026-01-13,27622,27146,0.0
94,2026-01-14,29478,28787,0.0
94,2026-01-15,28037,28686,0.0
94,2026-01-16,28851,28942,0.0
94,2026-01-17,26252,26944,0.0
94,2026-01-18,28089,27472,0.0
94,2026-01-19,26706,26333,0.0
94,2026-01-20,26876,27494,0.0
94,2026-01-21,28196,27790,0.0
94,2026-01-22,28251,28128,0.0
94,2026-01-23,28053,27451,0.0
94,2026-01-24,27160,26490,0.0
94,2026-01-25,16403,26344,8.7
94,2026-01-26,27550,28392,0.0
94,2026-01-27,28022,27193,0.0
94,2026-01-28,29310,28264,0.0
94,2026-01-29,26377,26825,0.0
94,2026-01-30,27374,27237,0.0
94,2026-01-31,29313,28467,0.0
94,2026-02-01,29062,28667,0.0
94,2026-02-02,27097,27681,0.0
94,2026-02-03,26523,26394,0.0
94,2026-02-04,27711,28522,0.0
94,2026-02-05,28095,27331,0.0
95,2025-11-14,2482,2495,0.0
95,2025-11-15,2309,2354,0.0
95,2025-11-16,2360,2343,0.0
95,2025-11-17,2447,2432,0.0
95,2025-11-18,2414,2434,0.0
95,2025-11-19,2519,2499,0.0
95,2025-11-20,2537,2510,0.0
95,2025-11-21,2537,2442,0.0
95,2025-11-22,2319,2386,0.0
95,2025-11-23,2459,2499,0.0
95,2025-11-24,2273,2334,0.0
95,2025-11-25,2428,2364,0.0
95,2025-11-26,2561,2504,0.0
95,2025-11-27,2342,2404,0.0
95,2025-11-28,2484,2421,0.0
95,2025-11-29,2517,2486,0.0
95,2025-11-30,2430,2368,0.0
95,2025-12-01,2325,2385,0.0
95,2025-12-02,2562,2508,0.0
95,2025-12-03,2477,2400,0.0
95,2025-12-04,2407,2459,0.0
95,2025-12-05,2349,2404,0.0
95,2025-12-06,2335,2369,0.0
95,2025-12-07,2481,2473,0.0
95,2025-12-08,2413,2340,0.0
95,2025-12-09,2371,2291,0.0
95,2025-12-10,2389,2332,0.0
95,2025-12-11,2405,2376,0.0
95,2025-12-12,2329,2289,0.0
95,2025-12-13,2386,2378,0.0
95,2025-12-14,2306,2315,0.0
95,2025-12-15,2463,2417,0.0
95,2025-12-16,2262,2313,0.0
95,2025-12-17,2534,2502,0.0
95,2025-12-18,2354,2367,0.0
95,2025-12-19,2422,2342,0.0
95,2025-12-20,2233,2287,0.0
95,2025-12-21,2463,2466,0.0
95,2025-12-22,2478,2414,0.0
95,2025-12-23,2411,2478,0.0
95,2025-12-24,2417,2345,0.0
95,2025-12-25,2239,2299,0.0
95,2025-12-26,2354,2353,0.0
95,2025-12-27,2410,2430,0.0
95,2025-12-28,2606,2525,0.0
95,2025-12-29,2331,2381,0.0
95,2025-12-30,2482,2443,0.0
95,2025-12-31,2449,2511,0.0
95,2026-01-01,2416,2455,0.0
95,2026-01-02,2568,2501,0.0
95,2026-01-03,2464,2392,0.0
95,2026-01-04,2352,2373,0.0
95,2026-01-05,2515,2494,0.0
95,2026-01-06,2467,2500,0.0
95,2026-01-07,2396,2415,0.0
95,2026-01-08,2314,2368,0.0
95,2026-01-09,2510,2514,0.0
95,2026-01-10,2313,2304,0.0
95,2026-01-11,2571,2487,0.0
95,2026-01-12,2373,2358,0.0
95,2026-01-13,2334,2314,0.0
95,2026-01-14,2525,2474,0.0
95,2026-01-15,2276,2341,0.0
95,2026-01-16,2471,2469,0.0
95,2026-01-17,2374,2290,0.0
95,2026-01-18,2417,2350,0.0
95,2026-01-19,2383,2357,0.0
95,2026-01-20,2385,2299,0.0
95,2026-01-21,2447,2377,0.0
95,2026-01-22,2308,2377,0.0
95,2026-01-23,2341,2339,0.0
95,2026-01-24,2435,2444,0.0
95,2026-01-25,2461,2444,0.0
95,2026-01-26,2399,2468,0.0
95,2026-01-27,2593,2504,0.0
95,2026-01-28,2419,2366,0.0
95,2026-01-29,2413,2348,0.0
95,2026-01-30,2390,2337,0.0
95,2026-01-31,2390,2460,0.0
95,2026-02-01,2526,2493,0.0
95,2026-02-02,2570,2508,0.0
95,2026-02-03,2535,2479,0.0
95,2026-02-04,2535,2514,0.0
95,2026-02-05,2437,2354,0.0
96,2025-11-14,8959,8620,0.0
96,2025-11-15,8776,8779,0.0
96,2025-11-16,8583,8384,0.0
96,2025-11-17,8880,8562,0.0
96,2025-11-18,8695,8365,0.0
96,2025-11-19,8683,8402,0.0
96,2025-11-20,8545,8396,0.0
96,2025-11-21,9175,8823,0.0
96,2025-11-22,8570,8651,0.0
96,2025-11-23,8166,8396,0.0
96,2025-11-24,8282,8376,0.0
96,2025-11-25,8962,8824,0.0
96,2025-11-26,8178,8424,0.0
96,2025-11-27,9023,8879,0.0
96,2025-11-28,8792,8542,0.0
96,2025-11-29,7932,8168,0.0
96,2025-11-30,8236,8469,0.0
96,2025-12-01,8765,8639,0.0
96,2025-12-02,8646,8659,0.0
96,2025-12-03,8712,8931,0.0
96,2025-12-04,9057,8980,0.0
96,2025-12-05,8388,8382,0.0
96,2025-12-06,8594,8384,0.0
96,2025-12-07,8394,8356,0.0
96,2025-12-08,8750,8909,0.0
96,2025-12-09,8494,8361,0.0
96,2025-12-10,8450,8319,0.0
96,2025-12-11,8585,8539,0.0
96,2025-12-12,8568,8636,0.0
96,2025-12-13,8851,8978,0.0
96,2025-12-14,9353,8999,0.0
96,2025-12-15,8630,8887,0.0
96,2025-12-16,8879,8625,0.0
96,2025-12-17,8137,8362,0.0
96,2025-12-18,8403,8596,0.0
96,2025-12-19,8045,8227,0.0
96,2025-12-20,8515,8651,0.0
96,2025-12-21,8991,8746,0.0
96,2025-12-22,8313,8527,0.0
96,2025-12-23,8098,8182,0.0
96,2025-12-24,8575,8470,0.0
96,2025-12-25,9273,8932,0.0
96,2025-12-26,8936,8970,0.0
96,2025-12-27,8110,8188,0.0
96,2025-12-28,8375,8411,0.0
96,2025-12-29,8499,8669,0.0
96,2025-12-30,8153,8342,0.0
96,2025-12-31,8705,8776,0.0
96,2026-01-01,9027,8834,0.0
96,2026-01-02,9146,8968,0.0
96,2026-01-03,8630,8661,0.0
96,2026-01-04,8422,8290,0.0
96,2026-01-05,8921,8718,0.0
96,2026-01-06,9315,8984,0.0
96,2026-01-07,8987,8646,0.0
96,2026-01-08,9048,8702,0.0
96,2026-01-09,8808,8624,0.0
96,2026-01-10,8723,8915,0.0
96,2026-01-11,8906,8682,0.0
96,2026-01-12,8746,8608,0.0
96,2026-01-13,8262,8328,0.0
96,2026-01-14,9034,8943,0.0
96,2026-01-15,8785,8847,0.0
96,2026-01-16,8680,8359,0.0
96,2026-01-17,8924,8996,0.0
96,2026-01-18,8701,8543,0.0
96,2026-01-19,8828,8513,0.0
96,2026-01-20,8430,8642,0.0
96,2026-01-21,8263,8472,0.0
96,2026-01-22,8391,8359,0.0
96,2026-01-23,8567,8358,0.0
96,2026-01-24,9259,9008,0.0
96,2026-01-25,8662,8371,0.0
96,2026-01-26,9034,8740,0.0
96,2026-01-27,8825,8681,0.0
96,2026-01-28,8671,8454,0.0
96,2026-01-29,8326,8512,0.0
96,2026-01-30,8332,8288,0.0
96,2026-01-31,8958,8918,0.0
96,2026-02-01,8180,8315,0.0
96,2026-02-02,8318,8304,0.0
96,2026-02-03,8811,8818,0.0
96,2026-02-04,8733,8564,0.0
96,2026-02-05,8703,8908,0.0
97,2025-11-14,2443,2376,0.0
97,2025-11-15,2344,2388,0.0
97,2025-11-16,2517,2502,0.0
97,2025-11-17,2467,2475,0.0
97,2025-11-18,2489,2543,0.0
97,2025-11-19,2410,2443,0.0
97,2025-11-20,2558,2575,0.0
97,2025-11-21,2504,2521,0.0
97,2025-11-22,2492,2550,0.0
97,2025-11-23,2534,2599,0.0
97,2025-11-24,2691,2597,0.0
97,2025-11-25,2590,2554,0.0
97,2025-11-26,2560,2559,0.0
97,2025-11-27,2601,2553,0.0
97,2025-11-28,2569,2517,0.0
97,2025-11-29,2565,2497,0.0
97,2025-11-30,2325,2371,0.0
97,2025-12-01,2567,2538,0.0
97,2025-12-02,2454,2450,0.0
97,2025-12-03,2505,2550,0.0
97,2025-12-04,2535,2562,0.0
97,2025-12-05,2458,2493,0.0
97,2025-12-06,2432,2499,0.0
97,2025-12-07,2512,2496,0.0
97,2025-12-08,2526,2441,0.0
97,2025-12-09,2550,2558,0.0
97,2025-12-10,2467,2380,0.0
97,2025-12-11,2683,2590,0.0
97,2025-12-12,2529,2477,0.0
97,2025-12-13,2561,2589,0.0
97,2025-12-14,2436,2456,0.0
97,2025-12-15,2396,2441,0.0
97,2025-12-16,2434,2425,0.0
97,2025-12-17,2556,2604,0.0
97,2025-12-18,2491,2521,0.0
97,2025-12-19,2372,2427,0.0
97,2025-12-20,2368,2394,0.0
97,2025-12-21,2517,2496,0.0
97,2025-12-22,2473,2519,0.0
97,2025-12-23,2521,2592,0.0
97,2025-12-24,2436,2418,0.0
97,2025-12-25,2585,2575,0.0
97,2025-12-26,2429,2440,0.0
97,2025-12-27,2566,2476,0.0
97,2025-12-28,2403,2401,0.0
97,2025-12-29,2603,2599,0.0
97,2025-12-30,2651,2599,0.0
97,2025-12-31,2535,2591,0.0
97,2026-01-01,2401,2391,0.0
97,2026-01-02,2389,2439,0.0
97,2026-01-03,2654,2611,0.0
97,2026-01-04,2622,2555,0.0
97,2026-01-05,2353,2388,0.0
97,2026-01-06,2406,2453,0.0
97,2026-01-07,2557,2553,0.0
97,2026-01-08,2428,2388,0.0
97,2026-01-09,2639,2592,0.0
97,2026-01-10,2329,2395,0.0
97,2026-01-11,2548,2500,0.0
97,2026-01-12,2467,2509,0.0
97,2026-01-13,2598,2526,0.0
97,2026-01-14,2618,2526,0.0
97,2026-01-15,2483,2516,0.0
97,2026-01-16,2499,2424,0.0
97,2026-01-17,2446,2487,0.0
97,2026-01-18,2425,2416,0.0
97,2026-01-19,2413,2402,0.0
97,2026-01-20,2426,2392,0.0
97,2026-01-21,2565,2550,0.0
97,2026-01-22,2440,2478,0.0
97,2026-01-23,2532,2522,0.0
97,2026-01-24,2425,2379,0.0
97,2026-01-25,2568,2523,0.0
97,2026-01-26,2462,2428,0.0
97,2026-01-27,2488,2502,0.0
97,2026-01-28,2684,2589,0.0
97,2026-01-29,2662,2588,0.0
97,2026-01-30,2533,2492,0.0
97,2026-01-31,2554,2519,0.0
97,2026-02-01,2462,2443,0.0
97,2026-02-02,2571,2610,0.0
97,2026-02-03,2643,2560,0.0
97,2026-02-04,2479,2481,0.0
97,2026-02-05,2444,2476,0.0
98,2025-11-14,8283,8432,0.0
98,2025-11-15,8069,7941,0.0
98,2025-11-16,7747,7764,0.0
98,2025-11-17,8602,8338,0.0
98,2025-11-18,8393,8145,0.0
98,2025-11-19,7823,7684,0.0
98,2025-11-20,7745,7834,0.0
98,2025-11-21,8226,7990,0.0
98,2025-11-22,7995,7921,0.0
98,2025-11-23,8129,7992,0.0
98,2025-11-24,8216,8003,0.0
98,2025-11-25,7614,7705,0.0
98,2025-11-26,7868,7837,0.0
98,2025-11-27,7808,7697,0.0
98,2025-11-28,7849,7839,0.0
98,2025-11-29,8346,8093,0.0
98,2025-11-30,7940,7750,0.0
98,2025-12-01,8461,8153,0.0
98,2025-12-02,7926,8096,0.0
98,2025-12-03,7958,7678,0.0
98,2025-12-04,8261,8290,0.0
98,2025-12-05,7892,7945,0.0
98,2025-12-06,7894,7712,0.0
98,2025-12-07,7622,7830,0.0
98,2025-12-08,8518,8455,0.0
98,2025-12-09,8208,7980,0.0
98,2025-12-10,8054,7895,0.0
98,2025-12-11,7813,7962,0.0
98,2025-12-12,8097,8106,0.0
98,2025-12-13,7575,7672,0.0
98,2025-12-14,8511,8270,0.0
98,2025-12-15,8120,8065,0.0
98,2025-12-16,7890,7695,0.0
98,2025-12-17,7601,7680,0.0
98,2025-12-18,8331,8215,0.0
98,2025-12-19,8036,8265,0.0
98,2025-12-20,8179,7965,0.0
98,2025-12-21,8303,8320,0.0
98,2025-12-22,8618,8356,0.0
98,2025-12-23,7868,8067,0.0
98,2025-12-24,8409,8251,0.0
98,2025-12-25,8022,8259,0.0
98,2025-12-26,8468,8402,0.0
98,2025-12-27,7945,8135,0.0
98,2025-12-28,8309,8331,0.0
98,2025-12-29,8543,8293,0.0
98,2025-12-30,8258,8260,0.0
98,2025-12-31,7959,8031,0.0
98,2026-01-01,8247,8442,0.0
98,2026-01-02,8046,7964,0.0
98,2026-01-03,7840,7840,0.0
98,2026-01-04,7872,7885,0.0
98,2026-01-05,8143,8227,0.0
98,2026-01-06,8012,7969,0.0
98,2026-01-07,8572,8247,0.0
98,2026-01-08,8578,8276,0.0
98,2026-01-09,8185,8025,0.0
98,2026-01-10,7761,7681,0.0
98,2026-01-11,8213,8021,0.0
98,2026-01-12,7774,7748,0.0
98,2026-01-13,7712,7777,0.0
98,2026-01-14,7836,7728,0.0
98,2026-01-15,7900,7828,0.0
98,2026-01-16,8431,8139,0.0
98,2026-01-17,7793,7986,0.0
98,2026-01-18,8314,8083,0.0
98,2026-01-19,8512,8274,0.0
98,2026-01-20,7849,8058,0.0
98,2026-01-21,8248,8258,0.0
98,2026-01-22,7908,7690,0.0
98,2026-01-23,8291,8143,0.0
98,2026-01-24,8121,7877,0.0
98,2026-01-25,7989,8114,0.0
98,2026-01-26,8097,8064,0.0
98,2026-01-27,8142,7851,0.0
98,2026-01-28,8068,8050,0.0
98,2026-01-29,8329,8257,0.0
98,2026-01-30,8582,8403,0.0
98,2026-01-31,7721,7723,0.0
98,2026-02-01,7510,7672,0.0
98,2026-02-02,7808,7759,0.0
98,2026-02-03,8226,8362,0.0
98,2026-02-04,8190,8375,0.0
98,2026-02-05,8204,8166,0.0
99,2025-11-14,8773,8715,0.0
99,2025-11-15,9246,8967,0.0
99,2025-11-16,8439,8695,0.0
99,2025-11-17,9606,9240,0.0
99,2025-11-18,9113,8834,0.0
99,2025-11-19,9323,9393,0.0
99,2025-11-20,8821,8739,0.0
99,2025-11-21,9118,9208,0.0
99,2025-11-22,9697,9450,0.0
99,2025-11-23,9098,9135,0.0
99,2025-11-24,8805,8779,0.0
99,2025-11-25,9200,9264,0.0
99,2025-11-26,9802,9428,0.0
99,2025-11-27,9064,9235,0.0
99,2025-11-28,8904,8876,0.0
99,2025-11-29,8856,9014,0.0
99,2025-11-30,8933,8594,0.0
99,2025-12-01,8936,8769,0.0
99,2025-12-02,8792,9003,0.0
99,2025-12-03,8940,9154,0.0
99,2025-12-04,8749,8649,0.0
99,2025-12-05,9523,9387,0.0
99,2025-12-06,8551,8602,0.0
99,2025-12-07,8699,8846,0.0
99,2025-12-08,9277,8974,0.0
99,2025-12-09,9108,8921,0.0
99,2025-12-10,9657,9434,0.0
99,2025-12-11,9254,9169,0.0
99,2025-12-12,8980,9125,0.0
99,2025-12-13,8584,8785,0.0
99,2025-12-14,8938,9098,0.0
99,2025-12-15,8869,9061,0.0
99,2025-12-16,9070,8935,0.0
99,2025-12-17,9456,9360,0.0
99,2025-12-18,9579,9463,0.0
99,2025-12-19,9343,9146,0.0
99,2025-12-20,9073,8778,0.0
99,2025-12-21,8535,8798,0.0
99,2025-12-22,9288,9429,0.0
99,2025-12-23,8831,8718,0.0
99,2025-12-24,8617,8589,0.0
99,2025-12-25,9233,9466,0.0
99,2025-12-26,9128,9319,0.0
99,2025-12-27,9013,9015,0.0
99,2025-12-28,9194,9276,0.0
99,2025-12-29,8826,8944,0.0
99,2025-12-30,9450,9227,0.0
99,2025-12-31,9298,9347,0.0
99,2026-01-01,8592,8660,0.0
99,2026-01-02,8890,8782,0.0
99,2026-01-03,8993,9162,0.0
99,2026-01-04,8625,8718,0.0
99,2026-01-05,8993,8988,0.0
99,2026-01-06,8979,8815,0.0
99,2026-01-07,9199,9402,0.0
99,2026-01-08,8886,8750,0.0
99,2026-01-09,9648,9362,0.0
99,2026-01-10,9115,8902,0.0
99,2026-01-11,9144,9147,0.0
99,2026-01-12,9716,9421,0.0
99,2026-01-13,8778,8927,0.0
99,2026-01-14,9824,9489,0.0
99,2026-01-15,8769,8915,0.0
99,2026-01-16,8969,9119,0.0
99,2026-01-17,9347,9413,0.0
99,2026-01-18,9351,9043,0.0
99,2026-01-19,8578,8836,0.0
99,2026-01-20,9309,9169,0.0
99,2026-01-21,9468,9489,0.0
99,2026-01-22,9007,8837,0.0
99,2026-01-23,8869,9106,0.0
99,2026-01-24,8980,9238,0.0
99,2026-01-25,9165,9138,0.0
99,2026-01-26,8761,8746,0.0
99,2026-01-27,9380,9174,0.0
99,2026-01-28,8754,8683,0.0
99,2026-01-29,9105,9143,0.0
99,2026-01-30,9410,9227,0.0
99,2026-01-31,9193,9358,0.0
99,2026-02-01,9116,9343,0.0
99,2026-02-02,8795,8990,0.0
99,2026-02-03,9048,8873,0.0
99,2026-02-04,9105,8840,0.0
99,2026-02-05,9453,9181,0.0
100,2025-11-14,2624,2569,0.0
100,2025-11-15,2763,2717,0.0
100,2025-11-16,2608,2526,0.0
100,2025-11-17,2775,2671,0.0
100,2025-11-18,2475,2486,0.0
100,2025-11-19,2633,2591,0.0
100,2025-11-20,2539,2498,0.0
100,2025-11-21,2636,2681,0.0
100,2025-11-22,2501,2552,0.0
100,2025-11-23,2449,2494,0.0
100,2025-11-24,2695,2662,0.0
100,2025-11-25,2644,2648,0.0
100,2025-11-26,2806,2728,0.0
100,2025-11-27,2607,2629,0.0
100,2025-11-28,2547,2604,0.0
100,2025-11-29,2576,2505,0.0
100,2025-11-30,2592,2505,0.0
100,2025-12-01,2616,2530,0.0
100,2025-12-02,2503,2565,0.0
100,2025-12-03,2521,2487,0.0
100,2025-12-04,2439,2485,0.0
100,2025-12-05,2640,2602,0.0
100,2025-12-06,2814,2729,0.0
100,2025-12-07,2637,2660,0.0
100,2025-12-08,2805,2708,0.0
100,2025-12-09,2734,2675,0.0
100,2025-12-10,2559,2581,0.0
100,2025-12-11,2529,2555,0.0
100,2025-12-12,2614,2590,0.0
100,2025-12-13,2625,2553,0.0
100,2025-12-14,2694,2738,0.0
100,2025-12-15,2566,2597,0.0
100,2025-12-16,2514,2575,0.0
100,2025-12-17,2671,2684,0.0
100,2025-12-18,2716,2699,0.0
100,2025-12-19,2572,2527,0.0
100,2025-12-20,2731,2635,0.0
100,2025-12-21,2580,2631,0.0
100,2025-12-22,2697,2595,0.0
100,2025-12-23,2700,2660,0.0
100,2025-12-24,2545,2571,0.0
100,2025-12-25,2725,2626,0.0
100,2025-12-26,2608,2552,0.0
100,2025-12-27,2552,2537,0.0
100,2025-12-28,2512,2550,0.0
100,2025-12-29,2707,2617,0.0
100,2025-12-30,2642,2606,0.0
100,2025-12-31,2572,2566,0.0
100,2026-01-01,2679,2654,0.0
100,2026-01-02,1391,2566,0.0
100,2026-01-03,1269,2576,0.0
100,2026-01-04,1368,2524,0.0
100,2026-01-05,1325,2570,0.0
100,2026-01-06,1372,2531,0.0
100,2026-01-07,1283,2525,0.0
100,2026-01-08,1393,2679,0.0
100,2026-01-09,1357,2643,0.0
100,2026-01-10,1393,2664,0.0
100,2026-01-11,1385,2606,0.0
100,2026-01-12,1339,2671,0.0
100,2026-01-13,1365,2608,0.0
100,2026-01-14,1274,2493,0.0
100,2026-01-15,1383,2543,0.0
100,2026-01-16,2820,2724,0.0
100,2026-01-17,2534,2593,0.0
100,2026-01-18,2603,2633,0.0
100,2026-01-19,2554,2525,0.0
100,2026-01-20,2513,2561,0.0
100,2026-01-21,2695,2664,0.0
100,2026-01-22,2749,2731,0.0
100,2026-01-23,2543,2519,0.0
100,2026-01-24,2732,2688,0.0
100,2026-01-25,2440,2506,0.0
100,2026-01-26,2583,2519,0.0
100,2026-01-27,2571,2586,0.0
100,2026-01-28,2659,2654,0.0
100,2026-01-29,2486,2527,0.0
100,2026-01-30,2508,2530,0.0
100,2026-01-31,2673,2596,0.0
100,2026-02-01,2574,2522,0.0
100,2026-02-02,2708,2685,0.0
100,2026-02-03,2449,2524,0.0
100,2026-02-04,2565,2626,0.0
100,2026-02-05,2531,2538,0.0
101,2025-11-14,4581,4568,0.0
101,2025-11-15,4517,4506,0.0
101,2025-11-16,4729,4573,0.0
101,2025-11-17,4789,4827,0.0
101,2025-11-18,4535,4545,0.0
101,2025-11-19,4658,4706,0.0
101,2025-11-20,4815,4670,0.0
101,2025-11-21,4587,4554,0.0
101,2025-11-22,4924,4843,0.0
101,2025-11-23,4668,4804,0.0
101,2025-11-24,4424,4503,0.0
101,2025-11-25,4604,4626,0.0
101,2025-11-26,4531,4671,0.0
101,2025-11-27,4420,4430,0.0
101,2025-11-28,4560,4625,0.0
101,2025-11-29,4412,4534,0.0
101,2025-11-30,4464,4572,0.0
101,2025-12-01,4386,4464,0.0
101,2025-12-02,4667,4706,0.0
101,2025-12-03,4531,4515,0.0
101,2025-12-04,4641,4477,0.0
101,2025-12-05,4623,4633,0.0
101,2025-12-06,4659,4767,0.0
101,2025-12-07,4705,4733,0.0
101,2025-12-08,4653,4581,0.0
101,2025-12-09,4586,4468,0.0
101,2025-12-10,4530,4628,0.0
101,2025-12-11,4478,4399,0.0
101,2025-12-12,4778,4704,0.0
101,2025-12-13,4417,4419,0.0
101,2025-12-14,4735,4737,0.0
101,2025-12-15,4662,4767,0.0
101,2025-12-16,4781,4626,0.0
101,2025-12-17,4839,4723,0.0
101,2025-12-18,4983,4843,0.0
101,2025-12-19,4377,4477,0.0
101,2025-12-20,4743,4745,0.0
101,2025-12-21,4568,4431,0.0
101,2025-12-22,4690,4833,0.0
101,2025-12-23,4601,4513,0.0
101,2025-12-24,4706,4678,0.0
101,2025-12-25,4737,4595,0.0
101,2025-12-26,4423,4412,0.0
101,2025-12-27,4748,4607,0.0
101,2025-12-28,4547,4671,0.0
101,2025-12-29,4571,4591,0.0
101,2025-12-30,4830,4749,0.0
101,2025-12-31,4389,4518,0.0
101,2026-01-01,4543,4587,0.0
101,2026-01-02,4537,4532,0.0
101,2026-01-03,4323,4446,0.0
101,2026-01-04,4738,4640,0.0
101,2026-01-05,4464,4475,0.0
101,2026-01-06,4485,4452,0.0
101,2026-01-07,4530,4622,0.0
101,2026-01-08,4701,4554,0.0
101,2026-01-09,4688,4679,0.0
101,2026-01-10,4977,4812,0.0
101,2026-01-11,4941,4773,0.0
101,2026-01-12,4456,4413,0.0
101,2026-01-13,4380,4412,0.0
101,2026-01-14,4788,4729,0.0
101,2026-01-15,4560,4441,0.0
101,2026-01-16,4756,4729,0.0
101,2026-01-17,4658,4688,0.0
101,2026-01-18,4538,4579,0.0
101,2026-01-19,4657,4739,0.0
101,2026-01-20,4834,4737,0.0
101,2026-01-21,4698,4816,0.0
101,2026-01-22,4939,4761,0.0
101,2026-01-23,4902,4854,0.0
101,2026-01-24,4703,4643,0.0
101,2026-01-25,4835,4715,0.0
101,2026-01-26,4535,4659,0.0
101,2026-01-27,4754,4827,0.0
101,2026-01-28,4662,4713,0.0
101,2026-01-29,4547,4626,0.0
101,2026-01-30,4455,4578,0.0
101,2026-01-31,4447,4526,0.0
101,2026-02-01,4356,4490,0.0
101,2026-02-02,4814,4698,0.0
101,2026-02-03,4558,4608,0.0
101,2026-02-04,4806,4688,0.0
101,2026-02-05,4393,4498,0.0
102,2025-11-14,2878,2823,0.0
102,2025-11-15,3008,2970,0.0
102,2025-11-16,2928,2892,0.0
102,2025-11-17,2929,2931,0.0
102,2025-11-18,2919,2897,0.0
102,2025-11-19,2883,2858,0.0
102,2025-11-20,2974,2997,0.0
102,2025-11-21,2948,3007,0.0
102,2025-11-22,2927,2913,0.0
102,2025-11-23,2820,2872,0.0
102,2025-11-24,2944,2950,0.0
102,2025-11-25,2808,2781,0.0
102,2025-11-26,3057,3045,0.0
102,2025-11-27,2904,2976,0.0
102,2025-11-28,2867,2847,0.0
102,2025-11-29,2955,2890,0.0
102,2025-11-30,2811,2804,0.0
102,2025-12-01,2972,2940,0.0
102,2025-12-02,2906,2879,0.0
102,2025-12-03,3047,2977,0.0
102,2025-12-04,2944,2975,0.0
102,2025-12-05,2980,2868,0.0
102,2025-12-06,2889,2868,0.0
102,2025-12-07,2327,2794,0.0
102,2025-12-08,2201,2820,0.0
102,2025-12-09,2142,2843,0.0
102,2025-12-10,2459,2981,0.0
102,2025-12-11,2545,3043,0.0
102,2025-12-12,2275,2861,0.0
102,2025-12-13,2306,3020,0.0
102,2025-12-14,2294,2982,0.0
102,2025-12-15,2369,2951,0.0
102,2025-12-16,2377,2942,0.0
102,2025-12-17,2333,2904,0.0
102,2025-12-18,2241,2824,0.0
102,2025-12-19,2327,2978,0.0
102,2025-12-20,2331,3027,0.0
102,2025-12-21,2954,3012,0.0
102,2025-12-22,2754,2760,0.0
102,2025-12-23,3063,2980,0.0
102,2025-12-24,3004,2957,0.0
102,2025-12-25,2859,2927,0.0
102,2025-12-26,2877,2880,0.0
102,2025-12-27,2720,2767,0.0
102,2025-12-28,2893,2936,0.0
102,2025-12-29,2796,2782,0.0
102,2025-12-30,2905,2877,0.0
102,2025-12-31,2852,2936,0.0
102,2026-01-01,2886,2940,0.0
102,2026-01-02,3089,3035,0.0
102,2026-01-03,2849,2933,0.0
102,2026-01-04,2944,2872,0.0
102,2026-01-05,2831,2815,0.0
102,2026-01-06,2990,2892,0.0
102,2026-01-07,2886,2828,0.0
102,2026-01-08,2975,2966,0.0
102,2026-01-09,2752,2797,0.0
102,2026-01-10,2697,2768,0.0
102,2026-01-11,2922,2892,0.0
102,2026-01-12,2938,2887,0.0
102,2026-01-13,2773,2810,0.0
102,2026-01-14,2951,2945,0.0
102,2026-01-15,3080,3002,0.0
102,2026-01-16,3116,3023,0.0
102,2026-01-17,2929,2968,0.0
102,2026-01-18,2901,2976,0.0
102,2026-01-19,2928,2877,0.0
102,2026-01-20,2913,2895,0.0
102,2026-01-21,2976,2986,0.0
102,2026-01-22,3126,3015,0.0
102,2026-01-23,2988,2966,0.0
102,2026-01-24,3084,3046,0.0
102,2026-01-25,2943,2886,0.0
102,2026-01-26,2853,2776,0.0
102,2026-01-27,3079,2999,0.0
102,2026-01-28,2827,2770,0.0
102,2026-01-29,3021,3028,0.0
102,2026-01-30,2926,2886,0.0
102,2026-01-31,2859,2789,0.0
102,2026-02-01,3066,2979,0.0
102,2026-02-02,3019,2988,0.0
102,2026-02-03,2923,2865,0.0
102,2026-02-04,2844,2800,0.0
102,2026-02-05,2861,2899,0.0
103,2025-11-14,27175,27364,0.0
103,2025-11-15,28062,27522,0.0
103,2025-11-16,27187,27352,0.0
103,2025-11-17,26233,26194,0.0
103,2025-11-18,25166,25878,0.0
103,2025-11-19,27079,27865,0.0
103,2025-11-20,26850,26325,0.0
103,2025-11-21,26576,26320,0.0
103,2025-11-22,26359,25916,0.0
103,2025-11-23,26562,27132,0.0
103,2025-11-24,25800,26114,0.0
103,2025-11-25,26180,25900,0.0
103,2025-11-26,23444,27838,3.9
103,2025-11-27,28012,27918,0.0
103,2025-11-28,27486,27078,0.0
103,2025-11-29,26691,26516,0.0
103,2025-11-30,28267,27839,0.0
103,2025-12-01,26623,26521,0.0
103,2025-12-02,25440,26105,0.0
103,2025-12-03,26607,27136,0.0
103,2025-12-04,25467,26030,0.0
103,2025-12-05,27484,27216,0.0
103,2025-12-06,20095,27616,7.0
103,2025-12-07,27057,26478,0.0
103,2025-12-08,28445,28057,0.0
103,2025-12-09,27774,28083,0.0
103,2025-12-10,25911,25715,0.0
103,2025-12-11,26940,26906,0.0
103,2025-12-12,26662,25992,0.0
103,2025-12-13,26899,26115,0.0
103,2025-12-14,27636,28131,0.0
103,2025-12-15,27206,27497,0.0
103,2025-12-16,28889,27934,0.0
103,2025-12-17,25829,26059,0.0
103,2025-12-18,27407,26783,0.0
103,2025-12-19,26452,25639,0.0
103,2025-12-20,26119,26786,0.0
103,2025-12-21,25855,25770,0.0
103,2025-12-22,26619,26307,0.0
103,2025-12-23,23152,27435,4.4
103,2025-12-24,27488,27083,0.0
103,2025-12-25,28809,28165,0.0
103,2025-12-26,26189,26229,0.0
103,2025-12-27,26611,26799,0.0
103,2025-12-28,26608,26211,0.0
103,2025-12-29,27153,27321,0.0
103,2025-12-30,26157,25801,0.0
103,2025-12-31,25078,25519,0.0
103,2026-01-01,26985,26833,0.0
103,2026-01-02,27942,27308,0.0
103,2026-01-03,27222,26421,0.0
103,2026-01-04,26738,26021,0.0
103,2026-01-05,25963,26326,0.0
103,2026-01-06,27401,26768,0.0
103,2026-01-07,26976,26066,0.0
103,2026-01-08,25826,26017,0.0
103,2026-01-09,25459,25926,0.0
103,2026-01-10,26694,26888,0.0
103,2026-01-11,26931,26621,0.0
103,2026-01-12,25840,26207,0.0
103,2026-01-13,27249,26497,0.0
103,2026-01-14,28306,27728,0.0
103,2026-01-15,26786,27014,0.0
103,2026-01-16,27195,28025,0.0
103,2026-01-17,27197,27235,0.0
103,2026-01-18,26290,26238,0.0
103,2026-01-19,26846,27279,0.0
103,2026-01-20,26287,25565,0.0
103,2026-01-21,26912,27000,0.0
103,2026-01-22,27861,27160,0.0
103,2026-01-23,25423,25702,0.0
103,2026-01-24,28606,28029,0.0
103,2026-01-25,29070,28043,0.0
103,2026-01-26,28002,28078,0.0
103,2026-01-27,27798,28151,0.0
103,2026-01-28,24988,25652,0.0
103,2026-01-29,26882,26678,0.0
103,2026-01-30,27950,27866,0.0
103,2026-01-31,28522,27468,0.0
103,2026-02-01,27929,27085,0.0
103,2026-02-02,26926,26678,0.0
103,2026-02-03,27500,27275,0.0
103,2026-02-04,28097,27353,0.0
103,2026-02-05,28504,27839,0.0
104,2025-11-14,12619,12385,0.0
104,2025-11-15,12369,11928,0.0
104,2025-11-16,12693,12395,0.0
104,2025-11-17,11701,11879,0.0
104,2025-11-18,11761,11929,0.0
104,2025-11-19,12462,12666,0.0
104,2025-11-20,12075,12221,0.0
104,2025-11-21,12071,11660,0.0
104,2025-11-22,12187,12008,0.0
104,2025-11-23,12785,12456,0.0
104,2025-11-24,11890,11564,0.0
104,2025-11-25,12411,11942,0.0
104,2025-11-26,12816,12695,0.0
104,2025-11-27,13013,12547,0.0
104,2025-11-28,12055,12142,0.0
104,2025-11-29,11772,11894,0.0
104,2025-11-30,11288,11582,0.0
104,2025-12-01,11879,12166,0.0
104,2025-12-02,11423,11682,0.0
104,2025-12-03,12595,12521,0.0
104,2025-12-04,12179,12057,0.0
104,2025-12-05,11903,11722,0.0
104,2025-12-06,12011,12318,0.0
104,2025-12-07,12382,12054,0.0
104,2025-12-08,13102,12693,0.0
104,2025-12-09,11659,11890,0.0
104,2025-12-10,11975,12186,0.0
104,2025-12-11,12458,12436,0.0
104,2025-12-12,12913,12638,0.0
104,2025-12-13,12362,11976,0.0
104,2025-12-14,12129,12245,0.0
104,2025-12-15,11469,11501,0.0
104,2025-12-16,11586,11673,0.0
104,2025-12-17,12562,12198,0.0
104,2025-12-18,12423,12135,0.0
104,2025-12-19,11917,11733,0.0
104,2025-12-20,12956,12610,0.0
104,2025-12-21,12756,12355,0.0
104,2025-12-22,11840,11719,0.0
104,2025-12-23,11631,11864,0.0
104,2025-12-24,11857,12136,0.0
104,2025-12-25,11954,11538,0.0
104,2025-12-26,11660,11912,0.0
104,2025-12-27,12228,12544,0.0
104,2025-12-28,12716,12287,0.0
104,2025-12-29,11502,11688,0.0
104,2025-12-30,12236,11773,0.0
104,2025-12-31,12852,12425,0.0
104,2026-01-01,12199,12552,0.0
104,2026-01-02,12060,11640,0.0
104,2026-01-03,11939,11521,0.0
104,2026-01-04,12908,12524,0.0
104,2026-01-05,11372,11550,0.0
104,2026-01-06,11739,11731,0.0
104,2026-01-07,12497,12205,0.0
104,2026-01-08,12393,12663,0.0
104,2026-01-09,12256,12190,0.0
104,2026-01-10,11759,11688,0.0
104,2026-01-11,12435,12629,0.0
104,2026-01-12,12184,11924,0.0
104,2026-01-13,12468,11993,0.0
104,2026-01-14,11423,11601,0.0
104,2026-01-15,12135,12069,0.0
104,2026-01-16,12704,12634,0.0
104,2026-01-17,11605,11950,0.0
104,2026-01-18,12646,12654,0.0
104,2026-01-19,11652,11927,0.0
104,2026-01-20,11473,11570,0.0
104,2026-01-21,12723,12279,0.0
104,2026-01-22,12166,12339,0.0
104,2026-01-23,12664,12471,0.0
104,2026-01-24,11870,11510,0.0
104,2026-01-25,12836,12373,0.0
104,2026-01-26,11924,11546,0.0
104,2026-01-27,12048,11705,0.0
104,2026-01-28,11762,12118,0.0
104,2026-01-29,11815,12059,0.0
104,2026-01-30,11878,12212,0.0
104,2026-01-31,12196,12386,0.0
104,2026-02-01,12121,12238,0.0
104,2026-02-02,12329,11998,0.0
104,2026-02-03,11902,12118,0.0
104,2026-02-04,12228,12470,0.0
104,2026-02-05,12132,11932,0.0
105,2025-11-14,3555,3436,0.0
105,2025-11-15,3150,3241,0.0
105,2025-11-16,3292,3298,0.0
105,2025-11-17,3478,3381,0.0
105,2025-11-18,3092,3182,0.0
105,2025-11-19,3236,3330,0.0
105,2025-11-20,3291,3222,0.0
105,2025-11-21,3349,3354,0.0
105,2025-11-22,3494,3415,0.0
105,2025-11-23,3148,3207,0.0
105,2025-11-24,3229,3248,0.0
105,2025-11-25,3193,3195,0.0
105,2025-11-26,3453,3328,0.0
105,2025-11-27,3469,3473,0.0
105,2025-11-28,3462,3460,0.0
105,2025-11-29,3258,3174,0.0
105,2025-11-30,3485,3474,0.0
105,2025-12-01,3241,3281,0.0
105,2025-12-02,3520,3493,0.0
105,2025-12-03,3258,3205,0.0
105,2025-12-04,3466,3451,0.0
105,2025-12-05,3247,3215,0.0
105,2025-12-06,3462,3442,0.0
105,2025-12-07,3326,3394,0.0
105,2025-12-08,3488,3413,0.0
105,2025-12-09,3344,3379,0.0
105,2025-12-10,3216,3257,0.0
105,2025-12-11,3343,3274,0.0
105,2025-12-12,3393,3328,0.0
105,2025-12-13,3383,3346,0.0
105,2025-12-14,3389,3262,0.0
105,2025-12-15,3391,3283,0.0
105,2025-12-16,3209,3222,0.0
105,2025-12-17,3532,3458,0.0
105,2025-12-18,3516,3440,0.0
105,2025-12-19,3487,3439,0.0
105,2025-12-20,3300,3178,0.0
105,2025-12-21,3501,3452,0.0
105,2025-12-22,3261,3306,0.0
105,2025-12-23,3236,3334,0.0
105,2025-12-24,3333,3236,0.0
105,2025-12-25,3605,3498,0.0
105,2025-12-26,3499,3505,0.0
105,2025-12-27,3266,3261,0.0
105,2025-12-28,3424,3422,0.0
105,2025-12-29,3398,3345,0.0
105,2025-12-30,3483,3506,0.0
105,2025-12-31,3231,3287,0.0
105,2026-01-01,3537,3431,0.0
105,2026-01-02,3212,3206,0.0
105,2026-01-03,3530,3428,0.0
105,2026-01-04,3395,3435,0.0
105,2026-01-05,3181,3182,0.0
105,2026-01-06,3230,3205,0.0
105,2026-01-07,3583,3451,0.0
105,2026-01-08,3337,3411,0.0
105,2026-01-09,3219,3289,0.0
105,2026-01-10,3363,3358,0.0
105,2026-01-11,3621,3496,0.0
105,2026-01-12,3356,3234,0.0
105,2026-01-13,3564,3469,0.0
105,2026-01-14,3239,3221,0.0
105,2026-01-15,3493,3433,0.0
105,2026-01-16,3366,3422,0.0
105,2026-01-17,3457,3434,0.0
105,2026-01-18,3382,3351,0.0
105,2026-01-19,3261,3351,0.0
105,2026-01-20,3431,3405,0.0
105,2026-01-21,3357,3229,0.0
105,2026-01-22,3336,3401,0.0
105,2026-01-23,3509,3460,0.0
105,2026-01-24,3434,3484,0.0
105,2026-01-25,3421,3354,0.0
105,2026-01-26,3437,3315,0.0
105,2026-01-27,3139,3190,0.0
105,2026-01-28,3432,3307,0.0
105,2026-01-29,3338,3348,0.0
105,2026-01-30,3330,3332,0.0
105,2026-01-31,3388,3414,0.0
105,2026-02-01,3169,3198,0.0
105,2026-02-02,3462,3396,0.0
105,2026-02-03,3365,3418,0.0
105,2026-02-04,3233,3196,0.0
105,2026-02-05,3293,3220,0.0
106,2025-11-14,13220,13172,0.0
106,2025-11-15,14827,14284,0.0
106,2025-11-16,14004,13486,0.0
106,2025-11-17,13269,13524,0.0
106,2025-11-18,13443,13292,0.0
106,2025-11-19,13189,13262,0.0
106,2025-11-20,13623,13145,0.0
106,2025-11-21,13916,13943,0.0
106,2025-11-22,14022,13870,0.0
106,2025-11-23,12942,13147,0.0
106,2025-11-24,13256,13400,0.0
106,2025-11-25,13862,13663,0.0
106,2025-11-26,14098,14005,0.0
106,2025-11-27,13427,13270,0.0
106,2025-11-28,14083,14074,0.0
106,2025-11-29,13893,13785,0.0
106,2025-11-30,13880,14153,0.0
106,2025-12-01,14252,13935,0.0
106,2025-12-02,14693,14248,0.0
106,2025-12-03,13713,14096,0.0
106,2025-12-04,13640,13808,0.0
106,2025-12-05,13180,13183,0.0
106,2025-12-06,14411,14133,0.0
106,2025-12-07,13404,13350,0.0
106,2025-12-08,13160,13074,0.0
106,2025-12-09,14564,14262,0.0
106,2025-12-10,13687,13282,0.0
106,2025-12-11,14028,13627,0.0
106,2025-12-12,13801,13543,0.0
106,2025-12-13,12755,13096,0.0
106,2025-12-14,14438,14102,0.0
106,2025-12-15,14488,14187,0.0
106,2025-12-16,13599,13401,0.0
106,2025-12-17,13517,13296,0.0
106,2025-12-18,12905,12971,0.0
106,2025-12-19,13886,13615,0.0
106,2025-12-20,13400,13255,0.0
106,2025-12-21,13319,13315,0.0
106,2025-12-22,14640,14080,0.0
106,2025-12-23,13837,13780,0.0
106,2025-12-24,13912,13780,0.0
106,2025-12-25,14291,13863,0.0
106,2025-12-26,12745,13100,0.0
106,2025-12-27,14225,13829,0.0
106,2025-12-28,12779,13082,0.0
106,2025-12-29,13778,13278,0.0
106,2025-12-30,14067,13920,0.0
106,2025-12-31,14237,14065,0.0
106,2026-01-01,13270,13007,0.0
106,2026-01-02,13760,13553,0.0
106,2026-01-03,14161,14130,0.0
106,2026-01-04,13127,13497,0.0
106,2026-01-05,14336,13968,0.0
106,2026-01-06,14194,14191,0.0
106,2026-01-07,13002,13199,0.0
106,2026-01-08,13591,13402,0.0
106,2026-01-09,13386,13515,0.0
106,2026-01-10,13195,13576,0.0
106,2026-01-11,13877,13442,0.0
106,2026-01-12,13673,13434,0.0
106,2026-01-13,13831,13330,0.0
106,2026-01-14,13729,13396,0.0
106,2026-01-15,14080,13819,0.0
106,2026-01-16,13485,13172,0.0
106,2026-01-17,14258,14130,0.0
106,2026-01-18,14177,13963,0.0
106,2026-01-19,14336,14018,0.0
106,2026-01-20,13390,13635,0.0
106,2026-01-21,13113,13433,0.0
106,2026-01-22,14158,14051,0.0
106,2026-01-23,13888,13385,0.0
106,2026-01-24,14078,14200,0.0
106,2026-01-25,13187,13507,0.0
106,2026-01-26,14011,13825,0.0
106,2026-01-27,13532,13229,0.0
106,2026-01-28,14022,13615,0.0
106,2026-01-29,13463,13550,0.0
106,2026-01-30,13108,13170,0.0
106,2026-01-31,12738,12975,0.0
106,2026-02-01,13152,13376,0.0
106,2026-02-02,13904,13829,0.0
106,2026-02-03,13589,13717,0.0
106,2026-02-04,13553,13796,0.0
106,2026-02-05,12757,13080,0.0
107,2025-11-14,51875,50168,0.0
107,2025-11-15,47611,48573,0.0
107,2025-11-16,47786,48796,0.0
107,2025-11-17,52324,51221,0.0
107,2025-11-18,52354,51686,0.0
107,2025-11-19,50245,50972,0.0
107,2025-11-20,50802,51794,0.0
107,2025-11-21,43168,47975,2.8
107,2025-11-22,50941,50900,0.0
107,2025-11-23,51179,51656,0.0
107,2025-11-24,49248,49061,0.0
107,2025-11-25,49751,47843,0.0
107,2025-11-26,49174,48867,0.0
107,2025-11-27,50423,48805,0.0
107,2025-11-28,49946,48691,0.0
107,2025-11-29,48702,48693,0.0
107,2025-11-30,48888,49561,0.0
107,2025-12-01,49380,48482,0.0
107,2025-12-02,51795,50821,0.0
107,2025-12-03,50228,51423,0.0
107,2025-12-04,50507,49537,0.0
107,2025-12-05,49355,48019,0.0
107,2025-12-06,52704,51714,0.0
107,2025-12-07,47532,48223,0.0
107,2025-12-08,49164,49056,0.0
107,2025-12-09,50490,51810,0.0
107,2025-12-10,42124,51316,4.6
107,2025-12-11,48126,47209,0.0
107,2025-12-12,50034,48257,0.0
107,2025-12-13,48570,47030,0.0
107,2025-12-14,50675,50667,0.0
107,2025-12-15,50047,50161,0.0
107,2025-12-16,49308,48398,0.0
107,2025-12-17,50679,49401,0.0
107,2025-12-18,52956,51733,0.0
107,2025-12-19,53257,51687,0.0
107,2025-12-20,50929,49794,0.0
107,2025-12-21,46026,47208,0.0
107,2025-12-22,46959,47855,0.0
107,2025-12-23,53030,51779,0.0
107,2025-12-24,50040,51479,0.0
107,2025-12-25,47038,47359,0.0
107,2025-12-26,51235,50277,0.0
107,2025-12-27,49073,49236,0.0
107,2025-12-28,47597,48430,0.0
107,2025-12-29,48144,48138,0.0
107,2025-12-30,47320,47884,0.0
107,2025-12-31,48020,47297,0.0
107,2026-01-01,47038,48166,0.0
107,2026-01-02,48366,49644,0.0
107,2026-01-03,45809,46903,0.0
107,2026-01-04,47095,48508,0.0
107,2026-01-05,50990,49698,0.0
107,2026-01-06,46544,47745,0.0
107,2026-01-07,49777,49536,0.0
107,2026-01-08,49099,50266,0.0
107,2026-01-09,47585,47767,0.0
107,2026-01-10,52186,50705,0.0
107,2026-01-11,50416,49091,0.0
107,2026-01-12,53097,51279,0.0
107,2026-01-13,50394,51506,0.0
107,2026-01-14,49137,50266,0.0
107,2026-01-15,46519,47386,0.0
107,2026-01-16,48965,49921,0.0
107,2026-01-17,50236,50145,0.0
107,2026-01-18,52836,51554,0.0
107,2026-01-19,46886,48109,0.0
107,2026-01-20,51152,49317,0.0
107,2026-01-21,45904,47183,0.0
107,2026-01-22,51243,51058,0.0
107,2026-01-23,50948,49812,0.0
107,2026-01-24,48941,50126,0.0
107,2026-01-25,50833,50360,0.0
107,2026-01-26,51219,50069,0.0
107,2026-01-27,49623,50663,0.0
107,2026-01-28,49566,48890,0.0
107,2026-01-29,49532,49319,0.0
107,2026-01-30,49002,48813,0.0
107,2026-01-31,49521,48312,0.0
107,2026-02-01,49663,50997,0.0
107,2026-02-02,50079,51298,0.0
107,2026-02-03,48226,47750,0.0
107,2026-02-04,45778,47032,0.0
107,2026-02-05,48481,48630,0.0
108,2025-11-14,9339,9269,0.0
108,2025-11-15,9078,8919,0.0
108,2025-11-16,9343,9292,0.0
108,2025-11-17,9192,9141,0.0
108,2025-11-18,8487,8722,0.0
108,2025-11-19,8713,8696,0.0
108,2025-11-20,8689,8817,0.0
108,2025-11-21,9153,8974,0.0
108,2025-11-22,9170,9080,0.0
108,2025-11-23,8633,8872,0.0
108,2025-11-24,8919,8634,0.0
108,2025-11-25,9251,9342,0.0
108,2025-11-26,9503,9352,0.0
108,2025-11-27,8629,8689,0.0
108,2025-11-28,8711,8735,0.0
108,2025-11-29,9195,8891,0.0
108,2025-11-30,8893,9067,0.0
108,2025-12-01,8880,8762,0.0
108,2025-12-02,9456,9141,0.0
108,2025-12-03,9524,9340,0.0
108,2025-12-04,9296,9374,0.0
108,2025-12-05,9497,9350,0.0
108,2025-12-06,8527,8539,0.0
108,2025-12-07,9113,8868,0.0
108,2025-12-08,8952,8700,0.0
108,2025-12-09,8971,8757,0.0
108,2025-12-10,8884,9152,0.0
108,2025-12-11,8969,9219,0.0
108,2025-12-12,8957,9149,0.0
108,2025-12-13,8415,8632,0.0
108,2025-12-14,9065,9240,0.0
108,2025-12-15,8783,9012,0.0
108,2025-12-16,9025,9194,0.0
108,2025-12-17,9510,9172,0.0
108,2025-12-18,8948,8785,0.0
108,2025-12-19,9205,9298,0.0
108,2025-12-20,9105,9213,0.0
108,2025-12-21,9303,9325,0.0
108,2025-12-22,8470,8607,0.0
108,2025-12-23,8964,8710,0.0
108,2025-12-24,8615,8562,0.0
108,2025-12-25,8660,8630,0.0
108,2025-12-26,8635,8878,0.0
108,2025-12-27,8931,9153,0.0
108,2025-12-28,8695,8921,0.0
108,2025-12-29,9155,9193,0.0
108,2025-12-30,9228,9220,0.0
108,2025-12-31,9129,8982,0.0
108,2026-01-01,9572,9220,0.0
108,2026-01-02,8746,8569,0.0
108,2026-01-03,8415,8667,0.0
108,2026-01-04,9019,8755,0.0
108,2026-01-05,8786,8945,0.0
108,2026-01-06,8864,8580,0.0
108,2026-01-07,9348,9380,0.0
108,2026-01-08,8779,8732,0.0
108,2026-01-09,8953,8831,0.0
108,2026-01-10,8727,8552,0.0
108,2026-01-11,9294,9287,0.0
108,2026-01-12,8894,8788,0.0
108,2026-01-13,8852,9021,0.0
108,2026-01-14,8562,8630,0.0
108,2026-01-15,8766,8995,0.0
108,2026-01-16,8912,9177,0.0
108,2026-01-17,9001,8819,0.0
108,2026-01-18,9083,9339,0.0
108,2026-01-19,8687,8535,0.0
108,2026-01-20,8326,8582,0.0
108,2026-01-21,9013,9039,0.0
108,2026-01-22,9490,9214,0.0
108,2026-01-23,8771,9020,0.0
108,2026-01-24,9004,9270,0.0
108,2026-01-25,9073,9043,0.0
108,2026-01-26,9117,9145,0.0
108,2026-01-27,9319,9347,0.0
108,2026-01-28,8850,8970,0.0
108,2026-01-29,9292,9410,0.0
108,2026-01-30,9090,8960,0.0
108,2026-01-31,9232,8938,0.0
108,2026-02-01,9006,8731,0.0
108,2026-02-02,9094,9186,0.0
108,2026-02-03,9211,8879,0.0
108,2026-02-04,8569,8674,0.0
108,2026-02-05,9111,8917,0.0
109,2025-11-14,4930,4975,0.0
109,2025-11-15,5405,5412,0.0
109,2025-11-16,5629,5468,0.0
109,2025-11-17,5167,5280,0.0
109,2025-11-18,5085,5165,0.0
109,2025-11-19,5358,5193,0.0
109,2025-11-20,5459,5450,0.0
109,2025-11-21,5141,5129,0.0
109,2025-11-22,5105,5022,0.0
109,2025-11-23,5117,5081,0.0
109,2025-11-24,5353,5249,0.0
109,2025-11-25,5526,5333,0.0
109,2025-11-26,5271,5143,0.0
109,2025-11-27,5416,5403,0.0
109,2025-11-28,5278,5148,0.0
109,2025-11-29,5114,5158,0.0
109,2025-11-30,5251,5236,0.0
109,2025-12-01,5434,5425,0.0
109,2025-12-02,5606,5407,0.0
109,2025-12-03,5051,5057,0.0
109,2025-12-04,5382,5417,0.0
109,2025-12-05,5530,5442,0.0
109,2025-12-06,5446,5445,0.0
109,2025-12-07,4917,5061,0.0
109,2025-12-08,5092,5043,0.0
109,2025-12-09,5514,5308,0.0
109,2025-12-10,5413,5287,0.0
109,2025-12-11,5426,5371,0.0
109,2025-12-12,5018,5118,0.0
109,2025-12-13,5269,5338,0.0
109,2025-12-14,5328,5207,0.0
109,2025-12-15,5419,5351,0.0
109,2025-12-16,5318,5281,0.0
109,2025-12-17,4866,5004,0.0
109,2025-12-18,4837,4964,0.0
109,2025-12-19,5592,5406,0.0
109,2025-12-20,4966,5000,0.0
109,2025-12-21,5319,5139,0.0
109,2025-12-22,5573,5453,0.0
109,2025-12-23,4944,4987,0.0
109,2025-12-24,5187,5118,0.0
109,2025-12-25,5358,5186,0.0
109,2025-12-26,5012,5044,0.0
109,2025-12-27,5323,5371,0.0
109,2025-12-28,5310,5412,0.0
109,2025-12-29,4921,5015,0.0
109,2025-12-30,5341,5167,0.0
109,2025-12-31,5330,5281,0.0
109,2026-01-01,5196,5100,0.0
109,2026-01-02,5232,5083,0.0
109,2026-01-03,5325,5446,0.0
109,2026-01-04,5172,5004,0.0
109,2026-01-05,5264,5412,0.0
109,2026-01-06,5218,5202,0.0
109,2026-01-07,5383,5259,0.0
109,2026-01-08,3764,5142,0.0
109,2026-01-09,3605,5251,0.0
109,2026-01-10,3410,4963,0.0
109,2026-01-11,3663,5303,0.0
109,2026-01-12,3481,5130,0.0
109,2026-01-13,3381,5146,0.0
109,2026-01-14,3508,5278,0.0
109,2026-01-15,3835,5431,0.0
109,2026-01-16,3587,5441,0.0
109,2026-01-17,3689,5056,0.0
109,2026-01-18,3587,5105,0.0
109,2026-01-19,3839,5363,0.0
109,2026-01-20,3714,5466,0.0
109,2026-01-21,3647,5277,0.0
109,2026-01-22,3823,5470,0.0
109,2026-01-23,3459,5085,0.0
109,2026-01-24,3785,5465,0.0
109,2026-01-25,3600,4965,0.0
109,2026-01-26,3409,5040,0.0
109,2026-01-27,3743,5318,0.0
109,2026-01-28,5408,5472,0.0
109,2026-01-29,5062,5095,0.0
109,2026-01-30,5504,5295,0.0
109,2026-01-31,5209,5127,0.0
109,2026-02-01,5257,5408,0.0
109,2026-02-02,5131,4959,0.0
109,2026-02-03,5162,5111,0.0
109,2026-02-04,5114,5198,0.0
109,2026-02-05,5301,5316,0.0
110,2025-11-14,17268,17462,0.0
110,2025-11-15,17628,17705,0.0
110,2025-11-16,18244,17550,0.0
110,2025-11-17,17365,17033,0.0
110,2025-11-18,17162,17262,0.0
110,2025-11-19,17011,17297,0.0
110,2025-11-20,17169,17595,0.0
110,2025-11-21,18533,18223,0.0
110,2025-11-22,18943,18322,0.0
110,2025-11-23,17390,16840,0.0
110,2025-11-24,17765,18147,0.0
110,2025-11-25,16889,17112,0.0
110,2025-11-26,17356,17810,0.0
110,2025-11-27,16726,16954,0.0
110,2025-11-28,17631,18078,0.0
110,2025-11-29,17777,17402,0.0
110,2025-11-30,17492,16923,0.0
110,2025-12-01,18706,18507,0.0
110,2025-12-02,18592,17915,0.0
110,2025-12-03,17852,17975,0.0
110,2025-12-04,17115,16898,0.0
110,2025-12-05,18048,18422,0.0
110,2025-12-06,17724,17127,0.0
110,2025-12-07,17304,16961,0.0
110,2025-12-08,18016,18011,0.0
110,2025-12-09,17790,18067,0.0
110,2025-12-10,17852,17905,0.0
110,2025-12-11,17943,18245,0.0
110,2025-12-12,18021,17675,0.0
110,2025-12-13,17971,17629,0.0
110,2025-12-14,18224,17846,0.0
110,2025-12-15,18114,17582,0.0
110,2025-12-16,17033,16940,0.0
110,2025-12-17,17924,17265,0.0
110,2025-12-18,18377,17817,0.0
110,2025-12-19,16733,17018,0.0
110,2025-12-20,17531,17132,0.0
110,2025-12-21,18669,18136,0.0
110,2025-12-22,17250,17497,0.0
110,2025-12-23,17818,17324,0.0
110,2025-12-24,17911,17932,0.0
110,2025-12-25,16989,17243,0.0
110,2025-12-26,17123,17225,0.0
110,2025-12-27,17831,18374,0.0
110,2025-12-28,17605,17297,0.0
110,2025-12-29,16591,16908,0.0
110,2025-12-30,18479,18395,0.0
110,2025-12-31,17667,18135,0.0
110,2026-01-01,17992,17991,0.0
110,2026-01-02,18166,17588,0.0
110,2026-01-03,18682,17992,0.0
110,2026-01-04,18022,18163,0.0
110,2026-01-05,18646,18033,0.0
110,2026-01-06,18724,18495,0.0
110,2026-01-07,18263,18085,0.0
110,2026-01-08,17298,17432,0.0
110,2026-01-09,17921,17454,0.0
110,2026-01-10,17505,17664,0.0
110,2026-01-11,18264,18116,0.0
110,2026-01-12,16861,17101,0.0
110,2026-01-13,17845,17524,0.0
110,2026-01-14,17921,17373,0.0
110,2026-01-15,18945,18470,0.0
110,2026-01-16,18302,18335,0.0
110,2026-01-17,17111,17069,0.0
110,2026-01-18,17859,17481,0.0
110,2026-01-19,19012,18343,0.0
110,2026-01-20,17913,17474,0.0
110,2026-01-21,17590,17063,0.0
110,2026-01-22,17489,17567,0.0
110,2026-01-23,18900,18400,0.0
110,2026-01-24,18113,18472,0.0
110,2026-01-25,16578,16828,0.0
110,2026-01-26,17330,17278,0.0
110,2026-01-27,17392,17678,0.0
110,2026-01-28,17920,18266,0.0
110,2026-01-29,17804,17290,0.0
110,2026-01-30,17573,17872,0.0
110,2026-01-31,17654,17568,0.0
110,2026-02-01,18183,17661,0.0
110,2026-02-02,17713,17424,0.0
110,2026-02-03,18066,18484,0.0
110,2026-02-04,18221,17874,0.0
110,2026-02-05,17359,17716,0.0
111,2025-11-14,3044,3031,0.0
111,2025-11-15,3276,3262,0.0
111,2025-11-16,3112,3069,0.0
111,2025-11-17,3129,3156,0.0
111,2025-11-18,3190,3150,0.0
111,2025-11-19,3091,3070,0.0
111,2025-11-20,3165,3178,0.0
111,2025-11-21,3073,3140,0.0
111,2025-11-22,2978,2969,0.0
111,2025-11-23,3027,3040,0.0
111,2025-11-24,3292,3178,0.0
111,2025-11-25,3354,3245,0.0
111,2025-11-26,3291,3245,0.0
111,2025-11-27,3061,3051,0.0
111,2025-11-28,3191,3211,0.0
111,2025-11-29,3306,3245,0.0
111,2025-11-30,3327,3207,0.0
111,2025-12-01,3280,3248,0.0
111,2025-12-02,3214,3153,0.0
111,2025-12-03,3122,3041,0.0
111,2025-12-04,3271,3241,0.0
111,2025-12-05,3211,3238,0.0
111,2025-12-06,3000,3010,0.0
111,2025-12-07,3104,3128,0.0
111,2025-12-08,3251,3244,0.0
111,2025-12-09,3305,3190,0.0
111,2025-12-10,3006,3085,0.0
111,2025-12-11,3151,3204,0.0
111,2025-12-12,3138,3077,0.0
111,2025-12-13,3187,3111,0.0
111,2025-12-14,2921,2964,0.0
111,2025-12-15,2410,3157,0.0
111,2025-12-16,2510,3208,0.0
111,2025-12-17,2552,3115,0.0
111,2025-12-18,2459,3239,0.0
111,2025-12-19,2408,3216,0.0
111,2025-12-20,2431,3252,0.0
111,2025-12-21,2403,3056,0.0
111,2025-12-22,2383,3239,0.0
111,2025-12-23,2431,3121,0.0
111,2025-12-24,2320,3081,0.0
111,2025-12-25,2568,3229,0.0
111,2025-12-26,2294,3027,0.0
111,2025-12-27,2252,2972,0.0
111,2025-12-28,2445,3095,0.0
111,2025-12-29,2450,3205,0.0
111,2025-12-30,2552,3103,0.0
111,2025-12-31,2306,3012,0.0
111,2026-01-01,2361,3061,0.0
111,2026-01-02,2539,3106,0.0
111,2026-01-03,2360,3153,0.0
111,2026-01-04,2380,3146,0.0
111,2026-01-05,2257,2969,0.0
111,2026-01-06,2253,3065,0.0
111,2026-01-07,2330,3008,0.0
111,2026-01-08,2487,3080,0.0
111,2026-01-09,2270,3099,0.0
111,2026-01-10,2295,3019,0.0
111,2026-01-11,2520,3201,0.0
111,2026-01-12,2421,3064,0.0
111,2026-01-13,2382,2976,0.0
111,2026-01-14,2480,3189,0.0
111,2026-01-15,2484,3118,0.0
111,2026-01-16,2455,3007,0.0
111,2026-01-17,2229,3014,0.0
111,2026-01-18,2383,2992,0.0
111,2026-01-19,2348,3075,0.0
111,2026-01-20,2265,3071,0.0
111,2026-01-21,2274,3088,0.0
111,2026-01-22,2276,3093,0.0
111,2026-01-23,2556,3180,0.0
111,2026-01-24,2336,2991,0.0
111,2026-01-25,2258,3013,0.0
111,2026-01-26,2591,3234,0.0
111,2026-01-27,2239,2981,0.0
111,2026-01-28,2358,2971,0.0
111,2026-01-29,2513,3181,0.0
111,2026-01-30,2305,2976,0.0
111,2026-01-31,2610,3260,0.0
111,2026-02-01,2462,3006,0.0
111,2026-02-02,2343,3084,0.0
111,2026-02-03,2436,3087,0.0
111,2026-02-04,2375,3054,0.0
111,2026-02-05,2333,3186,0.0
112,2025-11-14,4390,4395,0.0
112,2025-11-15,4310,4381,0.0
112,2025-11-16,4526,4590,0.0
112,2025-11-17,4376,4401,0.0
112,2025-11-18,4743,4598,0.0
112,2025-11-19,4673,4546,0.0
112,2025-11-20,4282,4367,0.0
112,2025-11-21,4714,4650,0.0
112,2025-11-22,4484,4536,0.0
112,2025-11-23,4734,4748,0.0
112,2025-11-24,4584,4482,0.0
112,2025-11-25,4699,4777,0.0
112,2025-11-26,4651,4663,0.0
112,2025-11-27,4576,4569,0.0
112,2025-11-28,4849,4673,0.0
112,2025-11-29,4564,4458,0.0
112,2025-11-30,4441,4542,0.0
112,2025-12-01,4685,4793,0.0
112,2025-12-02,4639,4713,0.0
112,2025-12-03,4597,4501,0.0
112,2025-12-04,4543,4462,0.0
112,2025-12-05,4554,4503,0.0
112,2025-12-06,4673,4662,0.0
112,2025-12-07,4706,4773,0.0
112,2025-12-08,4593,4464,0.0
112,2025-12-09,4246,4370,0.0
112,2025-12-10,4892,4759,0.0
112,2025-12-11,4724,4799,0.0
112,2025-12-12,4501,4514,0.0
112,2025-12-13,4820,4640,0.0
112,2025-12-14,4505,4590,0.0
112,2025-12-15,4536,4495,0.0
112,2025-12-16,4943,4758,0.0
112,2025-12-17,4588,4647,0.0
112,2025-12-18,4907,4756,0.0
112,2025-12-19,4821,4758,0.0
112,2025-12-20,4964,4791,0.0
112,2025-12-21,4499,4539,0.0
112,2025-12-22,4480,4437,0.0
112,2025-12-23,4345,4463,0.0
112,2025-12-24,4482,4558,0.0
112,2025-12-25,4536,4399,0.0
112,2025-12-26,4370,4374,0.0
112,2025-12-27,4891,4777,0.0
112,2025-12-28,4445,4485,0.0
112,2025-12-29,4939,4772,0.0
112,2025-12-30,4574,4458,0.0
112,2025-12-31,4867,4706,0.0
112,2026-01-01,4455,4378,0.0
112,2026-01-02,4744,4583,0.0
112,2026-01-03,4276,4404,0.0
112,2026-01-04,4699,4764,0.0
112,2026-01-05,4668,4620,0.0
112,2026-01-06,4634,4687,0.0
112,2026-01-07,4716,4700,0.0
112,2026-01-08,4309,4394,0.0
112,2026-01-09,4454,4378,0.0
112,2026-01-10,4768,4746,0.0
112,2026-01-11,4805,4811,0.0
112,2026-01-12,4429,4384,0.0
112,2026-01-13,4597,4718,0.0
112,2026-01-14,4446,4493,0.0
112,2026-01-15,4748,4732,0.0
112,2026-01-16,4362,4489,0.0
112,2026-01-17,4610,4472,0.0
112,2026-01-18,4370,4365,0.0
112,2026-01-19,4838,4765,0.0
112,2026-01-20,4693,4564,0.0
112,2026-01-21,4756,4588,0.0
112,2026-01-22,4688,4754,0.0
112,2026-01-23,4410,4531,0.0
112,2026-01-24,4628,4574,0.0
112,2026-01-25,4452,4439,0.0
112,2026-01-26,4608,4535,0.0
112,2026-01-27,4468,4431,0.0
112,2026-01-28,4620,4523,0.0
112,2026-01-29,4467,4549,0.0
112,2026-01-30,4536,4524,0.0
112,2026-01-31,4692,4738,0.0
112,2026-02-01,4694,4591,0.0
112,2026-02-02,4566,4530,0.0
112,2026-02-03,4642,4641,0.0
112,2026-02-04,4661,4517,0.0
112,2026-02-05,4555,4578,0.0
113,2025-11-14,25785,25027,0.0
113,2025-11-15,26974,26828,0.0
113,2025-11-16,26310,26001,0.0
113,2025-11-17,26167,26670,0.0
113,2025-11-18,25817,25135,0.0
113,2025-11-19,25063,25687,0.0
113,2025-11-20,24835,24710,0.0
113,2025-11-21,26218,27022,0.0
113,2025-11-22,24723,25189,0.0
113,2025-11-23,24740,24904,0.0
113,2025-11-24,26692,26022,0.0
113,2025-11-25,26028,25619,0.0
113,2025-11-26,26976,26383,0.0
113,2025-11-27,25896,26269,0.0
113,2025-11-28,27045,26552,0.0
113,2025-11-29,27993,27112,0.0
113,2025-11-30,27098,26973,0.0
113,2025-12-01,26332,26559,0.0
113,2025-12-02,25850,26254,0.0
113,2025-12-03,24234,24644,0.0
113,2025-12-04,26330,26745,0.0
113,2025-12-05,25121,25774,0.0
113,2025-12-06,27266,26315,0.0
113,2025-12-07,19276,25573,5.8
113,2025-12-08,27343,26983,0.0
113,2025-12-09,26664,26360,0.0
113,2025-12-10,25639,25512,0.0
113,2025-12-11,26752,26668,0.0
113,2025-12-12,26309,25696,0.0
113,2025-12-13,27916,27060,0.0
113,2025-12-14,26599,25586,0.0
113,2025-12-15,25400,24826,0.0
113,2025-12-16,24642,25237,0.0
113,2025-12-17,25197,24845,0.0
113,2025-12-18,25997,26165,0.0
113,2025-12-19,25840,26033,0.0
113,2025-12-20,26232,26191,0.0
113,2025-12-21,26605,26138,0.0
113,2025-12-22,25186,25913,0.0
113,2025-12-23,24874,25313,0.0
113,2025-12-24,26667,25989,0.0
113,2025-12-25,24600,24906,0.0
113,2025-12-26,25311,25771,0.0
113,2025-12-27,25446,26158,0.0
113,2025-12-28,27600,27110,0.0
113,2025-12-29,25341,25247,0.0
113,2025-12-30,26876,26295,0.0
113,2025-12-31,25291,25384,0.0
113,2026-01-01,26911,26113,0.0
113,2026-01-02,27228,26695,0.0
113,2026-01-03,24479,25027,0.0
113,2026-01-04,27176,26169,0.0
113,2026-01-05,20878,25715,5.0
113,2026-01-06,26394,25555,0.0
113,2026-01-07,24670,24688,0.0
113,2026-01-08,25249,24775,0.0
113,2026-01-09,27150,26323,0.0
113,2026-01-10,25370,25232,0.0
113,2026-01-11,24161,24664,0.0
113,2026-01-12,24686,25111,0.0
113,2026-01-13,26258,26045,0.0
113,2026-01-14,27299,26301,0.0
113,2026-01-15,24164,24705,0.0
113,2026-01-16,26296,26535,0.0
113,2026-01-17,25820,25923,0.0
113,2026-01-18,20115,25975,5.2
113,2026-01-19,26110,25429,0.0
113,2026-01-20,25246,25155,0.0
113,2026-01-21,25243,25156,0.0
113,2026-01-22,26453,26225,0.0
113,2026-01-23,25669,26329,0.0
113,2026-01-24,26044,26571,0.0
113,2026-01-25,25764,24790,0.0
113,2026-01-26,26028,25672,0.0
113,2026-01-27,27699,26746,0.0
113,2026-01-28,25273,24713,0.0
113,2026-01-29,25040,25100,0.0
113,2026-01-30,25667,25767,0.0
113,2026-01-31,26567,26952,0.0
113,2026-02-01,26866,25921,0.0
113,2026-02-02,27061,26247,0.0
113,2026-02-03,26056,25889,0.0
113,2026-02-04,25989,25682,0.0
113,2026-02-05,27128,26614,0.0
114,2025-11-14,40616,41752,0.0
114,2025-11-15,45474,44780,0.0
114,2025-11-16,44383,43152,0.0
114,2025-11-17,43845,42574,0.0
114,2025-11-18,45168,44152,0.0
114,2025-11-19,43880,43480,0.0
114,2025-11-20,42182,41153,0.0
114,2025-11-21,45555,44732,0.0
114,2025-11-22,41372,40836,0.0
114,2025-11-23,45870,44303,0.0
114,2025-11-24,43899,44525,0.0
114,2025-11-25,40836,41384,0.0
114,2025-11-26,41302,41998,0.0
114,2025-11-27,42667,43120,0.0
114,2025-11-28,42458,43185,0.0
114,2025-11-29,44643,43506,0.0
114,2025-11-30,44395,43610,0.0
114,2025-12-01,41875,42543,0.0
114,2025-12-02,42701,43653,0.0
114,2025-12-03,42573,43121,0.0
114,2025-12-04,44072,44356,0.0
114,2025-12-05,42080,42239,0.0
114,2025-12-06,44027,42527,0.0
114,2025-12-07,40377,40875,0.0
114,2025-12-08,42762,42919,0.0
114,2025-12-09,42919,44035,0.0
114,2025-12-10,44766,44559,0.0
114,2025-12-11,43924,42750,0.0
114,2025-12-12,44248,44759,0.0
114,2025-12-13,41204,41029,0.0
114,2025-12-14,40831,41164,0.0
114,2025-12-15,45853,44813,0.0
114,2025-12-16,39997,41026,0.0
114,2025-12-17,40113,40977,0.0
114,2025-12-18,40722,40738,0.0
114,2025-12-19,39983,41043,0.0
114,2025-12-20,42632,41781,0.0
114,2025-12-21,42516,43145,0.0
114,2025-12-22,43547,42077,0.0
114,2025-12-23,41838,43061,0.0
114,2025-12-24,43890,44694,0.0
114,2025-12-25,40963,40642,0.0
114,2025-12-26,43621,43190,0.0
114,2025-12-27,42195,41099,0.0
114,2025-12-28,41536,41601,0.0
114,2025-12-29,45928,44486,0.0
114,2025-12-30,42139,43433,0.0
114,2025-12-31,45532,44195,0.0
114,2026-01-01,43577,44185,0.0
114,2026-01-02,41253,41209,0.0
114,2026-01-03,45066,43773,0.0
114,2026-01-04,30111,43442,7.1
114,2026-01-05,43342,42029,0.0
114,2026-01-06,33338,42455,5.1
114,2026-01-07,40083,40897,0.0
114,2026-01-08,42022,41286,0.0
114,2026-01-09,41455,42076,0.0
114,2026-01-10,45294,44404,0.0
114,2026-01-11,46073,44669,0.0
114,2026-01-12,43731,43323,0.0
114,2026-01-13,41470,40661,0.0
114,2026-01-14,40458,40655,0.0
114,2026-01-15,42427,42378,0.0
114,2026-01-16,41481,41716,0.0
114,2026-01-17,40754,41242,0.0
114,2026-01-18,43245,42776,0.0
114,2026-01-19,40058,40722,0.0
114,2026-01-20,40436,41543,0.0
114,2026-01-21,42379,43195,0.0
114,2026-01-22,42276,42810,0.0
114,2026-01-23,40366,41172,0.0
114,2026-01-24,42641,41361,0.0
114,2026-01-25,40102,40852,0.0
114,2026-01-26,43591,43012,0.0
114,2026-01-27,45642,44269,0.0
114,2026-01-28,42156,42575,0.0
114,2026-01-29,39898,40640,0.0
114,2026-01-30,41394,40896,0.0
114,2026-01-31,43420,43911,0.0
114,2026-02-01,43983,42930,0.0
114,2026-02-02,42097,42846,0.0
114,2026-02-03,43009,41957,0.0
114,2026-02-04,43558,44040,0.0
114,2026-02-05,43627,42249,0.0
115,2025-11-14,15555,15846,0.0
115,2025-11-15,15938,15485,0.0
115,2025-11-16,15883,15685,0.0
115,2025-11-17,16229,15836,0.0
115,2025-11-18,16259,16230,0.0
115,2025-11-19,15665,15359,0.0
115,2025-11-20,15356,15168,0.0
115,2025-11-21,15911,15317,0.0
115,2025-11-22,15784,15942,0.0
115,2025-11-23,16370,16300,0.0
115,2025-11-24,16393,16255,0.0
115,2025-11-25,16353,15843,0.0
115,2025-11-26,16170,15927,0.0
115,2025-11-27,16420,16019,0.0
115,2025-11-28,16195,15745,0.0
115,2025-11-29,16384,16590,0.0
115,2025-11-30,16163,16465,0.0
115,2025-12-01,14838,15159,0.0
115,2025-12-02,16267,16682,0.0
115,2025-12-03,15727,15285,0.0
115,2025-12-04,16231,15709,0.0
115,2025-12-05,15002,15139,0.0
115,2025-12-06,16360,16294,0.0
115,2025-12-07,16089,16333,0.0
115,2025-12-08,16172,15816,0.0
115,2025-12-09,16491,16307,0.0
115,2025-12-10,16032,16363,0.0
115,2025-12-11,15292,15327,0.0
115,2025-12-12,17083,16537,0.0
115,2025-12-13,15541,15735,0.0
115,2025-12-14,16003,15691,0.0
115,2025-12-15,15068,15308,0.0
115,2025-12-16,16066,15491,0.0
115,2025-12-17,15798,16118,0.0
115,2025-12-18,15335,15695,0.0
115,2025-12-19,16455,16546,0.0
115,2025-12-20,17016,16487,0.0
115,2025-12-21,15186,15568,0.0
115,2025-12-22,16417,15978,0.0
115,2025-12-23,16208,16661,0.0
115,2025-12-24,15654,15209,0.0
115,2025-12-25,15487,15594,0.0
115,2025-12-26,15200,15118,0.0
115,2025-12-27,15910,16284,0.0
115,2025-12-28,15337,15196,0.0
115,2025-12-29,16194,16103,0.0
115,2025-12-30,15750,15814,0.0
115,2025-12-31,15968,16075,0.0
115,2026-01-01,15530,15620,0.0
115,2026-01-02,16304,16374,0.0
115,2026-01-03,16686,16505,0.0
115,2026-01-04,16154,15790,0.0
115,2026-01-05,16256,16160,0.0
115,2026-01-06,16427,16291,0.0
115,2026-01-07,16778,16688,0.0
115,2026-01-08,16095,16412,0.0
115,2026-01-09,16124,16236,0.0
115,2026-01-10,16452,16111,0.0
115,2026-01-11,15987,16312,0.0
115,2026-01-12,15819,16081,0.0
115,2026-01-13,15285,15451,0.0
115,2026-01-14,14712,15120,0.0
115,2026-01-15,15439,15766,0.0
115,2026-01-16,16102,16372,0.0
115,2026-01-17,16281,15779,0.0
115,2026-01-18,16837,16675,0.0
115,2026-01-19,16421,16676,0.0
115,2026-01-20,14878,15160,0.0
115,2026-01-21,16693,16352,0.0
115,2026-01-22,16313,16556,0.0
115,2026-01-23,15872,16170,0.0
115,2026-01-24,15809,16165,0.0
115,2026-01-25,16065,15646,0.0
115,2026-01-26,16020,15692,0.0
115,2026-01-27,16667,16621,0.0
115,2026-01-28,16137,15972,0.0
115,2026-01-29,16819,16281,0.0
115,2026-01-30,15841,15620,0.0
115,2026-01-31,15875,16185,0.0
115,2026-02-01,16249,15928,0.0
115,2026-02-02,15876,16045,0.0
115,2026-02-03,15966,15460,0.0
115,2026-02-04,15417,15869,0.0
115,2026-02-05,15798,15910,0.0
116,2025-11-14,6602,6570,0.0
116,2025-11-15,6704,6716,0.0
116,2025-11-16,6599,6659,0.0
116,2025-11-17,6059,6199,0.0
116,2025-11-18,6513,6608,0.0
116,2025-11-19,6462,6264,0.0
116,2025-11-20,6922,6699,0.0
116,2025-11-21,6549,6429,0.0
116,2025-11-22,6353,6361,0.0
116,2025-11-23,6356,6296,0.0
116,2025-11-24,6420,6505,0.0
116,2025-11-25,6767,6530,0.0
116,2025-11-26,6861,6699,0.0
116,2025-11-27,6199,6365,0.0
116,2025-11-28,6371,6370,0.0
116,2025-11-29,6562,6319,0.0
116,2025-11-30,6276,6302,0.0
116,2025-12-01,6772,6745,0.0
116,2025-12-02,6581,6359,0.0
116,2025-12-03,6285,6381,0.0
116,2025-12-04,6176,6261,0.0
116,2025-12-05,6486,6320,0.0
116,2025-12-06,6562,6486,0.0
116,2025-12-07,6352,6169,0.0
116,2025-12-08,6418,6578,0.0
116,2025-12-09,6255,6380,0.0
116,2025-12-10,6924,6705,0.0
116,2025-12-11,6719,6552,0.0
116,2025-12-12,6018,6137,0.0
116,2025-12-13,6143,6125,0.0
116,2025-12-14,6582,6646,0.0
116,2025-12-15,6811,6694,0.0
116,2025-12-16,6656,6532,0.0
116,2025-12-17,6061,6210,0.0
116,2025-12-18,6116,6168,0.0
116,2025-12-19,6401,6157,0.0
116,2025-12-20,5937,6104,0.0
116,2025-12-21,6840,6612,0.0
116,2025-12-22,6851,6634,0.0
116,2025-12-23,6303,6276,0.0
116,2025-12-24,6578,6642,0.0
116,2025-12-25,6335,6498,0.0
116,2025-12-26,6271,6401,0.0
116,2025-12-27,6389,6205,0.0
116,2025-12-28,6591,6435,0.0
116,2025-12-29,6277,6248,0.0
116,2025-12-30,6292,6357,0.0
116,2025-12-31,6169,6209,0.0
116,2026-01-01,6414,6395,0.0
116,2026-01-02,6531,6301,0.0
116,2026-01-03,6732,6628,0.0
116,2026-01-04,6697,6702,0.0
116,2026-01-05,6819,6649,0.0
116,2026-01-06,6342,6239,0.0
116,2026-01-07,6571,6556,0.0
116,2026-01-08,5973,6142,0.0
116,2026-01-09,6392,6199,0.0
116,2026-01-10,6431,6185,0.0
116,2026-01-11,6415,6286,0.0
116,2026-01-12,6267,6310,0.0
116,2026-01-13,6329,6414,0.0
116,2026-01-14,6693,6702,0.0
116,2026-01-15,6645,6536,0.0
116,2026-01-16,6431,6299,0.0
116,2026-01-17,6811,6680,0.0
116,2026-01-18,6438,6338,0.0
116,2026-01-19,6309,6326,0.0
116,2026-01-20,6468,6645,0.0
116,2026-01-21,6521,6355,0.0
116,2026-01-22,6574,6402,0.0
116,2026-01-23,6856,6608,0.0
116,2026-01-24,6587,6393,0.0
116,2026-01-25,6761,6583,0.0
116,2026-01-26,6654,6527,0.0
116,2026-01-27,6831,6587,0.0
116,2026-01-28,6413,6222,0.0
116,2026-01-29,6401,6210,0.0
116,2026-01-30,6087,6164,0.0
116,2026-01-31,6516,6319,0.0
116,2026-02-01,6026,6194,0.0
116,2026-02-02,6460,6423,0.0
116,2026-02-03,6168,6234,0.0
116,2026-02-04,6022,6129,0.0
116,2026-02-05,6150,6336,0.0
117,2025-11-14,33326,32897,0.0
117,2025-11-15,35851,35011,0.0
117,2025-11-16,33375,34045,0.0
117,2025-11-17,33405,32684,0.0
117,2025-11-18,33980,33744,0.0
117,2025-11-19,33786,34344,0.0
117,2025-11-20,34040,34994,0.0
117,2025-11-21,34762,35103,0.0
117,2025-11-22,31507,31829,0.0
117,2025-11-23,33180,31979,0.0
117,2025-11-24,33293,33320,0.0
117,2025-11-25,35205,34856,0.0
117,2025-11-26,32184,32655,0.0
117,2025-11-27,35524,34501,0.0
117,2025-11-28,33439,33090,0.0
117,2025-11-29,30048,34517,2.8
117,2025-11-30,30976,31929,0.0
117,2025-12-01,34439,33559,0.0
117,2025-12-02,32963,31824,0.0
117,2025-12-03,35065,34334,0.0
117,2025-12-04,34797,33988,0.0
117,2025-12-05,33912,33556,0.0
117,2025-12-06,35481,34630,0.0
117,2025-12-07,34101,34196,0.0
117,2025-12-08,32323,31817,0.0
117,2025-12-09,32363,32591,0.0
117,2025-12-10,34079,34883,0.0
117,2025-12-11,32152,32747,0.0
117,2025-12-12,32576,33196,0.0
117,2025-12-13,34166,34328,0.0
117,2025-12-14,35440,34082,0.0
117,2025-12-15,31493,32290,0.0
117,2025-12-16,36202,34958,0.0
117,2025-12-17,35126,34306,0.0
117,2025-12-18,33727,34327,0.0
117,2025-12-19,34736,34563,0.0
117,2025-12-20,33571,33379,0.0
117,2025-12-21,33784,32961,0.0
117,2025-12-22,33858,34467,0.0
117,2025-12-23,31432,31830,0.0
117,2025-12-24,35327,34422,0.0
117,2025-12-25,31432,32257,0.0
117,2025-12-26,34466,33558,0.0
117,2025-12-27,35058,33882,0.0
117,2025-12-28,22992,33216,7.8
117,2025-12-29,33920,33115,0.0
117,2025-12-30,33835,33386,0.0
117,2025-12-31,35693,35034,0.0
117,2026-01-01,35883,34892,0.0
117,2026-01-02,33601,33301,0.0
117,2026-01-03,34633,34779,0.0
117,2026-01-04,33112,33679,0.0
117,2026-01-05,24170,32902,6.3
117,2026-01-06,31855,32823,0.0
117,2026-01-07,31428,32090,0.0
117,2026-01-08,34549,33752,0.0
117,2026-01-09,33908,33614,0.0
117,2026-01-10,33735,34481,0.0
117,2026-01-11,33069,32592,0.0
117,2026-01-12,31893,31900,0.0
117,2026-01-13,35207,33993,0.0
117,2026-01-14,35142,34497,0.0
117,2026-01-15,34252,34611,0.0
117,2026-01-16,34248,32986,0.0
117,2026-01-17,33849,33130,0.0
117,2026-01-18,27197,32081,3.3
117,2026-01-19,34001,33774,0.0
117,2026-01-20,34256,35029,0.0
117,2026-01-21,31934,32183,0.0
117,2026-01-22,32377,32033,0.0
117,2026-01-23,34031,34313,0.0
117,2026-01-24,33122,32036,0.0
117,2026-01-25,35909,34680,0.0
117,2026-01-26,35106,33970,0.0
117,2026-01-27,34821,34882,0.0
117,2026-01-28,33089,32080,0.0
117,2026-01-29,32932,32227,0.0
117,2026-01-30,32931,31783,0.0
117,2026-01-31,33545,34477,0.0
117,2026-02-01,31573,32301,0.0
117,2026-02-02,33661,32597,0.0
117,2026-02-03,34246,34840,0.0
117,2026-02-04,33702,34486,0.0
117,2026-02-05,32869,32193,0.0
118,2025-11-14,59637,58038,0.0
118,2025-11-15,57949,58033,0.0
118,2025-11-16,58913,58309,0.0
118,2025-11-17,55753,55505,0.0
118,2025-11-18,57091,56363,0.0
118,2025-11-19,54402,54925,0.0
118,2025-11-20,57376,57445,0.0
118,2025-11-21,59997,59219,0.0
118,2025-11-22,56898,57598,0.0
118,2025-11-23,54391,58405,1.9
118,2025-11-24,59400,58791,0.0
118,2025-11-25,57661,55567,0.0
118,2025-11-26,54804,55574,0.0
118,2025-11-27,54991,56398,0.0
118,2025-11-28,54206,54790,0.0
118,2025-11-29,50431,58117,2.7
118,2025-11-30,56350,56697,0.0
118,2025-12-01,55693,54851,0.0
118,2025-12-02,58469,56307,0.0
118,2025-12-03,57305,57928,0.0
118,2025-12-04,55251,56367,0.0
118,2025-12-05,60534,59545,0.0
118,2025-12-06,55945,55710,0.0
118,2025-12-07,55099,56791,0.0
118,2025-12-08,56243,54488,0.0
118,2025-12-09,55953,56505,0.0
118,2025-12-10,54617,55741,0.0
118,2025-12-11,56924,58627,0.0
118,2025-12-12,56751,56131,0.0
118,2025-12-13,58157,58073,0.0
118,2025-12-14,56565,56375,0.0
118,2025-12-15,58442,59306,0.0
118,2025-12-16,48897,55396,2.9
118,2025-12-17,59809,59472,0.0
118,2025-12-18,58294,57124,0.0
118,2025-12-19,57265,57901,0.0
118,2025-12-20,55471,54264,0.0
118,2025-12-21,57297,55524,0.0
118,2025-12-22,60027,58468,0.0
118,2025-12-23,58160,57646,0.0
118,2025-12-24,55582,55191,0.0
118,2025-12-25,55382,54998,0.0
118,2025-12-26,40764,56541,7.1
118,2025-12-27,55419,55217,0.0
118,2025-12-28,57727,56570,0.0
118,2025-12-29,54679,55286,0.0
118,2025-12-30,59242,57577,0.0
118,2025-12-31,55515,56838,0.0
118,2026-01-01,53710,54410,0.0
118,2026-01-02,55689,55523,0.0
118,2026-01-03,58767,59606,0.0
118,2026-01-04,51757,54929,1.6
118,2026-01-05,55281,56811,0.0
118,2026-01-06,55920,54733,0.0
118,2026-01-07,58733,58244,0.0
118,2026-01-08,55420,56263,0.0
118,2026-01-09,55819,57497,0.0
118,2026-01-10,56907,57504,0.0
118,2026-01-11,55229,56091,0.0
118,2026-01-12,57465,58739,0.0
118,2026-01-13,58171,57734,0.0
118,2026-01-14,56513,58076,0.0
118,2026-01-15,59045,58115,0.0
118,2026-01-16,38636,55382,7.7
118,2026-01-17,54279,54654,0.0
118,2026-01-18,57666,55731,0.0
118,2026-01-19,55869,56183,0.0
118,2026-01-20,55318,54302,0.0
118,2026-01-21,55024,54270,0.0
118,2026-01-22,54054,55043,0.0
118,2026-01-23,56440,55265,0.0
118,2026-01-24,55598,56775,0.0
118,2026-01-25,54134,54915,0.0
118,2026-01-26,57184,55312,0.0
118,2026-01-27,57621,55856,0.0
118,2026-01-28,53461,54509,0.0
118,2026-01-29,54363,54192,0.0
118,2026-01-30,58474,58050,0.0
118,2026-01-31,57195,58506,0.0
118,2026-02-01,53713,54767,0.0
118,2026-02-02,57162,55666,0.0
118,2026-02-03,58521,58008,0.0
118,2026-02-04,61361,59273,0.0
118,2026-02-05,61504,59201,0.0
119,2025-11-14,18791,19155,0.0
119,2025-11-15,18505,18371,0.0
119,2025-11-16,18776,18111,0.0
119,2025-11-17,19025,18786,0.0
119,2025-11-18,17624,17811,0.0
119,2025-11-19,18393,18674,0.0
119,2025-11-20,17789,17372,0.0
119,2025-11-21,17992,18021,0.0
119,2025-11-22,19170,19028,0.0
119,2025-11-23,18093,17546,0.0
119,2025-11-24,19333,18980,0.0
119,2025-11-25,18354,18614,0.0
119,2025-11-26,18181,17542,0.0
119,2025-11-27,19062,18995,0.0
119,2025-11-28,18880,18682,0.0
119,2025-11-29,17905,18281,0.0
119,2025-11-30,17896,17759,0.0
119,2025-12-01,18591,18993,0.0
119,2025-12-02,18546,18443,0.0
119,2025-12-03,18343,17776,0.0
119,2025-12-04,18109,17954,0.0
119,2025-12-05,17944,17809,0.0
119,2025-12-06,17465,17584,0.0
119,2025-12-07,17798,18116,0.0
119,2025-12-08,18232,17710,0.0
119,2025-12-09,18202,17738,0.0
119,2025-12-10,18546,18281,0.0
119,2025-12-11,17705,17466,0.0
119,2025-12-12,18708,18333,0.0
119,2025-12-13,18310,17923,0.0
119,2025-12-14,17510,17840,0.0
119,2025-12-15,17899,17390,0.0
119,2025-12-16,19201,18759,0.0
119,2025-12-17,19047,18596,0.0
119,2025-12-18,19222,18655,0.0
119,2025-12-19,17211,17637,0.0
119,2025-12-20,18904,18498,0.0
119,2025-12-21,18138,18591,0.0
119,2025-12-22,18873,18805,0.0
119,2025-12-23,18981,18968,0.0
119,2025-12-24,17707,17440,0.0
119,2025-12-25,19373,19103,0.0
119,2025-12-26,17112,17609,0.0
119,2025-12-27,17932,18027,0.0
119,2025-12-28,18587,19004,0.0
119,2025-12-29,18993,18709,0.0
119,2025-12-30,17285,17491,0.0
119,2025-12-31,18926,18431,0.0
119,2026-01-01,18394,18206,0.0
119,2026-01-02,19080,18997,0.0
119,2026-01-03,17220,17656,0.0
119,2026-01-04,18678,18251,0.0
119,2026-01-05,18359,17909,0.0
119,2026-01-06,18312,18261,0.0
119,2026-01-07,17463,17416,0.0
119,2026-01-08,18051,18544,0.0
119,2026-01-09,18601,18025,0.0
119,2026-01-10,17751,17497,0.0
119,2026-01-11,18206,17838,0.0
119,2026-01-12,17673,18025,0.0
119,2026-01-13,17702,18089,0.0
119,2026-01-14,18741,18269,0.0
119,2026-01-15,18718,18010,0.0
119,2026-01-16,17426,17902,0.0
119,2026-01-17,18055,18388,0.0
119,2026-01-18,18730,18344,0.0
119,2026-01-19,17697,18193,0.0
119,2026-01-20,17746,17774,0.0
119,2026-01-21,18680,18456,0.0
119,2026-01-22,18023,17984,0.0
119,2026-01-23,19493,18745,0.0
119,2026-01-24,19542,19075,0.0
119,2026-01-25,18842,18295,0.0
119,2026-01-26,17076,17446,0.0
119,2026-01-27,19526,19029,0.0
119,2026-01-28,18341,17797,0.0
119,2026-01-29,19092,18960,0.0
119,2026-01-30,19319,18683,0.0
119,2026-01-31,18455,18674,0.0
119,2026-02-01,19201,18510,0.0
119,2026-02-02,18351,18200,0.0
119,2026-02-03,18352,17790,0.0
119,2026-02-04,18339,18646,0.0
119,2026-02-05,18205,18518,0.0
120,2025-11-14,8658,8676,0.0
120,2025-11-15,8733,8587,0.0
120,2025-11-16,9045,9064,0.0
120,2025-11-17,9110,8925,0.0
120,2025-11-18,9192,9055,0.0
120,2025-11-19,8652,8726,0.0
120,2025-11-20,8980,9244,0.0
120,2025-11-21,8773,8577,0.0
120,2025-11-22,9402,9213,0.0
120,2025-11-23,8554,8553,0.0
120,2025-11-24,9008,8685,0.0
120,2025-11-25,8516,8497,0.0
120,2025-11-26,9278,9303,0.0
120,2025-11-27,8722,8600,0.0
120,2025-11-28,9111,8793,0.0
120,2025-11-29,9149,9239,0.0
120,2025-11-30,9007,9163,0.0
120,2025-12-01,8968,8789,0.0
120,2025-12-02,8696,8627,0.0
120,2025-12-03,9077,9231,0.0
120,2025-12-04,9246,9056,0.0
120,2025-12-05,8760,8735,0.0
120,2025-12-06,9463,9229,0.0
120,2025-12-07,9371,9316,0.0
120,2025-12-08,9343,9277,0.0
120,2025-12-09,8415,8662,0.0
120,2025-12-10,8481,8676,0.0
120,2025-12-11,9090,8923,0.0
120,2025-12-12,8950,8706,0.0
120,2025-12-13,8758,8580,0.0
120,2025-12-14,9197,9082,0.0
120,2025-12-15,8913,8763,0.0
120,2025-12-16,8942,9030,0.0
120,2025-12-17,9064,8720,0.0
120,2025-12-18,8517,8653,0.0
120,2025-12-19,9542,9194,0.0
120,2025-12-20,8782,8929,0.0
120,2025-12-21,9349,9247,0.0
120,2025-12-22,8913,9109,0.0
120,2025-12-23,9420,9178,0.0
120,2025-12-24,8878,9094,0.0
120,2025-12-25,8892,8876,0.0
120,2025-12-26,8841,8571,0.0
120,2025-12-27,9080,9329,0.0
120,2025-12-28,8429,8542,0.0
120,2025-12-29,9054,8899,0.0
120,2025-12-30,8848,9034,0.0
120,2025-12-31,8834,8495,0.0
120,2026-01-01,8478,8492,0.0
120,2026-01-02,8324,8535,0.0
120,2026-01-03,9344,9139,0.0
120,2026-01-04,9361,9317,0.0
120,2026-01-05,8881,8545,0.0
120,2026-01-06,9568,9225,0.0
120,2026-01-07,9325,9102,0.0
120,2026-01-08,8524,8468,0.0
120,2026-01-09,8938,8646,0.0
120,2026-01-10,8924,9183,0.0
120,2026-01-11,8855,8759,0.0
120,2026-01-12,8941,8950,0.0
120,2026-01-13,9182,8927,0.0
120,2026-01-14,8810,9074,0.0
120,2026-01-15,8968,9028,0.0
120,2026-01-16,9153,9110,0.0
120,2026-01-17,9239,8991,0.0
120,2026-01-18,9614,9269,0.0
120,2026-01-19,9561,9246,0.0
120,2026-01-20,8964,8809,0.0
120,2026-01-21,8880,8769,0.0
120,2026-01-22,8800,8528,0.0
120,2026-01-23,9293,9181,0.0
120,2026-01-24,9309,9030,0.0
120,2026-01-25,8645,8558,0.0
120,2026-01-26,8584,8667,0.0
120,2026-01-27,8828,8766,0.0
120,2026-01-28,8343,8585,0.0
120,2026-01-29,8977,8634,0.0
120,2026-01-30,8833,8601,0.0
120,2026-01-31,8862,8997,0.0
120,2026-02-01,8503,8674,0.0
120,2026-02-02,8666,8761,0.0
120,2026-02-03,8474,8688,0.0
120,2026-02-04,8874,9125,0.0
120,2026-02-05,8757,8576,0.0
121,2025-11-14,17924,17791,0.0
121,2025-11-15,16359,16813,0.0
121,2025-11-16,17036,17537,0.0
121,2025-11-17,17544,17782,0.0
121,2025-11-18,17834,17834,0.0
121,2025-11-19,17449,17073,0.0
121,2025-11-20,17053,17460,0.0
121,2025-11-21,17627,17630,0.0
121,2025-11-22,18431,17796,0.0
121,2025-11-23,16790,16282,0.0
121,2025-11-24,17339,16803,0.0
121,2025-11-25,17185,17223,0.0
121,2025-11-26,17963,17487,0.0
121,2025-11-27,17303,17355,0.0
121,2025-11-28,17346,17790,0.0
121,2025-11-29,17542,17811,0.0
121,2025-11-30,17015,16621,0.0
121,2025-12-01,16175,16276,0.0
121,2025-12-02,17126,17125,0.0
121,2025-12-03,16381,16373,0.0
121,2025-12-04,17250,17015,0.0
121,2025-12-05,17689,17285,0.0
121,2025-12-06,16215,16547,0.0
121,2025-12-07,16748,16637,0.0
121,2025-12-08,16621,16256,0.0
121,2025-12-09,17483,17715,0.0
121,2025-12-10,16580,17087,0.0
121,2025-12-11,16539,16518,0.0
121,2025-12-12,16845,17000,0.0
121,2025-12-13,17410,17125,0.0
121,2025-12-14,16954,16420,0.0
121,2025-12-15,16141,16586,0.0
121,2025-12-16,17354,17421,0.0
121,2025-12-17,16869,17324,0.0
121,2025-12-18,17397,17370,0.0
121,2025-12-19,16470,16269,0.0
121,2025-12-20,17077,17150,0.0
121,2025-12-21,17899,17557,0.0
121,2025-12-22,16332,16497,0.0
121,2025-12-23,17367,17884,0.0
121,2025-12-24,17858,17181,0.0
121,2025-12-25,17154,17476,0.0
121,2025-12-26,17586,17251,0.0
121,2025-12-27,17735,17494,0.0
121,2025-12-28,16997,16828,0.0
121,2025-12-29,17104,16693,0.0
121,2025-12-30,17367,17218,0.0
121,2025-12-31,17640,17431,0.0
121,2026-01-01,18172,17860,0.0
121,2026-01-02,17737,17703,0.0
121,2026-01-03,16940,17100,0.0
121,2026-01-04,16768,16842,0.0
121,2026-01-05,17219,16611,0.0
121,2026-01-06,16250,16363,0.0
121,2026-01-07,16554,17040,0.0
121,2026-01-08,17098,17242,0.0
121,2026-01-09,17150,16519,0.0
121,2026-01-10,16219,16512,0.0
121,2026-01-11,17218,17517,0.0
121,2026-01-12,17145,16689,0.0
121,2026-01-13,17480,17839,0.0
121,2026-01-14,17112,17142,0.0
121,2026-01-15,17484,16883,0.0
121,2026-01-16,18214,17875,0.0
121,2026-01-17,16918,16866,0.0
121,2026-01-18,17108,17489,0.0
121,2026-01-19,16858,16240,0.0
121,2026-01-20,17481,17465,0.0
121,2026-01-21,17646,17795,0.0
121,2026-01-22,17427,17074,0.0
121,2026-01-23,17077,17330,0.0
121,2026-01-24,17008,16804,0.0
121,2026-01-25,17576,17807,0.0
121,2026-01-26,17356,17716,0.0
121,2026-01-27,18016,17612,0.0
121,2026-01-28,18279,17599,0.0
121,2026-01-29,18408,17824,0.0
121,2026-01-30,16914,16388,0.0
121,2026-01-31,17024,17372,0.0
121,2026-02-01,16981,16769,0.0
121,2026-02-02,17782,17634,0.0
121,2026-02-03,16855,17194,0.0
121,2026-02-04,17256,17341,0.0
121,2026-02-05,16647,16641,0.0
122,2025-11-14,16292,15897,0.0
122,2025-11-15,15879,15936,0.0
122,2025-11-16,16202,16616,0.0
122,2025-11-17,15592,16057,0.0
122,2025-11-18,16360,16363,0.0
122,2025-11-19,15795,15516,0.0
122,2025-11-20,15862,16132,0.0
122,2025-11-21,17027,16859,0.0
122,2025-11-22,16040,15687,0.0
122,2025-11-23,15450,15711,0.0
122,2025-11-24,15792,15669,0.0
122,2025-11-25,16187,15781,0.0
122,2025-11-26,16380,16289,0.0
122,2025-11-27,14912,15329,0.0
122,2025-11-28,16647,16051,0.0
122,2025-11-29,15072,15292,0.0
122,2025-11-30,16453,15980,0.0
122,2025-12-01,16661,16706,0.0
122,2025-12-02,14976,15370,0.0
122,2025-12-03,16977,16509,0.0
122,2025-12-04,15483,15402,0.0
122,2025-12-05,16870,16592,0.0
122,2025-12-06,16730,16841,0.0
122,2025-12-07,15816,15359,0.0
122,2025-12-08,15721,16131,0.0
122,2025-12-09,15933,15731,0.0
122,2025-12-10,16102,16257,0.0
122,2025-12-11,16273,15799,0.0
122,2025-12-12,16554,16526,0.0
122,2025-12-13,16611,16121,0.0
122,2025-12-14,17330,16809,0.0
122,2025-12-15,16533,16290,0.0
122,2025-12-16,15453,15874,0.0
122,2025-12-17,15945,15716,0.0
122,2025-12-18,16512,15990,0.0
122,2025-12-19,16099,15910,0.0
122,2025-12-20,16362,16798,0.0
122,2025-12-21,16976,16450,0.0
122,2025-12-22,16317,15944,0.0
122,2025-12-23,15178,15502,0.0
122,2025-12-24,16091,16566,0.0
122,2025-12-25,16429,16073,0.0
122,2025-12-26,16265,16044,0.0
122,2025-12-27,15310,15358,0.0
122,2025-12-28,16098,16406,0.0
122,2025-12-29,16719,16519,0.0
122,2025-12-30,15737,15921,0.0
122,2025-12-31,16247,16140,0.0
122,2026-01-01,15201,15596,0.0
122,2026-01-02,15407,15655,0.0
122,2026-01-03,17415,16817,0.0
122,2026-01-04,16300,16432,0.0
122,2026-01-05,15550,15836,0.0
122,2026-01-06,16032,15456,0.0
122,2026-01-07,15534,15409,0.0
122,2026-01-08,16160,16648,0.0
122,2026-01-09,16058,15546,0.0
122,2026-01-10,15879,16251,0.0
122,2026-01-11,14999,15463,0.0
122,2026-01-12,16016,15664,0.0
122,2026-01-13,16456,16359,0.0
122,2026-01-14,15745,16079,0.0
122,2026-01-15,15997,15837,0.0
122,2026-01-16,15296,15633,0.0
122,2026-01-17,15950,16356,0.0
122,2026-01-18,15562,15707,0.0
122,2026-01-19,16381,16828,0.0
122,2026-01-20,16283,15801,0.0
122,2026-01-21,15597,15918,0.0
122,2026-01-22,16943,16847,0.0
122,2026-01-23,15357,15725,0.0
122,2026-01-24,16282,15662,0.0
122,2026-01-25,15438,15684,0.0
122,2026-01-26,15670,16038,0.0
122,2026-01-27,15162,15510,0.0
122,2026-01-28,16594,16554,0.0
122,2026-01-29,15815,15556,0.0
122,2026-01-30,15044,15304,0.0
122,2026-01-31,15141,15430,0.0
122,2026-02-01,16675,16602,0.0
122,2026-02-02,15692,15575,0.0
122,2026-02-03,15921,15702,0.0
122,2026-02-04,16517,15957,0.0
122,2026-02-05,15988,15829,0.0
123,2025-11-14,33585,32769,0.0
123,2025-11-15,34115,33347,0.0
123,2025-11-16,32205,31341,0.0
123,2025-11-17,32504,32308,0.0
123,2025-11-18,31604,31649,0.0
123,2025-11-19,32984,32936,0.0
123,2025-11-20,32932,32312,0.0
123,2025-11-21,33481,33542,0.0
123,2025-11-22,30863,30756,0.0
123,2025-11-23,33614,33456,0.0
123,2025-11-24,34211,33327,0.0
123,2025-11-25,21764,31022,7.1
123,2025-11-26,30715,31280,0.0
123,2025-11-27,31366,30837,0.0
123,2025-11-28,32725,31737,0.0
123,2025-11-29,32246,31999,0.0
123,2025-11-30,32019,32391,0.0
123,2025-12-01,33254,33037,0.0
123,2025-12-02,32206,31006,0.0
123,2025-12-03,34235,32988,0.0
123,2025-12-04,32569,32278,0.0
123,2025-12-05,32124,32565,0.0
123,2025-12-06,34180,33352,0.0
123,2025-12-07,32807,33515,0.0
123,2025-12-08,34490,33620,0.0
123,2025-12-09,32805,33268,0.0
123,2025-12-10,33533,32865,0.0
123,2025-12-11,33880,32645,0.0
123,2025-12-12,33694,33282,0.0
123,2025-12-13,31041,30772,0.0
123,2025-12-14,32387,32574,0.0
123,2025-12-15,34208,32976,0.0
123,2025-12-16,31343,30855,0.0
123,2025-12-17,31872,32310,0.0
123,2025-12-18,32404,32294,0.0
123,2025-12-19,32995,33564,0.0
123,2025-12-20,30707,30811,0.0
123,2025-12-21,33360,32695,0.0
123,2025-12-22,32553,32144,0.0
123,2025-12-23,33379,32408,0.0
123,2025-12-24,33439,33280,0.0
123,2025-12-25,31545,32220,0.0
123,2025-12-26,31897,30683,0.0
123,2025-12-27,31997,32247,0.0
123,2025-12-28,32018,32571,0.0
123,2025-12-29,30597,31426,0.0
123,2025-12-30,22118,33759,8.2
123,2025-12-31,33202,32765,0.0
123,2026-01-01,30098,30961,0.0
123,2026-01-02,33325,33064,0.0
123,2026-01-03,31249,31368,0.0
123,2026-01-04,32388,32469,0.0
123,2026-01-05,33006,33182,0.0
123,2026-01-06,33077,32599,0.0
123,2026-01-07,32649,32413,0.0
123,2026-01-08,33260,33347,0.0
123,2026-01-09,33097,33649,0.0
123,2026-01-10,32775,31654,0.0
123,2026-01-11,31949,32749,0.0
123,2026-01-12,31878,31647,0.0
123,2026-01-13,33628,33500,0.0
123,2026-01-14,31819,32411,0.0
123,2026-01-15,33727,33353,0.0
123,2026-01-16,33308,33074,0.0
123,2026-01-17,33264,33749,0.0
123,2026-01-18,32110,31818,0.0
123,2026-01-19,33311,32135,0.0
123,2026-01-20,33195,33294,0.0
123,2026-01-21,33410,32992,0.0
123,2026-01-22,31091,31402,0.0
123,2026-01-23,28903,33383,3.5
123,2026-01-24,31652,30799,0.0
123,2026-01-25,33590,32487,0.0
123,2026-01-26,32705,33239,0.0
123,2026-01-27,32665,33112,0.0
123,2026-01-28,31685,31829,0.0
123,2026-01-29,30614,30906,0.0
123,2026-01-30,30760,31256,0.0
123,2026-01-31,31667,31250,0.0
123,2026-02-01,34322,33618,0.0
123,2026-02-02,32828,31999,0.0
123,2026-02-03,31616,32557,0.0
123,2026-02-04,32689,33340,0.0
123,2026-02-05,32700,33036,0.0
124,2025-11-14,43463,42431,0.0
124,2025-11-15,46351,46027,0.0
124,2025-11-16,44408,44115,0.0
124,2025-11-17,46255,44976,0.0
124,2025-11-18,36274,43908,3.9
124,2025-11-19,44445,43417,0.0
124,2025-11-20,45660,44097,0.0
124,2025-11-21,44534,43478,0.0
124,2025-11-22,45559,44212,0.0
124,2025-11-23,45019,44016,0.0
124,2025-11-24,43542,42259,0.0
124,2025-11-25,46226,45964,0.0
124,2025-11-26,43961,44425,0.0
124,2025-11-27,43227,43248,0.0
124,2025-11-28,46482,45343,0.0
124,2025-11-29,43210,42989,0.0
124,2025-11-30,41105,42017,0.0
124,2025-12-01,43392,41765,0.0
124,2025-12-02,40589,41826,0.0
124,2025-12-03,44077,44456,0.0
124,2025-12-04,43293,41972,0.0
124,2025-12-05,45952,45274,0.0
124,2025-12-06,42139,43083,0.0
124,2025-12-07,42409,43074,0.0
124,2025-12-08,44720,44431,0.0
124,2025-12-09,45611,44644,0.0
124,2025-12-10,43488,43932,0.0
124,2025-12-11,44239,44372,0.0
124,2025-12-12,44962,45876,0.0
124,2025-12-13,45055,43508,0.0
124,2025-12-14,45936,44807,0.0
124,2025-12-15,44879,44928,0.0
124,2025-12-16,47314,45971,0.0
124,2025-12-17,44390,42916,0.0
124,2025-12-18,41540,42611,0.0
124,2025-12-19,46077,45195,0.0
124,2025-12-20,44384,45320,0.0
124,2025-12-21,46073,45506,0.0
124,2025-12-22,45006,44390,0.0
124,2025-12-23,46523,45536,0.0
124,2025-12-24,43759,43800,0.0
124,2025-12-25,43541,43166,0.0
124,2025-12-26,44453,43425,0.0
124,2025-12-27,43131,42429,0.0
124,2025-12-28,43448,43689,0.0
124,2025-12-29,45800,44118,0.0
124,2025-12-30,41464,42332,0.0
124,2025-12-31,41106,42278,0.0
124,2026-01-01,46635,45402,0.0
124,2026-01-02,44393,44537,0.0
124,2026-01-03,40929,41886,0.0
124,2026-01-04,46794,45864,0.0
124,2026-01-05,42884,43658,0.0
124,2026-01-06,44842,44798,0.0
124,2026-01-07,44628,44208,0.0
124,2026-01-08,42979,41782,0.0
124,2026-01-09,44963,45841,0.0
124,2026-01-10,42806,43459,0.0
124,2026-01-11,42527,43526,0.0
124,2026-01-12,43233,41984,0.0
124,2026-01-13,42652,42284,0.0
124,2026-01-14,42934,43248,0.0
124,2026-01-15,46551,45405,0.0
124,2026-01-16,45425,45773,0.0
124,2026-01-17,43869,44831,0.0
124,2026-01-18,44781,43815,0.0
124,2026-01-19,42630,42737,0.0
124,2026-01-20,38516,44186,3.7
124,2026-01-21,45008,44790,0.0
124,2026-01-22,45741,44300,0.0
124,2026-01-23,42113,41665,0.0
124,2026-01-24,42398,42364,0.0
124,2026-01-25,45003,44266,0.0
124,2026-01-26,46317,44805,0.0
124,2026-01-27,46122,45238,0.0
124,2026-01-28,47475,45800,0.0
124,2026-01-29,40904,41776,0.0
124,2026-01-30,43851,42244,0.0
124,2026-01-31,45780,44837,0.0
124,2026-02-01,41115,41818,0.0
124,2026-02-02,44816,43797,0.0
124,2026-02-03,44482,43695,0.0
124,2026-02-04,44902,43575,0.0
124,2026-02-05,45649,44819,0.0
125,2025-11-14,7490,7262,0.0
125,2025-11-15,6920,6955,0.0
125,2025-11-16,7501,7446,0.0
125,2025-11-17,7637,7445,0.0
125,2025-11-18,7553,7367,0.0
125,2025-11-19,6613,6798,0.0
125,2025-11-20,7222,6955,0.0
125,2025-11-21,6824,6844,0.0
125,2025-11-22,7427,7353,0.0
125,2025-11-23,7060,7114,0.0
125,2025-11-24,7366,7409,0.0
125,2025-11-25,7681,7409,0.0
125,2025-11-26,7523,7449,0.0
125,2025-11-27,7169,7342,0.0
125,2025-11-28,7008,6905,0.0
125,2025-11-29,7719,7459,0.0
125,2025-11-30,7422,7260,0.0
125,2025-12-01,6765,6928,0.0
125,2025-12-02,7327,7406,0.0
125,2025-12-03,6865,6826,0.0
125,2025-12-04,7642,7437,0.0
125,2025-12-05,7571,7494,0.0
125,2025-12-06,7099,7276,0.0
125,2025-12-07,7257,7221,0.0
125,2025-12-08,6914,7070,0.0
125,2025-12-09,7412,7308,0.0
125,2025-12-10,6746,6898,0.0
125,2025-12-11,7674,7446,0.0
125,2025-12-12,7342,7079,0.0
125,2025-12-13,7041,6885,0.0
125,2025-12-14,7176,7337,0.0
125,2025-12-15,6986,6869,0.0
125,2025-12-16,6837,6860,0.0
125,2025-12-17,7047,6816,0.0
125,2025-12-18,6899,6809,0.0
125,2025-12-19,6886,7031,0.0
125,2025-12-20,7321,7164,0.0
125,2025-12-21,6967,6963,0.0
125,2025-12-22,7573,7319,0.0
125,2025-12-23,6889,6995,0.0
125,2025-12-24,6940,7057,0.0
125,2025-12-25,6690,6795,0.0
125,2025-12-26,7123,7250,0.0
125,2025-12-27,7116,7001,0.0
125,2025-12-28,6937,6893,0.0
125,2025-12-29,7084,6912,0.0
125,2025-12-30,6640,6802,0.0
125,2025-12-31,7132,7068,0.0
125,2026-01-01,7494,7444,0.0
125,2026-01-02,7414,7197,0.0
125,2026-01-03,6832,6882,0.0
125,2026-01-04,7136,7054,0.0
125,2026-01-05,7161,7374,0.0
125,2026-01-06,7269,7391,0.0
125,2026-01-07,7314,7036,0.0
125,2026-01-08,7326,7351,0.0
125,2026-01-09,7506,7311,0.0
125,2026-01-10,7228,7451,0.0
125,2026-01-11,7336,7192,0.0
125,2026-01-12,7299,7342,0.0
125,2026-01-13,7453,7374,0.0
125,2026-01-14,7118,6949,0.0
125,2026-01-15,6899,6887,0.0
125,2026-01-16,7329,7454,0.0
125,2026-01-17,7231,7171,0.0
125,2026-01-18,7308,7330,0.0
125,2026-01-19,7235,7390,0.0
125,2026-01-20,6757,6839,0.0
125,2026-01-21,7048,6897,0.0
125,2026-01-22,6986,7130,0.0
125,2026-01-23,6693,6874,0.0
125,2026-01-24,7220,7128,0.0
125,2026-01-25,7047,6984,0.0
125,2026-01-26,7095,7228,0.0
125,2026-01-27,7308,7301,0.0
125,2026-01-28,6919,7090,0.0
125,2026-01-29,7160,7080,0.0
125,2026-01-30,7245,7400,0.0
125,2026-01-31,7514,7461,0.0
125,2026-02-01,6856,7014,0.0
125,2026-02-02,7152,6899,0.0
125,2026-02-03,7464,7237,0.0
125,2026-02-04,7072,7287,0.0
125,2026-02-05,7017,6809,0.0
126,2025-11-14,4310,4425,0.0
126,2025-11-15,4815,4838,0.0
126,2025-11-16,4852,4680,0.0
126,2025-11-17,4737,4627,0.0
126,2025-11-18,4781,4783,0.0
126,2025-11-19,4652,4590,0.0
126,2025-11-20,4833,4779,0.0
126,2025-11-21,4524,4550,0.0
126,2025-11-22,4998,4857,0.0
126,2025-11-23,4749,4809,0.0
126,2025-11-24,4696,4794,0.0
126,2025-11-25,4429,4419,0.0
126,2025-11-26,4325,4445,0.0
126,2025-11-27,4678,4782,0.0
126,2025-11-28,4417,4514,0.0
126,2025-11-29,4885,4760,0.0
126,2025-11-30,4518,4524,0.0
126,2025-12-01,4552,4546,0.0
126,2025-12-02,4812,4645,0.0
126,2025-12-03,4435,4437,0.0
126,2025-12-04,4333,4463,0.0
126,2025-12-05,4683,4588,0.0
126,2025-12-06,4587,4693,0.0
126,2025-12-07,4605,4468,0.0
126,2025-12-08,4419,4446,0.0
126,2025-12-09,4541,4654,0.0
126,2025-12-10,2175,4465,0.0
126,2025-12-11,2214,4749,0.0
126,2025-12-12,2349,4868,0.0
126,2025-12-13,2326,4551,0.0
126,2025-12-14,2529,4861,0.0
126,2025-12-15,2219,4510,0.0
126,2025-12-16,2175,4470,0.0
126,2025-12-17,2100,4425,0.0
126,2025-12-18,2238,4580,0.0
126,2025-12-19,2431,4732,0.0
126,2025-12-20,2322,4744,0.0
126,2025-12-21,2316,4648,0.0
126,2025-12-22,2222,4678,0.0
126,2025-12-23,2357,4882,0.0
126,2025-12-24,2440,4779,0.0
126,2025-12-25,2240,4490,0.0
126,2025-12-26,2480,4854,0.0
126,2025-12-27,2488,4807,0.0
126,2025-12-28,2382,4620,0.0
126,2025-12-29,2162,4582,0.0
126,2025-12-30,2114,4529,0.0
126,2025-12-31,2268,4814,0.0
126,2026-01-01,2062,4444,0.0
126,2026-01-02,2207,4610,0.0
126,2026-01-03,2282,4866,0.0
126,2026-01-04,2215,4429,0.0
126,2026-01-05,2088,4471,0.0
126,2026-01-06,2272,4643,0.0
126,2026-01-07,2376,4842,0.0
126,2026-01-08,2217,4766,0.0
126,2026-01-09,2166,4527,0.0
126,2026-01-10,2376,4674,0.0
126,2026-01-11,2393,4679,0.0
126,2026-01-12,2394,4746,0.0
126,2026-01-13,2361,4684,0.0
126,2026-01-14,2277,4728,0.0
126,2026-01-15,2305,4565,0.0
126,2026-01-16,2146,4536,0.0
126,2026-01-17,2213,4435,0.0
126,2026-01-18,2349,4718,0.0
126,2026-01-19,2316,4648,0.0
126,2026-01-20,2472,4782,0.0
126,2026-01-21,2296,4646,0.0
126,2026-01-22,2118,4448,0.0
126,2026-01-23,2266,4621,0.0
126,2026-01-24,2167,4610,0.0
126,2026-01-25,2377,4766,0.0
126,2026-01-26,2270,4840,0.0
126,2026-01-27,2330,4486,0.0
126,2026-01-28,2389,4860,0.0
126,2026-01-29,2302,4683,0.0
126,2026-01-30,2295,4804,0.0
126,2026-01-31,2347,4620,0.0
126,2026-02-01,2253,4738,0.0
126,2026-02-02,2315,4692,0.0
126,2026-02-03,2248,4682,0.0
126,2026-02-04,2208,4701,0.0
126,2026-02-05,2272,4448,0.0
127,2025-11-14,16761,16312,0.0
127,2025-11-15,17837,17287,0.0
127,2025-11-16,16698,16104,0.0
127,2025-11-17,15716,15956,0.0
127,2025-11-18,17420,17381,0.0
127,2025-11-19,16513,16047,0.0
127,2025-11-20,17254,17276,0.0
127,2025-11-21,17247,16972,0.0
127,2025-11-22,17214,16974,0.0
127,2025-11-23,17085,17290,0.0
127,2025-11-24,17338,16782,0.0
127,2025-11-25,16620,16010,0.0
127,2025-11-26,16972,17043,0.0
127,2025-11-27,16945,16727,0.0
127,2025-11-28,17623,17530,0.0
127,2025-11-29,17564,17375,0.0
127,2025-11-30,16535,16010,0.0
127,2025-12-01,15925,15908,0.0
127,2025-12-02,17188,16712,0.0
127,2025-12-03,16537,16355,0.0
127,2025-12-04,16181,15922,0.0
127,2025-12-05,16426,15988,0.0
127,2025-12-06,16673,16537,0.0
127,2025-12-07,16566,16764,0.0
127,2025-12-08,15769,16071,0.0
127,2025-12-09,17975,17346,0.0
127,2025-12-10,17214,17103,0.0
127,2025-12-11,17273,17513,0.0
127,2025-12-12,17123,16495,0.0
127,2025-12-13,17362,16771,0.0
127,2025-12-14,15504,15913,0.0
127,2025-12-15,16699,16570,0.0
127,2025-12-16,16855,16984,0.0
127,2025-12-17,16624,16171,0.0
127,2025-12-18,16529,16812,0.0
127,2025-12-19,16394,16544,0.0
127,2025-12-20,17385,16986,0.0
127,2025-12-21,17315,16724,0.0
127,2025-12-22,17321,17236,0.0
127,2025-12-23,15968,16147,0.0
127,2025-12-24,17090,16806,0.0
127,2025-12-25,16733,16645,0.0
127,2025-12-26,17218,16837,0.0
127,2025-12-27,18120,17425,0.0
127,2025-12-28,16989,16932,0.0
127,2025-12-29,16663,16854,0.0
127,2025-12-30,15843,16068,0.0
127,2025-12-31,16551,16018,0.0
127,2026-01-01,16229,16058,0.0
127,2026-01-02,16694,16696,0.0
127,2026-01-03,16425,16285,0.0
127,2026-01-04,17067,16997,0.0
127,2026-01-05,17241,16795,0.0
127,2026-01-06,16833,17078,0.0
127,2026-01-07,17082,17172,0.0
127,2026-01-08,17241,17203,0.0
127,2026-01-09,17437,16990,0.0
127,2026-01-10,16325,16360,0.0
127,2026-01-11,16427,16881,0.0
127,2026-01-12,16930,16939,0.0
127,2026-01-13,16968,16499,0.0
127,2026-01-14,17215,17074,0.0
127,2026-01-15,17176,16588,0.0
127,2026-01-16,16534,16725,0.0
127,2026-01-17,16290,16612,0.0
127,2026-01-18,16117,16435,0.0
127,2026-01-19,16088,16137,0.0
127,2026-01-20,17434,16839,0.0
127,2026-01-21,16704,16924,0.0
127,2026-01-22,16603,16784,0.0
127,2026-01-23,16962,17487,0.0
127,2026-01-24,17809,17171,0.0
127,2026-01-25,16350,16539,0.0
127,2026-01-26,16556,16251,0.0
127,2026-01-27,16148,16599,0.0
127,2026-01-28,17174,16531,0.0
127,2026-01-29,17180,17520,0.0
127,2026-01-30,16992,16876,0.0
127,2026-01-31,15505,15907,0.0
127,2026-02-01,16473,16020,0.0
127,2026-02-02,17103,17539,0.0
127,2026-02-03,16984,17368,0.0
127,2026-02-04,16929,16285,0.0
127,2026-02-05,17805,17520,0.0
128,2025-11-14,12093,11917,0.0
128,2025-11-15,12296,11968,0.0
128,2025-11-16,11984,12002,0.0
128,2025-11-17,12257,12218,0.0
128,2025-11-18,11587,11945,0.0
128,2025-11-19,12686,12848,0.0
128,2025-11-20,12253,12346,0.0
128,2025-11-21,12652,12677,0.0
128,2025-11-22,13082,12838,0.0
128,2025-11-23,12832,12894,0.0
128,2025-11-24,12604,12327,0.0
128,2025-11-25,12329,12475,0.0
128,2025-11-26,12517,12517,0.0
128,2025-11-27,12966,12575,0.0
128,2025-11-28,12549,12687,0.0
128,2025-11-29,12747,12758,0.0
128,2025-11-30,12664,12628,0.0
128,2025-12-01,13285,12864,0.0
128,2025-12-02,12036,12351,0.0
128,2025-12-03,12685,12449,0.0
128,2025-12-04,12514,12389,0.0
128,2025-12-05,12047,12383,0.0
128,2025-12-06,12111,11719,0.0
128,2025-12-07,12718,12743,0.0
128,2025-12-08,11811,12050,0.0
128,2025-12-09,12238,12226,0.0
128,2025-12-10,12191,11844,0.0
128,2025-12-11,11946,12118,0.0
128,2025-12-12,11993,12202,0.0
128,2025-12-13,11998,12042,0.0
128,2025-12-14,12527,12533,0.0
128,2025-12-15,13013,12844,0.0
128,2025-12-16,12668,12433,0.0
128,2025-12-17,12625,12393,0.0
128,2025-12-18,12238,12340,0.0
128,2025-12-19,12686,12565,0.0
128,2025-12-20,12490,12119,0.0
128,2025-12-21,13067,12923,0.0
128,2025-12-22,12085,11776,0.0
128,2025-12-23,11628,11882,0.0
128,2025-12-24,12080,11938,0.0
128,2025-12-25,13048,12679,0.0
128,2025-12-26,12495,12019,0.0
128,2025-12-27,13260,12812,0.0
128,2025-12-28,11536,11855,0.0
128,2025-12-29,12275,12236,0.0
128,2025-12-30,12246,11995,0.0
128,2025-12-31,12792,12644,0.0
128,2026-01-01,12310,12202,0.0
128,2026-01-02,12015,12022,0.0
128,2026-01-03,12993,12514,0.0
128,2026-01-04,12144,12430,0.0
128,2026-01-05,12367,12455,0.0
128,2026-01-06,11684,11725,0.0
128,2026-01-07,12169,12524,0.0
128,2026-01-08,12838,12711,0.0
128,2026-01-09,12795,12913,0.0
128,2026-01-10,11626,11773,0.0
128,2026-01-11,13392,12947,0.0
128,2026-01-12,12267,12053,0.0
128,2026-01-13,13202,12778,0.0
128,2026-01-14,12405,12247,0.0
128,2026-01-15,12102,12118,0.0
128,2026-01-16,11921,11915,0.0
128,2026-01-17,13216,12864,0.0
128,2026-01-18,12680,12782,0.0
128,2026-01-19,12314,12262,0.0
128,2026-01-20,11840,11751,0.0
128,2026-01-21,12910,12891,0.0
128,2026-01-22,13211,12905,0.0
128,2026-01-23,12135,12340,0.0
128,2026-01-24,12394,12240,0.0
128,2026-01-25,12514,12680,0.0
128,2026-01-26,12068,12214,0.0
128,2026-01-27,11837,11877,0.0
128,2026-01-28,12846,12665,0.0
128,2026-01-29,11994,12072,0.0
128,2026-01-30,12215,12496,0.0
128,2026-01-31,12291,12143,0.0
128,2026-02-01,12134,11727,0.0
128,2026-02-02,12671,12240,0.0
128,2026-02-03,12215,11861,0.0
128,2026-02-04,11707,11939,0.0
128,2026-02-05,12559,12273,0.0
129,2025-11-14,4471,4310,0.0
129,2025-11-15,4304,4237,0.0
129,2025-11-16,4151,4239,0.0
129,2025-11-17,4010,4115,0.0
129,2025-11-18,4120,4224,0.0
129,2025-11-19,4303,4143,0.0
129,2025-11-20,4621,4471,0.0
129,2025-11-21,4324,4211,0.0
129,2025-11-22,4491,4379,0.0
129,2025-11-23,4268,4106,0.0
129,2025-11-24,4479,4335,0.0
129,2025-11-25,4259,4357,0.0
129,2025-11-26,4478,4311,0.0
129,2025-11-27,4364,4344,0.0
129,2025-11-28,4069,4137,0.0
129,2025-11-29,4530,4484,0.0
129,2025-11-30,4482,4505,0.0
129,2025-12-01,4652,4505,0.0
129,2025-12-02,4115,4161,0.0
129,2025-12-03,4535,4445,0.0
129,2025-12-04,4509,4379,0.0
129,2025-12-05,4165,4167,0.0
129,2025-12-06,4081,4174,0.0
129,2025-12-07,4144,4211,0.0
129,2025-12-08,4581,4485,0.0
129,2025-12-09,4263,4289,0.0
129,2025-12-10,4500,4418,0.0
129,2025-12-11,4465,4333,0.0
129,2025-12-12,4263,4254,0.0
129,2025-12-13,4290,4176,0.0
129,2025-12-14,4687,4512,0.0
129,2025-12-15,4084,4158,0.0
129,2025-12-16,4477,4403,0.0
129,2025-12-17,4184,4243,0.0
129,2025-12-18,4392,4447,0.0
129,2025-12-19,4381,4219,0.0
129,2025-12-20,4385,4511,0.0
129,2025-12-21,4331,4385,0.0
129,2025-12-22,4261,4305,0.0
129,2025-12-23,4576,4479,0.0
129,2025-12-24,4256,4136,0.0
129,2025-12-25,4102,4187,0.0
129,2025-12-26,4688,4528,0.0
129,2025-12-27,4291,4335,0.0
129,2025-12-28,4523,4419,0.0
129,2025-12-29,4528,4509,0.0
129,2025-12-30,4624,4528,0.0
129,2025-12-31,4498,4492,0.0
129,2026-01-01,4183,4192,0.0
129,2026-01-02,4454,4382,0.0
129,2026-01-03,4248,4175,0.0
129,2026-01-04,4110,4186,0.0
129,2026-01-05,4458,4336,0.0
129,2026-01-06,4537,4457,0.0
129,2026-01-07,4395,4256,0.0
129,2026-01-08,4210,4337,0.0
129,2026-01-09,4239,4132,0.0
129,2026-01-10,4631,4519,0.0
129,2026-01-11,4330,4213,0.0
129,2026-01-12,4270,4187,0.0
129,2026-01-13,4518,4532,0.0
129,2026-01-14,4406,4243,0.0
129,2026-01-15,4497,4461,0.0
129,2026-01-16,4438,4489,0.0
129,2026-01-17,4173,4202,0.0
129,2026-01-18,4082,4118,0.0
129,2026-01-19,4556,4405,0.0
129,2026-01-20,4207,4148,0.0
129,2026-01-21,4367,4480,0.0
129,2026-01-22,4324,4321,0.0
129,2026-01-23,4156,4132,0.0
129,2026-01-24,4528,4530,0.0
129,2026-01-25,4168,4213,0.0
129,2026-01-26,4329,4258,0.0
129,2026-01-27,4077,4126,0.0
129,2026-01-28,4489,4457,0.0
129,2026-01-29,4538,4400,0.0
129,2026-01-30,4385,4371,0.0
129,2026-01-31,4448,4442,0.0
129,2026-02-01,4281,4380,0.0
129,2026-02-02,4565,4496,0.0
129,2026-02-03,4329,4241,0.0
129,2026-02-04,4218,4156,0.0
129,2026-02-05,4552,4518,0.0
130,2025-11-14,9441,9386,0.0
130,2025-11-15,9584,9511,0.0
130,2025-11-16,9828,9697,0.0
130,2025-11-17,10025,9648,0.0
130,2025-11-18,10234,9991,0.0
130,2025-11-19,9944,9716,0.0
130,2025-11-20,10001,10088,0.0
130,2025-11-21,9852,9816,0.0
130,2025-11-22,9504,9240,0.0
130,2025-11-23,10076,9795,0.0
130,2025-11-24,9249,9364,0.0
130,2025-11-25,10235,9969,0.0
130,2025-11-26,10037,9660,0.0
130,2025-11-27,10190,9823,0.0
130,2025-11-28,9102,9267,0.0
130,2025-11-29,9522,9675,0.0
130,2025-11-30,9436,9572,0.0
130,2025-12-01,9429,9369,0.0
130,2025-12-02,9521,9285,0.0
130,2025-12-03,9545,9761,0.0
130,2025-12-04,9246,9169,0.0
130,2025-12-05,9610,9291,0.0
130,2025-12-06,9638,9342,0.0
130,2025-12-07,9795,9974,0.0
130,2025-12-08,10165,9825,0.0
130,2025-12-09,9428,9344,0.0
130,2025-12-10,9001,9183,0.0
130,2025-12-11,9114,9318,0.0
130,2025-12-12,8980,9142,0.0
130,2025-12-13,9395,9642,0.0
130,2025-12-14,9526,9505,0.0
130,2025-12-15,8922,9168,0.0
130,2025-12-16,9994,9714,0.0
130,2025-12-17,10333,10025,0.0
130,2025-12-18,9998,9828,0.0
130,2025-12-19,9459,9667,0.0
130,2025-12-20,9576,9322,0.0
130,2025-12-21,9200,9229,0.0
130,2025-12-22,9584,9837,0.0
130,2025-12-23,9727,9418,0.0
130,2025-12-24,9303,9375,0.0
130,2025-12-25,10056,9707,0.0
130,2025-12-26,10122,9896,0.0
130,2025-12-27,9787,9893,0.0
130,2025-12-28,9897,9669,0.0
130,2025-12-29,9251,9443,0.0
130,2025-12-30,10070,10085,0.0
130,2025-12-31,9713,9790,0.0
130,2026-01-01,8931,9143,0.0
130,2026-01-02,10312,10097,0.0
130,2026-01-03,9882,9863,0.0
130,2026-01-04,9454,9143,0.0
130,2026-01-05,9664,9408,0.0
130,2026-01-06,9785,9854,0.0
130,2026-01-07,9907,9942,0.0
130,2026-01-08,9940,10009,0.0
130,2026-01-09,9300,9556,0.0
130,2026-01-10,9826,9515,0.0
130,2026-01-11,9107,9211,0.0
130,2026-01-12,9835,9518,0.0
130,2026-01-13,9933,9974,0.0
130,2026-01-14,10009,9817,0.0
130,2026-01-15,10372,10047,0.0
130,2026-01-16,9498,9141,0.0
130,2026-01-17,9463,9451,0.0
130,2026-01-18,9906,9927,0.0
130,2026-01-19,9718,9398,0.0
130,2026-01-20,9302,9180,0.0
130,2026-01-21,9617,9493,0.0
130,2026-01-22,9413,9327,0.0
130,2026-01-23,9328,9334,0.0
130,2026-01-24,9586,9503,0.0
130,2026-01-25,9884,9683,0.0
130,2026-01-26,9497,9513,0.0
130,2026-01-27,9174,9155,0.0
130,2026-01-28,9426,9557,0.0
130,2026-01-29,10092,10004,0.0
130,2026-01-30,9686,9594,0.0
130,2026-01-31,10162,9775,0.0
130,2026-02-01,9769,9731,0.0
130,2026-02-02,9454,9497,0.0
130,2026-02-03,9420,9314,0.0
130,2026-02-04,9230,9214,0.0
130,2026-02-05,9520,9503,0.0
131,2025-11-14,9917,10052,0.0
131,2025-11-15,10771,10769,0.0
131,2025-11-16,11066,11046,0.0
131,2025-11-17,11050,10950,0.0
131,2025-11-18,10022,10112,0.0
131,2025-11-19,11321,11064,0.0
131,2025-11-20,11412,11022,0.0
131,2025-11-21,10518,10568,0.0
131,2025-11-22,10313,10543,0.0
131,2025-11-23,10561,10818,0.0
131,2025-11-24,10192,10224,0.0
131,2025-11-25,10956,10870,0.0
131,2025-11-26,9924,10126,0.0
131,2025-11-27,10155,10174,0.0
131,2025-11-28,10467,10666,0.0
131,2025-11-29,10166,10107,0.0
131,2025-11-30,11296,11080,0.0
131,2025-12-01,10629,10416,0.0
131,2025-12-02,10372,10613,0.0
131,2025-12-03,10866,10909,0.0
131,2025-12-04,10567,10563,0.0
131,2025-12-05,8215,10947,5.6
131,2025-12-06,10315,10635,0.0
131,2025-12-07,10412,10696,0.0
131,2025-12-08,10590,10390,0.0
131,2025-12-09,9941,10210,0.0
131,2025-12-10,10826,10941,0.0
131,2025-12-11,11057,11000,0.0
131,2025-12-12,11316,10964,0.0
131,2025-12-13,10267,10541,0.0
131,2025-12-14,10932,10574,0.0
131,2025-12-15,10384,10507,0.0
131,2025-12-16,10504,10105,0.0
131,2025-12-17,11099,11012,0.0
131,2025-12-18,9799,10098,0.0
131,2025-12-19,11091,10706,0.0
131,2025-12-20,9888,10151,0.0
131,2025-12-21,9911,10217,0.0
131,2025-12-22,11357,11064,0.0
131,2025-12-23,10396,10480,0.0
131,2025-12-24,10131,10412,0.0
131,2025-12-25,10812,10494,0.0
131,2025-12-26,9868,10075,0.0
131,2025-12-27,10939,10655,0.0
131,2025-12-28,10227,10540,0.0
131,2025-12-29,11020,10719,0.0
131,2025-12-30,10463,10358,0.0
131,2025-12-31,10462,10268,0.0
131,2026-01-01,10853,10580,0.0
131,2026-01-02,10344,10254,0.0
131,2026-01-03,10594,10657,0.0
131,2026-01-04,10182,10151,0.0
131,2026-01-05,10433,10688,0.0
131,2026-01-06,11445,11061,0.0
131,2026-01-07,10509,10597,0.0
131,2026-01-08,11104,10845,0.0
131,2026-01-09,10122,10191,0.0
131,2026-01-10,10627,10455,0.0
131,2026-01-11,10694,10971,0.0
131,2026-01-12,11207,10863,0.0
131,2026-01-13,10704,10835,0.0
131,2026-01-14,10927,10998,0.0
131,2026-01-15,10657,10939,0.0
131,2026-01-16,10821,10816,0.0
131,2026-01-17,10374,10260,0.0
131,2026-01-18,10216,10345,0.0
131,2026-01-19,10179,10349,0.0
131,2026-01-20,10704,10433,0.0
131,2026-01-21,11422,11052,0.0
131,2026-01-22,10959,10599,0.0
131,2026-01-23,10604,10891,0.0
131,2026-01-24,10645,10444,0.0
131,2026-01-25,10047,10113,0.0
131,2026-01-26,10424,10625,0.0
131,2026-01-27,9769,10065,0.0
131,2026-01-28,10714,10371,0.0
131,2026-01-29,10500,10355,0.0
131,2026-01-30,6316,10275,8.9
131,2026-01-31,10935,10517,0.0
131,2026-02-01,10632,10663,0.0
131,2026-02-02,10661,10879,0.0
131,2026-02-03,10452,10440,0.0
131,2026-02-04,10509,10698,0.0
131,2026-02-05,11147,10999,0.0
132,2025-11-14,29109,29343,0.0
132,2025-11-15,29070,29401,0.0
132,2025-11-16,30088,29563,0.0
132,2025-11-17,29560,28630,0.0
132,2025-11-18,28784,29290,0.0
132,2025-11-19,30017,29287,0.0
132,2025-11-20,29314,29461,0.0
132,2025-11-21,28320,29174,0.0
132,2025-11-22,29387,28722,0.0
132,2025-11-23,26920,27652,0.0
132,2025-11-24,28995,29182,0.0
132,2025-11-25,30334,29305,0.0
132,2025-11-26,28833,28999,0.0
132,2025-11-27,28920,28408,0.0
132,2025-11-28,29283,29260,0.0
132,2025-11-29,27812,27986,0.0
132,2025-11-30,28319,29103,0.0
132,2025-12-01,27354,27999,0.0
132,2025-12-02,26665,27116,0.0
132,2025-12-03,27204,26891,0.0
132,2025-12-04,28694,28845,0.0
132,2025-12-05,29055,28565,0.0
132,2025-12-06,29600,28629,0.0
132,2025-12-07,27642,26888,0.0
132,2025-12-08,28631,27563,0.0
132,2025-12-09,27837,27361,0.0
132,2025-12-10,28532,28783,0.0
132,2025-12-11,28817,29279,0.0
132,2025-12-12,26935,27533,0.0
132,2025-12-13,26272,26841,0.0
132,2025-12-14,26477,26880,0.0
132,2025-12-15,29867,29490,0.0
132,2025-12-16,26682,26955,0.0
132,2025-12-17,28222,28479,0.0
132,2025-12-18,26733,27375,0.0
132,2025-12-19,29693,29232,0.0
132,2025-12-20,27601,27243,0.0
132,2025-12-21,27953,27727,0.0
132,2025-12-22,29972,29313,0.0
132,2025-12-23,28210,27711,0.0
132,2025-12-24,27097,27844,0.0
132,2025-12-25,27127,27900,0.0
132,2025-12-26,29521,29401,0.0
132,2025-12-27,26026,26806,0.0
132,2025-12-28,29700,29407,0.0
132,2025-12-29,29245,28294,0.0
132,2025-12-30,27149,27841,0.0
132,2025-12-31,27512,27492,0.0
132,2026-01-01,29990,29274,0.0
132,2026-01-02,29281,28163,0.0
132,2026-01-03,27609,27105,0.0
132,2026-01-04,28248,27365,0.0
132,2026-01-05,28662,29141,0.0
132,2026-01-06,28475,28720,0.0
132,2026-01-07,30318,29179,0.0
132,2026-01-08,27062,27858,0.0
132,2026-01-09,28949,28889,0.0
132,2026-01-10,28503,27693,0.0
132,2026-01-11,26404,27205,0.0
132,2026-01-12,26631,26783,0.0
132,2026-01-13,29660,29527,0.0
132,2026-01-14,26898,27118,0.0
132,2026-01-15,27484,27557,0.0
132,2026-01-16,27528,27469,0.0
132,2026-01-17,28826,28520,0.0
132,2026-01-18,28827,28365,0.0
132,2026-01-19,28039,27368,0.0
132,2026-01-20,27282,27684,0.0
132,2026-01-21,26169,26795,0.0
132,2026-01-22,29073,28361,0.0
132,2026-01-23,29704,29265,0.0
132,2026-01-24,27655,26883,0.0
132,2026-01-25,28177,28546,0.0
132,2026-01-26,29368,28317,0.0
132,2026-01-27,27436,27465,0.0
132,2026-01-28,28399,29248,0.0
132,2026-01-29,27225,27833,0.0
132,2026-01-30,29021,28990,0.0
132,2026-01-31,27121,26770,0.0
132,2026-02-01,28600,27694,0.0
132,2026-02-02,30443,29321,0.0
132,2026-02-03,29026,29220,0.0
132,2026-02-04,29248,28977,0.0
132,2026-02-05,27883,27662,0.0
133,2025-11-14,19505,19320,0.0
133,2025-11-15,20050,20419,0.0
133,2025-11-16,20040,19571,0.0
133,2025-11-17,19364,19410,0.0
133,2025-11-18,20359,19785,0.0
133,2025-11-19,19814,19307,0.0
133,2025-11-20,19736,20334,0.0
133,2025-11-21,19694,19655,0.0
133,2025-11-22,19130,19460,0.0
133,2025-11-23,21528,20724,0.0
133,2025-11-24,19558,19201,0.0
133,2025-11-25,19820,19178,0.0
133,2025-11-26,21165,20628,0.0
133,2025-11-27,20158,20449,0.0
133,2025-11-28,18754,19326,0.0
133,2025-11-29,19651,19285,0.0
133,2025-11-30,20470,20162,0.0
133,2025-12-01,19393,19084,0.0
133,2025-12-02,20664,19995,0.0
133,2025-12-03,19664,20092,0.0
133,2025-12-04,19037,18958,0.0
133,2025-12-05,19054,19138,0.0
133,2025-12-06,18740,19173,0.0
133,2025-12-07,20028,20017,0.0
133,2025-12-08,19911,20047,0.0
133,2025-12-09,21143,20706,0.0
133,2025-12-10,20069,19874,0.0
133,2025-12-11,20017,19283,0.0
133,2025-12-12,20072,19711,0.0
133,2025-12-13,20488,20363,0.0
133,2025-12-14,20952,20491,0.0
133,2025-12-15,20584,19904,0.0
133,2025-12-16,20823,20344,0.0
133,2025-12-17,19656,19083,0.0
133,2025-12-18,20940,20163,0.0
133,2025-12-19,20363,20762,0.0
133,2025-12-20,19361,19293,0.0
133,2025-12-21,19721,19611,0.0
133,2025-12-22,21333,20677,0.0
133,2025-12-23,21270,20935,0.0
133,2025-12-24,19975,20390,0.0
133,2025-12-25,19015,18952,0.0
133,2025-12-26,19035,19376,0.0
133,2025-12-27,19022,19203,0.0
133,2025-12-28,21631,20903,0.0
133,2025-12-29,20407,20835,0.0
133,2025-12-30,18631,19126,0.0
133,2025-12-31,20699,20919,0.0
133,2026-01-01,20731,20408,0.0
133,2026-01-02,21382,20665,0.0
133,2026-01-03,19507,19081,0.0
133,2026-01-04,21653,20857,0.0
133,2026-01-05,20579,20367,0.0
133,2026-01-06,20679,20292,0.0
133,2026-01-07,20853,20415,0.0
133,2026-01-08,19788,20214,0.0
133,2026-01-09,20252,19502,0.0
133,2026-01-10,19632,19247,0.0
133,2026-01-11,19779,19210,0.0
133,2026-01-12,19680,19666,0.0
133,2026-01-13,21050,20336,0.0
133,2026-01-14,19244,19693,0.0
133,2026-01-15,20400,20741,0.0
133,2026-01-16,20414,19953,0.0
133,2026-01-17,20701,20717,0.0
133,2026-01-18,19709,19739,0.0
133,2026-01-19,20289,20913,0.0
133,2026-01-20,19846,20376,0.0
133,2026-01-21,21056,20814,0.0
133,2026-01-22,19881,19866,0.0
133,2026-01-23,20071,20115,0.0
133,2026-01-24,19644,19397,0.0
133,2026-01-25,20795,20313,0.0
133,2026-01-26,21251,20925,0.0
133,2026-01-27,19829,20311,0.0
133,2026-01-28,21463,20901,0.0
133,2026-01-29,19059,19545,0.0
133,2026-01-30,19612,19031,0.0
133,2026-01-31,20836,20110,0.0
133,2026-02-01,20099,19384,0.0
133,2026-02-02,19692,19007,0.0
133,2026-02-03,20611,20875,0.0
133,2026-02-04,19653,19500,0.0
133,2026-02-05,19995,19731,0.0
134,2025-11-14,55603,56989,0.0
134,2025-11-15,52259,52292,0.0
134,2025-11-16,56987,57078,0.0
134,2025-11-17,57501,57545,0.0
134,2025-11-18,59132,57035,0.0
134,2025-11-19,53638,54380,0.0
134,2025-11-20,57196,56635,0.0
134,2025-11-21,53981,55409,0.0
134,2025-11-22,55203,53866,0.0
134,2025-11-23,56409,54367,0.0
134,2025-11-24,55964,56448,0.0
134,2025-11-25,54630,54104,0.0
134,2025-11-26,53788,53134,0.0
134,2025-11-27,55922,54333,0.0
134,2025-11-28,54196,52701,0.0
134,2025-11-29,55849,56534,0.0
134,2025-11-30,58210,56276,0.0
134,2025-12-01,54453,53977,0.0
134,2025-12-02,53783,55044,0.0
134,2025-12-03,54110,52431,0.0
134,2025-12-04,57501,55480,0.0
134,2025-12-05,54350,55638,0.0
134,2025-12-06,57025,56196,0.0
134,2025-12-07,56935,55831,0.0
134,2025-12-08,53246,53427,0.0
134,2025-12-09,58596,57092,0.0
134,2025-12-10,55772,53763,0.0
134,2025-12-11,59217,57101,0.0
134,2025-12-12,53271,53511,0.0
134,2025-12-13,59526,57433,0.0
134,2025-12-14,53602,52641,0.0
134,2025-12-15,55643,55889,0.0
134,2025-12-16,55986,57602,0.0
134,2025-12-17,46756,56493,0.0
134,2025-12-18,45361,55925,0.0
134,2025-12-19,44692,54421,0.0
134,2025-12-20,46936,57658,0.0
134,2025-12-21,47814,57250,0.0
134,2025-12-22,43978,57530,0.0
134,2025-12-23,46082,57662,0.0
134,2025-12-24,43976,56217,0.0
134,2025-12-25,44292,56650,0.0
134,2025-12-26,44004,52910,0.0
134,2025-12-27,40437,52336,0.0
134,2025-12-28,40326,54040,0.0
134,2025-12-29,46152,57381,0.0
134,2025-12-30,43812,53234,0.0
134,2025-12-31,42914,56538,0.0
134,2026-01-01,42117,53875,0.0
134,2026-01-02,43320,57286,0.0
134,2026-01-03,27542,53532,8.0
134,2026-01-04,42371,52867,0.0
134,2026-01-05,42919,56687,0.0
134,2026-01-06,31377,55207,6.3
134,2026-01-07,43573,53080,0.0
134,2026-01-08,42732,56484,0.0
134,2026-01-09,43392,56664,0.0
134,2026-01-10,43812,55830,0.0
134,2026-01-11,43210,57202,0.0
134,2026-01-12,41728,55763,0.0
134,2026-01-13,43700,55132,0.0
134,2026-01-14,43654,57337,0.0
134,2026-01-15,32330,57250,6.8
134,2026-01-16,41398,53364,0.0
134,2026-01-17,45476,56277,0.0
134,2026-01-18,45649,54993,0.0
134,2026-01-19,43134,55954,0.0
134,2026-01-20,41889,52833,0.0
134,2026-01-21,47721,56995,0.0
134,2026-01-22,45365,56015,0.0
134,2026-01-23,43794,56293,0.0
134,2026-01-24,45536,54758,0.0
134,2026-01-25,44008,55963,0.0
134,2026-01-26,39907,52233,0.0
134,2026-01-27,42649,56762,0.0
134,2026-01-28,43632,54177,0.0
134,2026-01-29,43431,55166,0.0
134,2026-01-30,27614,55068,8.5
134,2026-01-31,42895,57276,0.0
134,2026-02-01,45564,56224,0.0
134,2026-02-02,40222,56868,2.5
134,2026-02-03,43649,55536,0.0
134,2026-02-04,45256,56566,0.0
134,2026-02-05,41681,54402,0.0
135,2025-11-14,10081,9822,0.0
135,2025-11-15,9353,9311,0.0
135,2025-11-16,9014,9270,0.0
135,2025-11-17,9452,9486,0.0
135,2025-11-18,9841,9652,0.0
135,2025-11-19,9999,10026,0.0
135,2025-11-20,9499,9774,0.0
135,2025-11-21,9861,9761,0.0
135,2025-11-22,9426,9390,0.0
135,2025-11-23,9312,9513,0.0
135,2025-11-24,10080,9950,0.0
135,2025-11-25,10107,9811,0.0
135,2025-11-26,9608,9296,0.0
135,2025-11-27,9630,9821,0.0
135,2025-11-28,9625,9372,0.0
135,2025-11-29,10145,10014,0.0
135,2025-11-30,9435,9321,0.0
135,2025-12-01,9876,9975,0.0
135,2025-12-02,10133,9951,0.0
135,2025-12-03,9598,9367,0.0
135,2025-12-04,9228,9277,0.0
135,2025-12-05,9233,9237,0.0
135,2025-12-06,9135,9186,0.0
135,2025-12-07,10004,10027,0.0
135,2025-12-08,9677,9595,0.0
135,2025-12-09,9583,9528,0.0
135,2025-12-10,10126,10078,0.0
135,2025-12-11,10163,9930,0.0
135,2025-12-12,9608,9346,0.0
135,2025-12-13,8916,9167,0.0
135,2025-12-14,9332,9535,0.0
135,2025-12-15,9915,9967,0.0
135,2025-12-16,9953,9686,0.0
135,2025-12-17,10006,9691,0.0
135,2025-12-18,10172,10080,0.0
135,2025-12-19,10276,10081,0.0
135,2025-12-20,9962,9918,0.0
135,2025-12-21,10183,10042,0.0
135,2025-12-22,9893,9668,0.0
135,2025-12-23,9427,9541,0.0
135,2025-12-24,9425,9579,0.0
135,2025-12-25,9185,9293,0.0
135,2025-12-26,10470,10082,0.0
135,2025-12-27,10491,10100,0.0
135,2025-12-28,9121,9308,0.0
135,2025-12-29,9350,9169,0.0
135,2025-12-30,9518,9738,0.0
135,2025-12-31,9187,9301,0.0
135,2026-01-01,9889,9799,0.0
135,2026-01-02,9505,9302,0.0
135,2026-01-03,10381,10108,0.0
135,2026-01-04,9462,9330,0.0
135,2026-01-05,9697,9494,0.0
135,2026-01-06,9086,9329,0.0
135,2026-01-07,10435,10110,0.0
135,2026-01-08,9450,9511,0.0
135,2026-01-09,9275,9528,0.0
135,2026-01-10,10041,9765,0.0
135,2026-01-11,10191,9986,0.0
135,2026-01-12,9848,9977,0.0
135,2026-01-13,9003,9206,0.0
135,2026-01-14,9894,9917,0.0
135,2026-01-15,9843,9950,0.0
135,2026-01-16,9508,9798,0.0
135,2026-01-17,9555,9691,0.0
135,2026-01-18,9190,9271,0.0
135,2026-01-19,9382,9296,0.0
135,2026-01-20,9518,9222,0.0
135,2026-01-21,9546,9321,0.0
135,2026-01-22,9799,9643,0.0
135,2026-01-23,9443,9538,0.0
135,2026-01-24,9945,9847,0.0
135,2026-01-25,9677,9525,0.0
135,2026-01-26,9344,9420,0.0
135,2026-01-27,9532,9501,0.0
135,2026-01-28,9108,9223,0.0
135,2026-01-29,9582,9756,0.0
135,2026-01-30,9002,9236,0.0
135,2026-01-31,9772,9411,0.0
135,2026-02-01,9647,9891,0.0
135,2026-02-02,9633,9471,0.0
135,2026-02-03,9595,9702,0.0
135,2026-02-04,9872,9708,0.0
135,2026-02-05,10064,10102,0.0
136,2025-11-14,6397,6326,0.0
136,2025-11-15,6582,6551,0.0
136,2025-11-16,6381,6550,0.0
136,2025-11-17,6213,6051,0.0
136,2025-11-18,6538,6660,0.0
136,2025-11-19,6186,6085,0.0
136,2025-11-20,6549,6355,0.0
136,2025-11-21,6327,6460,0.0
136,2025-11-22,5967,6086,0.0
136,2025-11-23,6095,6194,0.0
136,2025-11-24,6748,6615,0.0
136,2025-11-25,6419,6334,0.0
136,2025-11-26,6389,6328,0.0
136,2025-11-27,6464,6647,0.0
136,2025-11-28,6106,6087,0.0
136,2025-11-29,6605,6607,0.0
136,2025-11-30,6456,6547,0.0
136,2025-12-01,6396,6157,0.0
136,2025-12-02,6291,6287,0.0
136,2025-12-03,6480,6332,0.0
136,2025-12-04,6365,6406,0.0
136,2025-12-05,6480,6435,0.0
136,2025-12-06,6404,6307,0.0
136,2025-12-07,6358,6445,0.0
136,2025-12-08,6341,6441,0.0
136,2025-12-09,6688,6622,0.0
136,2025-12-10,6283,6169,0.0
136,2025-12-11,6518,6440,0.0
136,2025-12-12,6215,6236,0.0
136,2025-12-13,6187,6365,0.0
136,2025-12-14,6539,6407,0.0
136,2025-12-15,6147,6188,0.0
136,2025-12-16,6018,6140,0.0
136,2025-12-17,6332,6263,0.0
136,2025-12-18,6083,6261,0.0
136,2025-12-19,6377,6213,0.0
136,2025-12-20,6380,6446,0.0
136,2025-12-21,6381,6220,0.0
136,2025-12-22,5891,6071,0.0
136,2025-12-23,6520,6655,0.0
136,2025-12-24,6249,6234,0.0
136,2025-12-25,6577,6524,0.0
136,2025-12-26,6258,6229,0.0
136,2025-12-27,6334,6326,0.0
136,2025-12-28,6582,6638,0.0
136,2025-12-29,6163,6167,0.0
136,2025-12-30,6515,6311,0.0
136,2025-12-31,6447,6203,0.0
136,2026-01-01,6012,6054,0.0
136,2026-01-02,6159,6240,0.0
136,2026-01-03,6076,6166,0.0
136,2026-01-04,6355,6285,0.0
136,2026-01-05,6242,6311,0.0
136,2026-01-06,6227,6335,0.0
136,2026-01-07,6439,6601,0.0
136,2026-01-08,6327,6267,0.0
136,2026-01-09,6342,6281,0.0
136,2026-01-10,6025,6071,0.0
136,2026-01-11,6310,6336,0.0
136,2026-01-12,6088,6273,0.0
136,2026-01-13,6233,6376,0.0
136,2026-01-14,6483,6468,0.0
136,2026-01-15,6188,6189,0.0
136,2026-01-16,6086,6239,0.0
136,2026-01-17,6311,6373,0.0
136,2026-01-18,6767,6574,0.0
136,2026-01-19,6578,6428,0.0
136,2026-01-20,6184,6219,0.0
136,2026-01-21,6296,6197,0.0
136,2026-01-22,6767,6519,0.0
136,2026-01-23,6845,6638,0.0
136,2026-01-24,6120,6180,0.0
136,2026-01-25,6667,6539,0.0
136,2026-01-26,6392,6234,0.0
136,2026-01-27,6264,6402,0.0
136,2026-01-28,6270,6195,0.0
136,2026-01-29,6652,6570,0.0
136,2026-01-30,6428,6204,0.0
136,2026-01-31,6286,6221,0.0
136,2026-02-01,6274,6211,0.0
136,2026-02-02,6042,6050,0.0
136,2026-02-03,6724,6572,0.0
136,2026-02-04,6264,6148,0.0
136,2026-02-05,6325,6417,0.0
137,2025-11-14,3148,3133,0.0
137,2025-11-15,3395,3327,0.0
137,2025-11-16,3230,3279,0.0
137,2025-11-17,3389,3300,0.0
137,2025-11-18,3385,3281,0.0
137,2025-11-19,3234,3124,0.0
137,2025-11-20,3341,3406,0.0
137,2025-11-21,3472,3339,0.0
137,2025-11-22,3114,3111,0.0
137,2025-11-23,3310,3371,0.0
137,2025-11-24,3322,3247,0.0
137,2025-11-25,3338,3368,0.0
137,2025-11-26,3166,3185,0.0
137,2025-11-27,3289,3226,0.0
137,2025-11-28,3330,3352,0.0
137,2025-11-29,3274,3344,0.0
137,2025-11-30,3009,3094,0.0
137,2025-12-01,3246,3276,0.0
137,2025-12-02,3309,3215,0.0
137,2025-12-03,3242,3327,0.0
137,2025-12-04,3064,3109,0.0
137,2025-12-05,3287,3383,0.0
137,2025-12-06,3223,3126,0.0
137,2025-12-07,3235,3158,0.0
137,2025-12-08,3297,3200,0.0
137,2025-12-09,3199,3207,0.0
137,2025-12-10,3281,3219,0.0
137,2025-12-11,3179,3201,0.0
137,2025-12-12,3301,3245,0.0
137,2025-12-13,3295,3397,0.0
137,2025-12-14,3235,3117,0.0
137,2025-12-15,3194,3162,0.0
137,2025-12-16,3237,3321,0.0
137,2025-12-17,3180,3153,0.0
137,2025-12-18,3280,3220,0.0
137,2025-12-19,3069,3115,0.0
137,2025-12-20,3385,3270,0.0
137,2025-12-21,3073,3158,0.0
137,2025-12-22,3254,3153,0.0
137,2025-12-23,3389,3395,0.0
137,2025-12-24,3169,3102,0.0
137,2025-12-25,3151,3192,0.0
137,2025-12-26,3146,3177,0.0
137,2025-12-27,3077,3126,0.0
137,2025-12-28,3277,3307,0.0
137,2025-12-29,3290,3226,0.0
137,2025-12-30,3383,3311,0.0
137,2025-12-31,3398,3345,0.0
137,2026-01-01,3124,3100,0.0
137,2026-01-02,3414,3385,0.0
137,2026-01-03,3309,3193,0.0
137,2026-01-04,3198,3137,0.0
137,2026-01-05,3312,3215,0.0
137,2026-01-06,3140,3107,0.0
137,2026-01-07,3409,3304,0.0
137,2026-01-08,3460,3408,0.0
137,2026-01-09,3186,3184,0.0
137,2026-01-10,3160,3152,0.0
137,2026-01-11,3072,3159,0.0
137,2026-01-12,3117,3142,0.0
137,2026-01-13,3374,3349,0.0
137,2026-01-14,3092,3106,0.0
137,2026-01-15,3211,3273,0.0
137,2026-01-16,3345,3229,0.0
137,2026-01-17,3216,3237,0.0
137,2026-01-18,3353,3375,0.0
137,2026-01-19,3251,3143,0.0
137,2026-01-20,3209,3261,0.0
137,2026-01-21,3284,3349,0.0
137,2026-01-22,3005,3096,0.0
137,2026-01-23,3255,3278,0.0
137,2026-01-24,3087,3158,0.0
137,2026-01-25,3007,3098,0.0
137,2026-01-26,3171,3224,0.0
137,2026-01-27,3332,3330,0.0
137,2026-01-28,3311,3384,0.0
137,2026-01-29,3289,3210,0.0
137,2026-01-30,3321,3234,0.0
137,2026-01-31,3343,3344,0.0
137,2026-02-01,3244,3204,0.0
137,2026-02-02,3257,3172,0.0
137,2026-02-03,3218,3148,0.0
137,2026-02-04,3207,3160,0.0
137,2026-02-05,3301,3385,0.0
138,2025-11-14,4603,4453,0.0
138,2025-11-15,4283,4246,0.0
138,2025-11-16,4252,4235,0.0
138,2025-11-17,4379,4445,0.0
138,2025-11-18,4344,4191,0.0
138,2025-11-19,4172,4262,0.0
138,2025-11-20,4441,4556,0.0
138,2025-11-21,4503,4456,0.0
138,2025-11-22,4647,4469,0.0
138,2025-11-23,4340,4446,0.0
138,2025-11-24,4584,4421,0.0
138,2025-11-25,4069,4156,0.0
138,2025-11-26,4307,4324,0.0
138,2025-11-27,4448,4313,0.0
138,2025-11-28,4545,4421,0.0
138,2025-11-29,4487,4451,0.0
138,2025-11-30,4661,4495,0.0
138,2025-12-01,4424,4410,0.0
138,2025-12-02,4512,4492,0.0
138,2025-12-03,4399,4404,0.0
138,2025-12-04,4668,4540,0.0
138,2025-12-05,4174,4248,0.0
138,2025-12-06,4398,4412,0.0
138,2025-12-07,4449,4513,0.0
138,2025-12-08,4479,4476,0.0
138,2025-12-09,4209,4198,0.0
138,2025-12-10,4562,4538,0.0
138,2025-12-11,4196,4271,0.0
138,2025-12-12,4425,4549,0.0
138,2025-12-13,4388,4283,0.0
138,2025-12-14,4355,4366,0.0
138,2025-12-15,4621,4531,0.0
138,2025-12-16,4284,4197,0.0
138,2025-12-17,4188,4242,0.0
138,2025-12-18,4309,4383,0.0
138,2025-12-19,4639,4479,0.0
138,2025-12-20,4074,4170,0.0
138,2025-12-21,4346,4185,0.0
138,2025-12-22,4365,4357,0.0
138,2025-12-23,4226,4284,0.0
138,2025-12-24,4392,4314,0.0
138,2025-12-25,4550,4400,0.0
138,2025-12-26,4597,4521,0.0
138,2025-12-27,4473,4331,0.0
138,2025-12-28,4372,4492,0.0
138,2025-12-29,4109,4149,0.0
138,2025-12-30,4290,4231,0.0
138,2025-12-31,4096,4178,0.0
138,2026-01-01,4569,4402,0.0
138,2026-01-02,4289,4211,0.0
138,2026-01-03,4484,4519,0.0
138,2026-01-04,4450,4348,0.0
138,2026-01-05,4119,4195,0.0
138,2026-01-06,4321,4302,0.0
138,2026-01-07,4177,4229,0.0
138,2026-01-08,4211,4204,0.0
138,2026-01-09,4238,4259,0.0
138,2026-01-10,4211,4297,0.0
138,2026-01-11,4257,4273,0.0
138,2026-01-12,4507,4390,0.0
138,2026-01-13,4571,4503,0.0
138,2026-01-14,4148,4218,0.0
138,2026-01-15,4530,4435,0.0
138,2026-01-16,4335,4221,0.0
138,2026-01-17,4223,4265,0.0
138,2026-01-18,4637,4496,0.0
138,2026-01-19,4459,4499,0.0
138,2026-01-20,4415,4394,0.0
138,2026-01-21,4281,4138,0.0
138,2026-01-22,4494,4483,0.0
138,2026-01-23,4170,4296,0.0
138,2026-01-24,4546,4467,0.0
138,2026-01-25,3113,4164,0.0
138,2026-01-26,3223,4270,0.0
138,2026-01-27,3275,4328,0.0
138,2026-01-28,3153,4439,0.0
138,2026-01-29,3039,4319,0.0
138,2026-01-30,3133,4203,0.0
138,2026-01-31,3407,4456,0.0
138,2026-02-01,3077,4250,0.0
138,2026-02-02,3164,4350,0.0
138,2026-02-03,3011,4207,0.0
138,2026-02-04,3362,4380,0.0
138,2026-02-05,2872,4168,0.0
139,2025-11-14,15740,15773,0.0
139,2025-11-15,15552,15871,0.0
139,2025-11-16,15065,15500,0.0
139,2025-11-17,15483,15169,0.0
139,2025-11-18,15278,15105,0.0
139,2025-11-19,16158,16279,0.0
139,2025-11-20,16111,15566,0.0
139,2025-11-21,15421,15850,0.0
139,2025-11-22,15838,15965,0.0
139,2025-11-23,15449,15286,0.0
139,2025-11-24,15765,15971,0.0
139,2025-11-25,16363,15935,0.0
139,2025-11-26,15613,15899,0.0
139,2025-11-27,15972,16121,0.0
139,2025-11-28,15327,15599,0.0
139,2025-11-29,15569,15963,0.0
139,2025-11-30,15167,14963,0.0
139,2025-12-01,15713,15454,0.0
139,2025-12-02,15794,16058,0.0
139,2025-12-03,15539,15766,0.0
139,2025-12-04,15432,14989,0.0
139,2025-12-05,16424,16259,0.0
139,2025-12-06,16032,16265,0.0
139,2025-12-07,15523,15930,0.0
139,2025-12-08,14891,15159,0.0
139,2025-12-09,15746,15192,0.0
139,2025-12-10,15701,16098,0.0
139,2025-12-11,16447,16353,0.0
139,2025-12-12,15163,15506,0.0
139,2025-12-13,15304,15605,0.0
139,2025-12-14,15692,15705,0.0
139,2025-12-15,16294,16325,0.0
139,2025-12-16,15476,15836,0.0
139,2025-12-17,15442,15333,0.0
139,2025-12-18,15651,15533,0.0
139,2025-12-19,16730,16099,0.0
139,2025-12-20,16436,15979,0.0
139,2025-12-21,15111,15531,0.0
139,2025-12-22,15865,15710,0.0
139,2025-12-23,16166,15616,0.0
139,2025-12-24,15407,15305,0.0
139,2025-12-25,15310,15435,0.0
139,2025-12-26,15865,15530,0.0
139,2025-12-27,16375,16406,0.0
139,2025-12-28,15377,15409,0.0
139,2025-12-29,16208,15857,0.0
139,2025-12-30,15578,15263,0.0
139,2025-12-31,15338,15096,0.0
139,2026-01-01,16052,16382,0.0
139,2026-01-02,15606,15202,0.0
139,2026-01-03,14701,14948,0.0
139,2026-01-04,15266,14992,0.0
139,2026-01-05,15033,15318,0.0
139,2026-01-06,16205,16449,0.0
139,2026-01-07,15522,15684,0.0
139,2026-01-08,16397,16303,0.0
139,2026-01-09,16405,16020,0.0
139,2026-01-10,15313,15661,0.0
139,2026-01-11,15359,15162,0.0
139,2026-01-12,16212,15845,0.0
139,2026-01-13,16068,15884,0.0
139,2026-01-14,15909,15748,0.0
139,2026-01-15,15973,15728,0.0
139,2026-01-16,15817,16076,0.0
139,2026-01-17,14828,15265,0.0
139,2026-01-18,15568,15565,0.0
139,2026-01-19,16438,16091,0.0
139,2026-01-20,15310,15019,0.0
139,2026-01-21,15143,15230,0.0
139,2026-01-22,15160,15450,0.0
139,2026-01-23,15339,15217,0.0
139,2026-01-24,15067,15426,0.0
139,2026-01-25,15759,16193,0.0
139,2026-01-26,16132,16313,0.0
139,2026-01-27,16304,15785,0.0
139,2026-01-28,15016,15479,0.0
139,2026-01-29,16672,16374,0.0
139,2026-01-30,16348,15888,0.0
139,2026-01-31,16064,15808,0.0
139,2026-02-01,15207,15015,0.0
139,2026-02-02,15981,16016,0.0
139,2026-02-03,15349,15639,0.0
139,2026-02-04,15312,15304,0.0
139,2026-02-05,16016,16246,0.0
140,2025-11-14,11313,10884,0.0
140,2025-11-15,11686,11335,0.0
140,2025-11-16,11502,11537,0.0
140,2025-11-17,11298,10893,0.0
140,2025-11-18,11705,11661,0.0
140,2025-11-19,10762,11029,0.0
140,2025-11-20,11109,11360,0.0
140,2025-11-21,11654,11562,0.0
140,2025-11-22,11412,11103,0.0
140,2025-11-23,10745,10769,0.0
140,2025-11-24,10998,10994,0.0
140,2025-11-25,10912,10653,0.0
140,2025-11-26,10557,10826,0.0
140,2025-11-27,10886,10828,0.0
140,2025-11-28,11834,11456,0.0
140,2025-11-29,11186,11407,0.0
140,2025-11-30,11809,11472,0.0
140,2025-12-01,11491,11659,0.0
140,2025-12-02,11350,11325,0.0
140,2025-12-03,11580,11244,0.0
140,2025-12-04,11619,11704,0.0
140,2025-12-05,11683,11437,0.0
140,2025-12-06,11637,11656,0.0
140,2025-12-07,10806,10758,0.0
140,2025-12-08,11189,11499,0.0
140,2025-12-09,11816,11578,0.0
140,2025-12-10,11155,11364,0.0
140,2025-12-11,11635,11238,0.0
140,2025-12-12,11910,11564,0.0
140,2025-12-13,10599,10736,0.0
140,2025-12-14,11093,11332,0.0
140,2025-12-15,11181,10783,0.0
140,2025-12-16,11822,11431,0.0
140,2025-12-17,11256,11317,0.0
140,2025-12-18,11368,11250,0.0
140,2025-12-19,11283,11429,0.0
140,2025-12-20,11148,11210,0.0
140,2025-12-21,10899,10671,0.0
140,2025-12-22,11703,11473,0.0
140,2025-12-23,11286,11075,0.0
140,2025-12-24,11790,11574,0.0
140,2025-12-25,11592,11508,0.0
140,2025-12-26,11190,11049,0.0
140,2025-12-27,11110,10807,0.0
140,2025-12-28,11012,10997,0.0
140,2025-12-29,11348,11286,0.0
140,2025-12-30,11441,11037,0.0
140,2025-12-31,10800,10958,0.0
140,2026-01-01,11371,11366,0.0
140,2026-01-02,11749,11480,0.0
140,2026-01-03,11664,11302,0.0
140,2026-01-04,11290,11151,0.0
140,2026-01-05,10962,10812,0.0
140,2026-01-06,11273,11126,0.0
140,2026-01-07,11423,10993,0.0
140,2026-01-08,11561,11296,0.0
140,2026-01-09,10651,10676,0.0
140,2026-01-10,11186,11529,0.0
140,2026-01-11,11443,11421,0.0
140,2026-01-12,11333,11279,0.0
140,2026-01-13,11814,11606,0.0
140,2026-01-14,10850,10961,0.0
140,2026-01-15,11268,10869,0.0
140,2026-01-16,11358,11217,0.0
140,2026-01-17,11014,11113,0.0
140,2026-01-18,11442,11593,0.0
140,2026-01-19,11429,11358,0.0
140,2026-01-20,11295,11474,0.0
140,2026-01-21,11334,11250,0.0
140,2026-01-22,11418,10981,0.0
140,2026-01-23,10799,10683,0.0
140,2026-01-24,10559,10663,0.0
140,2026-01-25,11535,11395,0.0
140,2026-01-26,11160,11094,0.0
140,2026-01-27,11390,11734,0.0
140,2026-01-28,11394,11647,0.0
140,2026-01-29,10790,11099,0.0
140,2026-01-30,11094,10696,0.0
140,2026-01-31,11249,11272,0.0
140,2026-02-01,11025,10672,0.0
140,2026-02-02,11043,10955,0.0
140,2026-02-03,11367,11054,0.0
140,2026-02-04,10652,10900,0.0
140,2026-02-05,11357,11257,0.0
141,2025-11-14,6143,6089,0.0
141,2025-11-15,5920,5769,0.0
141,2025-11-16,6000,6053,0.0
141,2025-11-17,5988,5938,0.0
141,2025-11-18,5852,5729,0.0
141,2025-11-19,6342,6159,0.0
141,2025-11-20,5869,5819,0.0
141,2025-11-21,5754,5584,0.0
141,2025-11-22,6041,5838,0.0
141,2025-11-23,5560,5583,0.0
141,2025-11-24,5434,5602,0.0
141,2025-11-25,5770,5804,0.0
141,2025-11-26,5733,5635,0.0
141,2025-11-27,6226,6032,0.0
141,2025-11-28,5665,5694,0.0
141,2025-11-29,6340,6133,0.0
141,2025-11-30,5615,5632,0.0
141,2025-12-01,5837,5907,0.0
141,2025-12-02,6320,6150,0.0
141,2025-12-03,6202,6102,0.0
141,2025-12-04,5784,5839,0.0
141,2025-12-05,5863,6022,0.0
141,2025-12-06,6318,6111,0.0
141,2025-12-07,5979,5887,0.0
141,2025-12-08,5977,6091,0.0
141,2025-12-09,5739,5593,0.0
141,2025-12-10,5775,5695,0.0
141,2025-12-11,5955,5979,0.0
141,2025-12-12,5581,5734,0.0
141,2025-12-13,6075,6133,0.0
141,2025-12-14,5854,5928,0.0
141,2025-12-15,6013,5806,0.0
141,2025-12-16,5713,5776,0.0
141,2025-12-17,6102,6105,0.0
141,2025-12-18,6101,6113,0.0
141,2025-12-19,6013,6127,0.0
141,2025-12-20,6015,6037,0.0
141,2025-12-21,5642,5765,0.0
141,2025-12-22,5890,5926,0.0
141,2025-12-23,5830,5655,0.0
141,2025-12-24,6238,6026,0.0
141,2025-12-25,5973,6077,0.0
141,2025-12-26,5461,5580,0.0
141,2025-12-27,6039,6122,0.0
141,2025-12-28,5836,5748,0.0
141,2025-12-29,5873,5727,0.0
141,2025-12-30,6052,6104,0.0
141,2025-12-31,5693,5744,0.0
141,2026-01-01,5938,5794,0.0
141,2026-01-02,5748,5832,0.0
141,2026-01-03,5963,6073,0.0
141,2026-01-04,6049,5889,0.0
141,2026-01-05,5814,5862,0.0
141,2026-01-06,5518,5656,0.0
141,2026-01-07,5740,5779,0.0
141,2026-01-08,5849,5987,0.0
141,2026-01-09,6104,5925,0.0
141,2026-01-10,5550,5721,0.0
141,2026-01-11,5564,5684,0.0
141,2026-01-12,5941,6085,0.0
141,2026-01-13,6243,6032,0.0
141,2026-01-14,5951,6032,0.0
141,2026-01-15,6021,6144,0.0
141,2026-01-16,5851,5825,0.0
141,2026-01-17,5886,5952,0.0
141,2026-01-18,6063,5938,0.0
141,2026-01-19,6046,5993,0.0
141,2026-01-20,5722,5766,0.0
141,2026-01-21,5864,5968,0.0
141,2026-01-22,5959,6069,0.0
141,2026-01-23,5956,6079,0.0
141,2026-01-24,5513,5643,0.0
141,2026-01-25,5892,5862,0.0
141,2026-01-26,5914,5838,0.0
141,2026-01-27,5953,6113,0.0
141,2026-01-28,5990,5949,0.0
141,2026-01-29,5899,5927,0.0
141,2026-01-30,5772,5842,0.0
141,2026-01-31,5646,5710,0.0
141,2026-02-01,5676,5701,0.0
141,2026-02-02,5888,5750,0.0
141,2026-02-03,6192,6005,0.0
141,2026-02-04,5919,5749,0.0
141,2026-02-05,6242,6071,0.0
142,2025-11-14,8878,9075,0.0
142,2025-11-15,9614,9434,0.0
142,2025-11-16,8804,8786,0.0
142,2025-11-17,9361,9095,0.0
142,2025-11-18,8519,8760,0.0
142,2025-11-19,8628,8579,0.0
142,2025-11-20,8881,9029,0.0
142,2025-11-21,9334,9339,0.0
142,2025-11-22,8512,8733,0.0
142,2025-11-23,9271,9021,0.0
142,2025-11-24,8821,8716,0.0
142,2025-11-25,9334,9014,0.0
142,2025-11-26,9403,9353,0.0
142,2025-11-27,9296,9053,0.0
142,2025-11-28,8662,8709,0.0
142,2025-11-29,8799,8729,0.0
142,2025-11-30,8961,9052,0.0
142,2025-12-01,9011,9168,0.0
142,2025-12-02,8592,8662,0.0
142,2025-12-03,9084,8920,0.0
142,2025-12-04,8990,8744,0.0
142,2025-12-05,8694,8756,0.0
142,2025-12-06,9506,9258,0.0
142,2025-12-07,8774,9013,0.0
142,2025-12-08,9143,8873,0.0
142,2025-12-09,8877,8721,0.0
142,2025-12-10,8802,8896,0.0
142,2025-12-11,8768,8983,0.0
142,2025-12-12,9598,9392,0.0
142,2025-12-13,9012,8910,0.0
142,2025-12-14,9773,9441,0.0
142,2025-12-15,9152,9285,0.0
142,2025-12-16,8910,9096,0.0
142,2025-12-17,8784,8891,0.0
142,2025-12-18,9012,8788,0.0
142,2025-12-19,8886,8599,0.0
142,2025-12-20,9180,9079,0.0
142,2025-12-21,8344,8585,0.0
142,2025-12-22,8846,9088,0.0
142,2025-12-23,8702,8757,0.0
142,2025-12-24,9098,9368,0.0
142,2025-12-25,9427,9168,0.0
142,2025-12-26,8584,8638,0.0
142,2025-12-27,8868,9087,0.0
142,2025-12-28,8958,8814,0.0
142,2025-12-29,9047,9138,0.0
142,2025-12-30,9190,9215,0.0
142,2025-12-31,9071,9017,0.0
142,2026-01-01,9523,9398,0.0
142,2026-01-02,9367,9106,0.0
142,2026-01-03,8904,8886,0.0
142,2026-01-04,9202,9372,0.0
142,2026-01-05,9212,9250,0.0
142,2026-01-06,9163,9124,0.0
142,2026-01-07,9323,9231,0.0
142,2026-01-08,8828,9019,0.0
142,2026-01-09,8883,9085,0.0
142,2026-01-10,8465,8616,0.0
142,2026-01-11,9167,8969,0.0
142,2026-01-12,9217,9147,0.0
142,2026-01-13,9269,9120,0.0
142,2026-01-14,8460,8676,0.0
142,2026-01-15,8782,8721,0.0
142,2026-01-16,9443,9326,0.0
142,2026-01-17,9263,8968,0.0
142,2026-01-18,9549,9228,0.0
142,2026-01-19,9442,9377,0.0
142,2026-01-20,8745,8848,0.0
142,2026-01-21,8588,8791,0.0
142,2026-01-22,9246,8935,0.0
142,2026-01-23,8898,8696,0.0
142,2026-01-24,9810,9436,0.0
142,2026-01-25,8518,8716,0.0
142,2026-01-26,8452,8579,0.0
142,2026-01-27,8921,8860,0.0
142,2026-01-28,9038,9035,0.0
142,2026-01-29,9293,9073,0.0
142,2026-01-30,9559,9440,0.0
142,2026-01-31,8868,8624,0.0
142,2026-02-01,9175,8855,0.0
142,2026-02-02,9019,9291,0.0
142,2026-02-03,9305,9108,0.0
142,2026-02-04,9744,9422,0.0
142,2026-02-05,9305,9119,0.0
143,2025-11-14,2993,3049,0.0
143,2025-11-15,3038,3030,0.0
143,2025-11-16,3167,3193,0.0
143,2025-11-17,3149,3150,0.0
143,2025-11-18,3226,3277,0.0
143,2025-11-19,3202,3215,0.0
143,2025-11-20,3303,3252,0.0
143,2025-11-21,3045,3022,0.0
143,2025-11-22,3389,3321,0.0
143,2025-11-23,3185,3281,0.0
143,2025-11-24,3032,3056,0.0
143,2025-11-25,3244,3252,0.0
143,2025-11-26,3129,3198,0.0
143,2025-11-27,3117,3041,0.0
143,2025-11-28,3246,3288,0.0
143,2025-11-29,3129,3197,0.0
143,2025-11-30,3067,3058,0.0
143,2025-12-01,3221,3126,0.0
143,2025-12-02,3110,3151,0.0
143,2025-12-03,3266,3234,0.0
143,2025-12-04,3162,3185,0.0
143,2025-12-05,3102,3175,0.0
143,2025-12-06,3038,3105,0.0
143,2025-12-07,2979,3058,0.0
143,2025-12-08,3114,3162,0.0
143,2025-12-09,3296,3303,0.0
143,2025-12-10,3383,3268,0.0
143,2025-12-11,3103,3081,0.0
143,2025-12-12,3130,3060,0.0
143,2025-12-13,3086,3084,0.0
143,2025-12-14,3225,3244,0.0
143,2025-12-15,3087,3093,0.0
143,2025-12-16,3251,3269,0.0
143,2025-12-17,2940,3018,0.0
143,2025-12-18,3097,3118,0.0
143,2025-12-19,3355,3254,0.0
143,2025-12-20,3159,3044,0.0
143,2025-12-21,3152,3108,0.0
143,2025-12-22,3093,3043,0.0
143,2025-12-23,3117,3138,0.0
143,2025-12-24,3189,3201,0.0
143,2025-12-25,3159,3129,0.0
143,2025-12-26,3129,3052,0.0
143,2025-12-27,3082,3093,0.0
143,2025-12-28,3328,3210,0.0
143,2025-12-29,3334,3281,0.0
143,2025-12-30,3271,3165,0.0
143,2025-12-31,2971,3024,0.0
143,2026-01-01,3143,3204,0.0
143,2026-01-02,3350,3222,0.0
143,2026-01-03,3119,3124,0.0
143,2026-01-04,3033,3072,0.0
143,2026-01-05,3192,3272,0.0
143,2026-01-06,3235,3275,0.0
143,2026-01-07,3094,3040,0.0
143,2026-01-08,3317,3213,0.0
143,2026-01-09,3382,3320,0.0
143,2026-01-10,3273,3298,0.0
143,2026-01-11,3270,3292,0.0
143,2026-01-12,3154,3110,0.0
143,2026-01-13,3113,3029,0.0
143,2026-01-14,3043,3055,0.0
143,2026-01-15,3139,3193,0.0
143,2026-01-16,3076,3171,0.0
143,2026-01-17,3052,3099,0.0
143,2026-01-18,3094,3082,0.0
143,2026-01-19,3219,3287,0.0
143,2026-01-20,3195,3099,0.0
143,2026-01-21,3064,3101,0.0
143,2026-01-22,3183,3255,0.0
143,2026-01-23,3072,3116,0.0
143,2026-01-24,2976,3022,0.0
143,2026-01-25,3264,3268,0.0
143,2026-01-26,3140,3143,0.0
143,2026-01-27,3350,3289,0.0
143,2026-01-28,3259,3208,0.0
143,2026-01-29,3431,3307,0.0
143,2026-01-30,3100,3070,0.0
143,2026-01-31,3312,3288,0.0
143,2026-02-01,3290,3177,0.0
143,2026-02-02,3369,3292,0.0
143,2026-02-03,3198,3127,0.0
143,2026-02-04,3183,3091,0.0
143,2026-02-05,3207,3120,0.0
144,2025-11-14,3184,3115,0.0
144,2025-11-15,3099,3012,0.0
144,2025-11-16,3000,3035,0.0
144,2025-11-17,3152,3106,0.0
144,2025-11-18,3176,3149,0.0
144,2025-11-19,2941,3006,0.0
144,2025-11-20,3223,3234,0.0
144,2025-11-21,3163,3199,0.0
144,2025-11-22,3122,3037,0.0
144,2025-11-23,3272,3158,0.0
144,2025-11-24,3330,3255,0.0
144,2025-11-25,3054,3038,0.0
144,2025-11-26,3186,3177,0.0
144,2025-11-27,3118,3134,0.0
144,2025-11-28,3104,3040,0.0
144,2025-11-29,3090,3122,0.0
144,2025-11-30,2963,3052,0.0
144,2025-12-01,2935,2976,0.0
144,2025-12-02,3164,3259,0.0
144,2025-12-03,3193,3083,0.0
144,2025-12-04,3191,3173,0.0
144,2025-12-05,2979,2981,0.0
144,2025-12-06,3122,3097,0.0
144,2025-12-07,3201,3220,0.0
144,2025-12-08,3386,3263,0.0
144,2025-12-09,3157,3239,0.0
144,2025-12-10,3138,3046,0.0
144,2025-12-11,2912,2984,0.0
144,2025-12-12,3162,3114,0.0
144,2025-12-13,2993,3057,0.0
144,2025-12-14,2948,2980,0.0
144,2025-12-15,3189,3128,0.0
144,2025-12-16,3230,3194,0.0
144,2025-12-17,2970,3041,0.0
144,2025-12-18,3249,3286,0.0
144,2025-12-19,3104,3146,0.0
144,2025-12-20,3089,3168,0.0
144,2025-12-21,3131,3070,0.0
144,2025-12-22,3382,3262,0.0
144,2025-12-23,2999,3060,0.0
144,2025-12-24,3091,2982,0.0
144,2025-12-25,3214,3148,0.0
144,2025-12-26,3034,3095,0.0
144,2025-12-27,3226,3266,0.0
144,2025-12-28,3026,3031,0.0
144,2025-12-29,3271,3284,0.0
144,2025-12-30,3315,3222,0.0
144,2025-12-31,2927,2978,0.0
144,2026-01-01,3281,3191,0.0
144,2026-01-02,3078,3027,0.0
144,2026-01-03,3067,3140,0.0
144,2026-01-04,3024,2984,0.0
144,2026-01-05,3110,3138,0.0
144,2026-01-06,3021,3093,0.0
144,2026-01-07,2898,2977,0.0
144,2026-01-08,3139,3114,0.0
144,2026-01-09,3037,2991,0.0
144,2026-01-10,3329,3217,0.0
144,2026-01-11,2992,3078,0.0
144,2026-01-12,3174,3096,0.0
144,2026-01-13,3282,3199,0.0
144,2026-01-14,3008,3086,0.0
144,2026-01-15,3139,3144,0.0
144,2026-01-16,2993,3079,0.0
144,2026-01-17,3081,3071,0.0
144,2026-01-18,3047,3128,0.0
144,2026-01-19,3205,3272,0.0
144,2026-01-20,3005,2977,0.0
144,2026-01-21,3119,3041,0.0
144,2026-01-22,3039,3033,0.0
144,2026-01-23,3255,3178,0.0
144,2026-01-24,2948,3003,0.0
144,2026-01-25,1487,3228,0.0
144,2026-01-26,1543,3206,0.0
144,2026-01-27,1426,2997,0.0
144,2026-01-28,1422,3018,0.0
144,2026-01-29,1470,3225,0.0
144,2026-01-30,1504,3246,0.0
144,2026-01-31,1498,3061,0.0
144,2026-02-01,1420,3008,0.0
144,2026-02-02,1504,3152,0.0
144,2026-02-03,1577,3284,0.0
144,2026-02-04,1464,3234,0.0
144,2026-02-05,1457,3069,0.0
145,2025-11-14,26415,26455,0.0
145,2025-11-15,24055,24543,0.0
145,2025-11-16,25903,26136,0.0
145,2025-11-17,25160,24306,0.0
145,2025-11-18,24092,24208,0.0
145,2025-11-19,24283,24337,0.0
145,2025-11-20,25818,26274,0.0
145,2025-11-21,23912,24181,0.0
145,2025-11-22,27247,26280,0.0
145,2025-11-23,24413,24017,0.0
145,2025-11-24,25561,25846,0.0
145,2025-11-25,26131,26100,0.0
145,2025-11-26,25715,24922,0.0
145,2025-11-27,24946,25676,0.0
145,2025-11-28,25537,25552,0.0
145,2025-11-29,24347,24541,0.0
145,2025-11-30,24484,25006,0.0
145,2025-12-01,25892,25495,0.0
145,2025-12-02,25151,25380,0.0
145,2025-12-03,26657,25683,0.0
145,2025-12-04,24568,24844,0.0
145,2025-12-05,25917,25448,0.0
145,2025-12-06,24803,24939,0.0
145,2025-12-07,23737,24242,0.0
145,2025-12-08,25195,24781,0.0
145,2025-12-09,26334,25441,0.0
145,2025-12-10,25110,24405,0.0
145,2025-12-11,26199,26197,0.0
145,2025-12-12,26765,25748,0.0
145,2025-12-13,26552,25999,0.0
145,2025-12-14,25404,24618,0.0
145,2025-12-15,26201,25970,0.0
145,2025-12-16,26118,25270,0.0
145,2025-12-17,24501,24514,0.0
145,2025-12-18,24038,24122,0.0
145,2025-12-19,24558,25300,0.0
145,2025-12-20,24425,24627,0.0
145,2025-12-21,24697,24556,0.0
145,2025-12-22,26077,25381,0.0
145,2025-12-23,24794,25399,0.0
145,2025-12-24,25464,25212,0.0
145,2025-12-25,25744,25405,0.0
145,2025-12-26,24139,24733,0.0
145,2025-12-27,24743,25416,0.0
145,2025-12-28,25836,25309,0.0
145,2025-12-29,26954,26229,0.0
145,2025-12-30,25920,24966,0.0
145,2025-12-31,26506,25552,0.0
145,2026-01-01,26691,25956,0.0
145,2026-01-02,25628,24677,0.0
145,2026-01-03,24796,25077,0.0
145,2026-01-04,26410,26373,0.0
145,2026-01-05,17278,24270,0.0
145,2026-01-06,18167,25306,0.0
145,2026-01-07,17445,25063,0.0
145,2026-01-08,17810,26133,0.0
145,2026-01-09,18100,26492,0.0
145,2026-01-10,17701,25808,0.0
145,2026-01-11,18803,25848,0.0
145,2026-01-12,18481,24880,0.0
145,2026-01-13,18253,26191,0.0
145,2026-01-14,17597,23979,0.0
145,2026-01-15,17005,25358,0.0
145,2026-01-16,18210,25976,0.0
145,2026-01-17,19394,26482,0.0
145,2026-01-18,25516,25472,0.0
145,2026-01-19,24290,23982,0.0
145,2026-01-20,26079,25912,0.0
145,2026-01-21,24437,24201,0.0
145,2026-01-22,24690,24999,0.0
145,2026-01-23,24678,25437,0.0
145,2026-01-24,24931,24207,0.0
145,2026-01-25,26096,25845,0.0
145,2026-01-26,24091,24567,0.0
145,2026-01-27,24922,24482,0.0
145,2026-01-28,26124,26073,0.0
145,2026-01-29,26810,26359,0.0
145,2026-01-30,25395,25134,0.0
145,2026-01-31,24572,24087,0.0
145,2026-02-01,25216,25980,0.0
145,2026-02-02,25182,25345,0.0
145,2026-02-03,24881,24181,0.0
145,2026-02-04,27053,26270,0.0
145,2026-02-05,26490,26497,0.0
146,2025-11-14,4347,4360,0.0
146,2025-11-15,4483,4614,0.0
146,2025-11-16,4744,4611,0.0
146,2025-11-17,4393,4441,0.0
146,2025-11-18,4749,4748,0.0
146,2025-11-19,4544,4453,0.0
146,2025-11-20,4771,4766,0.0
146,2025-11-21,4409,4380,0.0
146,2025-11-22,4508,4617,0.0
146,2025-11-23,4729,4659,0.0
146,2025-11-24,4375,4406,0.0
146,2025-11-25,4756,4709,0.0
146,2025-11-26,4265,4350,0.0
146,2025-11-27,4777,4709,0.0
146,2025-11-28,4445,4373,0.0
146,2025-11-29,4616,4690,0.0
146,2025-11-30,4481,4529,0.0
146,2025-12-01,4518,4513,0.0
146,2025-12-02,4661,4614,0.0
146,2025-12-03,4699,4748,0.0
146,2025-12-04,4476,4526,0.0
146,2025-12-05,4673,4669,0.0
146,2025-12-06,4485,4593,0.0
146,2025-12-07,4583,4636,0.0
146,2025-12-08,4277,4405,0.0
146,2025-12-09,4870,4757,0.0
146,2025-12-10,4491,4411,0.0
146,2025-12-11,4352,4443,0.0
146,2025-12-12,4769,4763,0.0
146,2025-12-13,4299,4342,0.0
146,2025-12-14,4688,4520,0.0
146,2025-12-15,4375,4500,0.0
146,2025-12-16,4714,4568,0.0
146,2025-12-17,4841,4755,0.0
146,2025-12-18,4714,4702,0.0
146,2025-12-19,4761,4785,0.0
146,2025-12-20,4408,4414,0.0
146,2025-12-21,4657,4499,0.0
146,2025-12-22,4352,4345,0.0
146,2025-12-23,4514,4625,0.0
146,2025-12-24,4778,4597,0.0
146,2025-12-25,4567,4662,0.0
146,2025-12-26,4295,4394,0.0
146,2025-12-27,4369,4373,0.0
146,2025-12-28,4548,4630,0.0
146,2025-12-29,4566,4599,0.0
146,2025-12-30,4690,4737,0.0
146,2025-12-31,4734,4745,0.0
146,2026-01-01,4497,4616,0.0
146,2026-01-02,4396,4462,0.0
146,2026-01-03,4359,4366,0.0
146,2026-01-04,4358,4452,0.0
146,2026-01-05,4293,4381,0.0
146,2026-01-06,4630,4743,0.0
146,2026-01-07,4581,4433,0.0
146,2026-01-08,4754,4601,0.0
146,2026-01-09,4809,4628,0.0
146,2026-01-10,4271,4382,0.0
146,2026-01-11,4622,4755,0.0
146,2026-01-12,4837,4668,0.0
146,2026-01-13,4540,4677,0.0
146,2026-01-14,4492,4490,0.0
146,2026-01-15,4867,4694,0.0
146,2026-01-16,4887,4786,0.0
146,2026-01-17,4462,4516,0.0
146,2026-01-18,4614,4741,0.0
146,2026-01-19,4825,4750,0.0
146,2026-01-20,4707,4533,0.0
146,2026-01-21,4562,4631,0.0
146,2026-01-22,4767,4783,0.0
146,2026-01-23,4283,4382,0.0
146,2026-01-24,4448,4509,0.0
146,2026-01-25,4801,4706,0.0
146,2026-01-26,4967,4782,0.0
146,2026-01-27,4688,4728,0.0
146,2026-01-28,4447,4501,0.0
146,2026-01-29,4542,4379,0.0
146,2026-01-30,4769,4586,0.0
146,2026-01-31,4403,4487,0.0
146,2026-02-01,4545,4652,0.0
146,2026-02-02,4776,4647,0.0
146,2026-02-03,4469,4548,0.0
146,2026-02-04,4385,4520,0.0
146,2026-02-05,4707,4711,0.0
147,2025-11-14,4357,4208,0.0
147,2025-11-15,4320,4216,0.0
147,2025-11-16,4060,3943,0.0
147,2025-11-17,4102,4206,0.0
147,2025-11-18,4320,4188,0.0
147,2025-11-19,4046,4052,0.0
147,2025-11-20,4195,4172,0.0
147,2025-11-21,4049,3950,0.0
147,2025-11-22,3874,3864,0.0
147,2025-11-23,3783,3856,0.0
147,2025-11-24,3778,3838,0.0
147,2025-11-25,4203,4208,0.0
147,2025-11-26,4058,3954,0.0
147,2025-11-27,4273,4233,0.0
147,2025-11-28,4031,3883,0.0
147,2025-11-29,3910,3942,0.0
147,2025-11-30,3794,3854,0.0
147,2025-12-01,4273,4186,0.0
147,2025-12-02,4145,4053,0.0
147,2025-12-03,4034,3893,0.0
147,2025-12-04,4062,4089,0.0
147,2025-12-05,4194,4076,0.0
147,2025-12-06,3986,3898,0.0
147,2025-12-07,4099,4149,0.0
147,2025-12-08,3878,3993,0.0
147,2025-12-09,4231,4155,0.0
147,2025-12-10,3924,3867,0.0
147,2025-12-11,4014,4102,0.0
147,2025-12-12,4197,4144,0.0
147,2025-12-13,3895,3864,0.0
147,2025-12-14,3854,3932,0.0
147,2025-12-15,4125,4005,0.0
147,2025-12-16,3934,3968,0.0
147,2025-12-17,3991,3948,0.0
147,2025-12-18,4160,4035,0.0
147,2025-12-19,3790,3858,0.0
147,2025-12-20,4094,4069,0.0
147,2025-12-21,3838,3841,0.0
147,2025-12-22,3930,3937,0.0
147,2025-12-23,4068,3972,0.0
147,2025-12-24,3783,3873,0.0
147,2025-12-25,3764,3869,0.0
147,2025-12-26,4089,3982,0.0
147,2025-12-27,4066,4134,0.0
147,2025-12-28,4025,4125,0.0
147,2025-12-29,3795,3844,0.0
147,2025-12-30,3927,3852,0.0
147,2025-12-31,4269,4216,0.0
147,2026-01-01,4162,4164,0.0
147,2026-01-02,3837,3889,0.0
147,2026-01-03,4172,4091,0.0
147,2026-01-04,3873,3853,0.0
147,2026-01-05,3797,3898,0.0
147,2026-01-06,4069,3913,0.0
147,2026-01-07,4101,4054,0.0
147,2026-01-08,4122,4076,0.0
147,2026-01-09,4007,3864,0.0
147,2026-01-10,3947,3845,0.0
147,2026-01-11,3837,3952,0.0
147,2026-01-12,4307,4160,0.0
147,2026-01-13,4080,4135,0.0
147,2026-01-14,3890,3872,0.0
147,2026-01-15,4253,4139,0.0
147,2026-01-16,3884,3850,0.0
147,2026-01-17,4283,4189,0.0
147,2026-01-18,4285,4189,0.0
147,2026-01-19,4149,4230,0.0
147,2026-01-20,4098,4120,0.0
147,2026-01-21,4394,4232,0.0
147,2026-01-22,4016,3936,0.0
147,2026-01-23,3989,3947,0.0
147,2026-01-24,4174,4020,0.0
147,2026-01-25,4209,4182,0.0
147,2026-01-26,4226,4086,0.0
147,2026-01-27,4114,4218,0.0
147,2026-01-28,3943,3968,0.0
147,2026-01-29,3808,3880,0.0
147,2026-01-30,3911,3899,0.0
147,2026-01-31,4211,4182,0.0
147,2026-02-01,4136,4132,0.0
147,2026-02-02,4158,4146,0.0
147,2026-02-03,3900,3855,0.0
147,2026-02-04,3822,3877,0.0
147,2026-02-05,4000,4004,0.0
148,2025-11-14,3215,3188,0.0
148,2025-11-15,3251,3174,0.0
148,2025-11-16,3153,3066,0.0
148,2025-11-17,3163,3214,0.0
148,2025-11-18,3300,3226,0.0
148,2025-11-19,3168,3178,0.0
148,2025-11-20,3272,3195,0.0
148,2025-11-21,3304,3291,0.0
148,2025-11-22,3214,3304,0.0
148,2025-11-23,3086,3058,0.0
148,2025-11-24,3184,3082,0.0
148,2025-11-25,2998,3029,0.0
148,2025-11-26,3264,3199,0.0
148,2025-11-27,3252,3173,0.0
148,2025-11-28,3150,3035,0.0
148,2025-11-29,3049,3106,0.0
148,2025-11-30,3180,3086,0.0
148,2025-12-01,3165,3092,0.0
148,2025-12-02,3076,3084,0.0
148,2025-12-03,3179,3063,0.0
148,2025-12-04,3311,3276,0.0
148,2025-12-05,3227,3237,0.0
148,2025-12-06,3126,3137,0.0
148,2025-12-07,3157,3151,0.0
148,2025-12-08,3157,3148,0.0
148,2025-12-09,3245,3242,0.0
148,2025-12-10,3140,3222,0.0
148,2025-12-11,3139,3209,0.0
148,2025-12-12,3449,3321,0.0
148,2025-12-13,3386,3324,0.0
148,2025-12-14,3163,3053,0.0
148,2025-12-15,2980,3061,0.0
148,2025-12-16,3114,3119,0.0
148,2025-12-17,2987,3048,0.0
148,2025-12-18,3038,3028,0.0
148,2025-12-19,2989,3039,0.0
148,2025-12-20,3400,3283,0.0
148,2025-12-21,3127,3107,0.0
148,2025-12-22,3190,3114,0.0
148,2025-12-23,3213,3263,0.0
148,2025-12-24,3125,3196,0.0
148,2025-12-25,3023,3068,0.0
148,2025-12-26,3142,3118,0.0
148,2025-12-27,2955,3032,0.0
148,2025-12-28,3031,3059,0.0
148,2025-12-29,3281,3282,0.0
148,2025-12-30,2953,3029,0.0
148,2025-12-31,3130,3039,0.0
148,2026-01-01,3238,3315,0.0
148,2026-01-02,3242,3254,0.0
148,2026-01-03,3328,3252,0.0
148,2026-01-04,3374,3247,0.0
148,2026-01-05,3271,3277,0.0
148,2026-01-06,3255,3301,0.0
148,2026-01-07,3170,3130,0.0
148,2026-01-08,3027,3053,0.0
148,2026-01-09,2939,3030,0.0
148,2026-01-10,3196,3267,0.0
148,2026-01-11,3264,3158,0.0
148,2026-01-12,3147,3074,0.0
148,2026-01-13,3299,3282,0.0
148,2026-01-14,3379,3297,0.0
148,2026-01-15,3106,3175,0.0
148,2026-01-16,3153,3127,0.0
148,2026-01-17,3377,3300,0.0
148,2026-01-18,3203,3270,0.0
148,2026-01-19,3423,3313,0.0
148,2026-01-20,3034,3056,0.0
148,2026-01-21,3100,3143,0.0
148,2026-01-22,3215,3186,0.0
148,2026-01-23,3088,3107,0.0
148,2026-01-24,2270,3323,0.0
148,2026-01-25,2123,3238,0.0
148,2026-01-26,2158,3076,0.0
148,2026-01-27,2160,3030,0.0
148,2026-01-28,2109,3118,0.0
148,2026-01-29,2355,3293,0.0
148,2026-01-30,2126,3114,0.0
148,2026-01-31,2273,3174,0.0
148,2026-02-01,1994,3045,0.0
148,2026-02-02,2094,3171,0.0
148,2026-02-03,2092,3184,0.0
148,2026-02-04,2084,3147,0.0
148,2026-02-05,3194,3232,0.0
149,2025-11-14,28623,28419,0.0
149,2025-11-15,28087,28484,0.0
149,2025-11-16,26204,26896,0.0
149,2025-11-17,29137,29365,0.0
149,2025-11-18,29001,28797,0.0
149,2025-11-19,28337,27453,0.0
149,2025-11-20,26783,27467,0.0
149,2025-11-21,29437,28600,0.0
149,2025-11-22,28167,27696,0.0
149,2025-11-23,26600,27106,0.0
149,2025-11-24,28389,28729,0.0
149,2025-11-25,28249,27751,0.0
149,2025-11-26,27336,27885,0.0
149,2025-11-27,29215,28959,0.0
149,2025-11-28,28988,27879,0.0
149,2025-11-29,27003,27003,0.0
149,2025-11-30,29157,29123,0.0
149,2025-12-01,27506,27025,0.0
149,2025-12-02,30081,29031,0.0
149,2025-12-03,29834,29265,0.0
149,2025-12-04,27724,28159,0.0
149,2025-12-05,28919,27956,0.0
149,2025-12-06,28134,27626,0.0
149,2025-12-07,28506,29125,0.0
149,2025-12-08,28039,28034,0.0
149,2025-12-09,26855,26768,0.0
149,2025-12-10,29501,28567,0.0
149,2025-12-11,28795,28071,0.0
149,2025-12-12,30451,29407,0.0
149,2025-12-13,27587,27277,0.0
149,2025-12-14,26844,27560,0.0
149,2025-12-15,27170,27281,0.0
149,2025-12-16,27978,28831,0.0
149,2025-12-17,29796,29266,0.0
149,2025-12-18,27359,27028,0.0
149,2025-12-19,27349,27794,0.0
149,2025-12-20,28454,29158,0.0
149,2025-12-21,28208,27881,0.0
149,2025-12-22,29852,28798,0.0
149,2025-12-23,28304,28533,0.0
149,2025-12-24,28376,27775,0.0
149,2025-12-25,27223,27949,0.0
149,2025-12-26,28247,27921,0.0
149,2025-12-27,28131,27587,0.0
149,2025-12-28,28457,29005,0.0
149,2025-12-29,29360,29039,0.0
149,2025-12-30,28433,28811,0.0
149,2025-12-31,28647,28990,0.0
149,2026-01-01,29131,29033,0.0
149,2026-01-02,27593,26987,0.0
149,2026-01-03,27696,27127,0.0
149,2026-01-04,27640,27114,0.0
149,2026-01-05,28393,27973,0.0
149,2026-01-06,26226,26832,0.0
149,2026-01-07,27732,27662,0.0
149,2026-01-08,28708,27816,0.0
149,2026-01-09,27396,28000,0.0
149,2026-01-10,26771,26782,0.0
149,2026-01-11,28083,28350,0.0
149,2026-01-12,27157,26941,0.0
149,2026-01-13,27853,28170,0.0
149,2026-01-14,27557,27274,0.0
149,2026-01-15,29145,29256,0.0
149,2026-01-16,30133,29299,0.0
149,2026-01-17,27427,28260,0.0
149,2026-01-18,27865,27147,0.0
149,2026-01-19,29659,28715,0.0
149,2026-01-20,30543,29379,0.0
149,2026-01-21,27344,26661,0.0
149,2026-01-22,30275,29117,0.0
149,2026-01-23,27261,27736,0.0
149,2026-01-24,26964,26839,0.0
149,2026-01-25,26681,26693,0.0
149,2026-01-26,27225,27924,0.0
149,2026-01-27,27532,26676,0.0
149,2026-01-28,28980,29418,0.0
149,2026-01-29,27111,27166,0.0
149,2026-01-30,27590,26732,0.0
149,2026-01-31,26491,26652,0.0
149,2026-02-01,27474,28257,0.0
149,2026-02-02,27352,27780,0.0
149,2026-02-03,27390,27333,0.0
149,2026-02-04,27946,28241,0.0
149,2026-02-05,29902,29040,0.0
150,2025-11-14,16367,16354,0.0
150,2025-11-15,16541,16142,0.0
150,2025-11-16,16127,16341,0.0
150,2025-11-17,17127,16995,0.0
150,2025-11-18,15639,16085,0.0
150,2025-11-19,16417,15861,0.0
150,2025-11-20,15701,16007,0.0
150,2025-11-21,17119,16767,0.0
150,2025-11-22,15747,15615,0.0
150,2025-11-23,16841,16638,0.0
150,2025-11-24,15958,16189,0.0
150,2025-11-25,16354,16670,0.0
150,2025-11-26,16545,16838,0.0
150,2025-11-27,16061,16369,0.0
150,2025-11-28,16235,15800,0.0
150,2025-11-29,16172,15923,0.0
150,2025-11-30,17169,16766,0.0
150,2025-12-01,16354,16788,0.0
150,2025-12-02,16502,16174,0.0
150,2025-12-03,17033,16778,0.0
150,2025-12-04,15736,15709,0.0
150,2025-12-05,16259,16017,0.0
150,2025-12-06,15980,16234,0.0
150,2025-12-07,16681,16457,0.0
150,2025-12-08,16111,16174,0.0
150,2025-12-09,16330,16835,0.0
150,2025-12-10,16772,16765,0.0
150,2025-12-11,16231,16243,0.0
150,2025-12-12,16035,16109,0.0
150,2025-12-13,16200,15714,0.0
150,2025-12-14,16654,16519,0.0
150,2025-12-15,16922,16357,0.0
150,2025-12-16,16173,15718,0.0
150,2025-12-17,15319,15741,0.0
150,2025-12-18,15648,16042,0.0
150,2025-12-19,16367,15925,0.0
150,2025-12-20,16889,16446,0.0
150,2025-12-21,16149,16320,0.0
150,2025-12-22,16945,16389,0.0
150,2025-12-23,15412,15693,0.0
150,2025-12-24,16426,15840,0.0
150,2025-12-25,16690,16994,0.0
150,2025-12-26,15347,15548,0.0
150,2025-12-27,15738,16047,0.0
150,2025-12-28,16226,15977,0.0
150,2025-12-29,15997,15535,0.0
150,2025-12-30,16844,16624,0.0
150,2025-12-31,16523,15899,0.0
150,2026-01-01,16973,16548,0.0
150,2026-01-02,16362,16828,0.0
150,2026-01-03,16938,16760,0.0
150,2026-01-04,16323,15901,0.0
150,2026-01-05,16860,16452,0.0
150,2026-01-06,16199,15838,0.0
150,2026-01-07,16414,15917,0.0
150,2026-01-08,16715,16932,0.0
150,2026-01-09,15832,15653,0.0
150,2026-01-10,15897,15482,0.0
150,2026-01-11,16800,16642,0.0
150,2026-01-12,16445,15813,0.0
150,2026-01-13,16648,17008,0.0
150,2026-01-14,15701,15878,0.0
150,2026-01-15,16074,16381,0.0
150,2026-01-16,15997,15980,0.0
150,2026-01-17,16136,15947,0.0
150,2026-01-18,16927,16415,0.0
150,2026-01-19,15209,15530,0.0
150,2026-01-20,16669,17010,0.0
150,2026-01-21,15531,15561,0.0
150,2026-01-22,16429,16394,0.0
150,2026-01-23,15380,15545,0.0
150,2026-01-24,15279,15735,0.0
150,2026-01-25,16258,15874,0.0
150,2026-01-26,15398,15769,0.0
150,2026-01-27,16471,16449,0.0
150,2026-01-28,16813,16391,0.0
150,2026-01-29,15883,16164,0.0
150,2026-01-30,15900,15601,0.0
150,2026-01-31,16547,16613,0.0
150,2026-02-01,15787,16127,0.0
150,2026-02-02,16800,16208,0.0
150,2026-02-03,16498,16825,0.0
150,2026-02-04,16312,16086,0.0
150,2026-02-05,16843,16897,0.0
151,2025-11-14,6884,7026,0.0
151,2025-11-15,7191,7096,0.0
151,2025-11-16,7366,7176,0.0
151,2025-11-17,7224,7445,0.0
151,2025-11-18,7779,7656,0.0
151,2025-11-19,7480,7240,0.0
151,2025-11-20,6908,7052,0.0
151,2025-11-21,6954,7085,0.0
151,2025-11-22,7139,7177,0.0
151,2025-11-23,6967,7015,0.0
151,2025-11-24,6994,7162,0.0
151,2025-11-25,7251,7081,0.0
151,2025-11-26,7334,7228,0.0
151,2025-11-27,7161,7044,0.0
151,2025-11-28,7582,7365,0.0
151,2025-11-29,7563,7478,0.0
151,2025-11-30,7366,7454,0.0
151,2025-12-01,7359,7518,0.0
151,2025-12-02,7015,7104,0.0
151,2025-12-03,7656,7377,0.0
151,2025-12-04,7508,7611,0.0
151,2025-12-05,7610,7506,0.0
151,2025-12-06,7545,7405,0.0
151,2025-12-07,6980,7140,0.0
151,2025-12-08,7258,7013,0.0
151,2025-12-09,7540,7364,0.0
151,2025-12-10,7171,7371,0.0
151,2025-12-11,7406,7431,0.0
151,2025-12-12,7942,7657,0.0
151,2025-12-13,7613,7442,0.0
151,2025-12-14,7609,7324,0.0
151,2025-12-15,7472,7651,0.0
151,2025-12-16,7386,7130,0.0
151,2025-12-17,7428,7408,0.0
151,2025-12-18,7255,7327,0.0
151,2025-12-19,7198,7391,0.0
151,2025-12-20,7697,7587,0.0
151,2025-12-21,7360,7396,0.0
151,2025-12-22,7426,7552,0.0
151,2025-12-23,7442,7579,0.0
151,2025-12-24,7673,7531,0.0
151,2025-12-25,7331,7306,0.0
151,2025-12-26,7417,7553,0.0
151,2025-12-27,7279,7363,0.0
151,2025-12-28,7704,7582,0.0
151,2025-12-29,7653,7689,0.0
151,2025-12-30,7705,7478,0.0
151,2025-12-31,7227,7283,0.0
151,2026-01-01,7478,7296,0.0
151,2026-01-02,7198,7135,0.0
151,2026-01-03,7230,7014,0.0
151,2026-01-04,6981,7143,0.0
151,2026-01-05,7654,7497,0.0
151,2026-01-06,7234,7131,0.0
151,2026-01-07,7458,7229,0.0
151,2026-01-08,7179,7311,0.0
151,2026-01-09,7273,7193,0.0
151,2026-01-10,6895,7017,0.0
151,2026-01-11,7342,7132,0.0
151,2026-01-12,7543,7687,0.0
151,2026-01-13,7250,7428,0.0
151,2026-01-14,6891,7016,0.0
151,2026-01-15,7306,7525,0.0
151,2026-01-16,7127,7133,0.0
151,2026-01-17,7167,7037,0.0
151,2026-01-18,6997,7007,0.0
151,2026-01-19,7927,7665,0.0
151,2026-01-20,7243,7046,0.0
151,2026-01-21,7403,7325,0.0
151,2026-01-22,7233,7359,0.0
151,2026-01-23,6965,7036,0.0
151,2026-01-24,7611,7461,0.0
151,2026-01-25,7367,7568,0.0
151,2026-01-26,7261,7188,0.0
151,2026-01-27,7578,7405,0.0
151,2026-01-28,7000,7126,0.0
151,2026-01-29,7277,7076,0.0
151,2026-01-30,7432,7171,0.0
151,2026-01-31,7742,7520,0.0
151,2026-02-01,7018,7023,0.0
151,2026-02-02,7399,7348,0.0
151,2026-02-03,7360,7244,0.0
151,2026-02-04,7015,7089,0.0
151,2026-02-05,7447,7316,0.0
152,2025-11-14,5185,5040,0.0
152,2025-11-15,4868,4866,0.0
152,2025-11-16,5104,5158,0.0
152,2025-11-17,5078,4979,0.0
152,2025-11-18,4821,4965,0.0
152,2025-11-19,4912,4901,0.0
152,2025-11-20,5023,5025,0.0
152,2025-11-21,4872,4874,0.0
152,2025-11-22,4787,4857,0.0
152,2025-11-23,5451,5248,0.0
152,2025-11-24,4979,4858,0.0
152,2025-11-25,5279,5201,0.0
152,2025-11-26,5098,5160,0.0
152,2025-11-27,5137,4952,0.0
152,2025-11-28,5346,5162,0.0
152,2025-11-29,4926,4940,0.0
152,2025-11-30,4991,4859,0.0
152,2025-12-01,5145,5033,0.0
152,2025-12-02,5145,5133,0.0
152,2025-12-03,4968,4983,0.0
152,2025-12-04,5444,5252,0.0
152,2025-12-05,5127,5014,0.0
152,2025-12-06,5296,5200,0.0
152,2025-12-07,4951,4891,0.0
152,2025-12-08,5413,5214,0.0
152,2025-12-09,5373,5209,0.0
152,2025-12-10,5250,5234,0.0
152,2025-12-11,4962,5079,0.0
152,2025-12-12,4705,4844,0.0
152,2025-12-13,5263,5114,0.0
152,2025-12-14,4933,4887,0.0
152,2025-12-15,4911,4821,0.0
152,2025-12-16,4991,5084,0.0
152,2025-12-17,4940,4935,0.0
152,2025-12-18,5130,5189,0.0
152,2025-12-19,4846,4936,0.0
152,2025-12-20,4969,4970,0.0
152,2025-12-21,5132,5217,0.0
152,2025-12-22,5077,5027,0.0
152,2025-12-23,4917,4806,0.0
152,2025-12-24,4924,4949,0.0
152,2025-12-25,5215,5177,0.0
152,2025-12-26,5166,5185,0.0
152,2025-12-27,5083,5087,0.0
152,2025-12-28,4984,5037,0.0
152,2025-12-29,4938,5020,0.0
152,2025-12-30,4925,4832,0.0
152,2025-12-31,5129,5284,0.0
152,2026-01-01,4972,4915,0.0
152,2026-01-02,5276,5117,0.0
152,2026-01-03,5133,5175,0.0
152,2026-01-04,4791,4846,0.0
152,2026-01-05,5021,4919,0.0
152,2026-01-06,5230,5105,0.0
152,2026-01-07,4954,4817,0.0
152,2026-01-08,5165,5041,0.0
152,2026-01-09,5013,5140,0.0
152,2026-01-10,4913,5047,0.0
152,2026-01-11,5084,5008,0.0
152,2026-01-12,4797,4913,0.0
152,2026-01-13,5286,5258,0.0
152,2026-01-14,4850,4908,0.0
152,2026-01-15,5031,5168,0.0
152,2026-01-16,5055,5181,0.0
152,2026-01-17,5440,5287,0.0
152,2026-01-18,4982,5010,0.0
152,2026-01-19,5400,5229,0.0
152,2026-01-20,5133,5243,0.0
152,2026-01-21,5119,5005,0.0
152,2026-01-22,5438,5256,0.0
152,2026-01-23,5109,4986,0.0
152,2026-01-24,5103,5151,0.0
152,2026-01-25,5246,5213,0.0
152,2026-01-26,5202,5089,0.0
152,2026-01-27,5050,4876,0.0
152,2026-01-28,5168,5152,0.0
152,2026-01-29,4906,4856,0.0
152,2026-01-30,5076,4956,0.0
152,2026-01-31,4893,5030,0.0
152,2026-02-01,5230,5084,0.0
152,2026-02-02,5142,5294,0.0
152,2026-02-03,5157,5181,0.0
152,2026-02-04,4970,4971,0.0
152,2026-02-05,5015,5157,0.0
153,2025-11-14,20345,20323,0.0
153,2025-11-15,19234,19017,0.0
153,2025-11-16,18932,19480,0.0
153,2025-11-17,18964,18949,0.0
153,2025-11-18,19986,19457,0.0
153,2025-11-19,20818,20303,0.0
153,2025-11-20,18959,18802,0.0
153,2025-11-21,19773,19358,0.0
153,2025-11-22,20090,19465,0.0
153,2025-11-23,19281,19086,0.0
153,2025-11-24,18117,18569,0.0
153,2025-11-25,19642,19529,0.0
153,2025-11-26,19285,19180,0.0
153,2025-11-27,19279,19180,0.0
153,2025-11-28,20388,20150,0.0
153,2025-11-29,19946,20004,0.0
153,2025-11-30,19126,18936,0.0
153,2025-12-01,19199,18868,0.0
153,2025-12-02,19862,19743,0.0
153,2025-12-03,20600,20013,0.0
153,2025-12-04,19310,18584,0.0
153,2025-12-05,20680,20096,0.0
153,2025-12-06,20488,20193,0.0
153,2025-12-07,20354,19780,0.0
153,2025-12-08,18996,18809,0.0
153,2025-12-09,19003,19426,0.0
153,2025-12-10,19973,20209,0.0
153,2025-12-11,19895,19904,0.0
153,2025-12-12,19727,20224,0.0
153,2025-12-13,19746,19401,0.0
153,2025-12-14,18910,18939,0.0
153,2025-12-15,20600,20025,0.0
153,2025-12-16,18820,18855,0.0
153,2025-12-17,20555,19857,0.0
153,2025-12-18,20077,19463,0.0
153,2025-12-19,20379,19670,0.0
153,2025-12-20,19816,20171,0.0
153,2025-12-21,19231,18694,0.0
153,2025-12-22,20929,20131,0.0
153,2025-12-23,20179,19495,0.0
153,2025-12-24,19534,19354,0.0
153,2025-12-25,20112,20262,0.0
153,2025-12-26,19791,20107,0.0
153,2025-12-27,19477,19430,0.0
153,2025-12-28,19179,18549,0.0
153,2025-12-29,20149,20158,0.0
153,2025-12-30,19112,18872,0.0
153,2025-12-31,19054,18845,0.0
153,2026-01-01,19585,19895,0.0
153,2026-01-02,20550,20398,0.0
153,2026-01-03,19987,20263,0.0
153,2026-01-04,19328,19001,0.0
153,2026-01-05,19736,19878,0.0
153,2026-01-06,20181,19888,0.0
153,2026-01-07,18812,19238,0.0
153,2026-01-08,20643,20447,0.0
153,2026-01-09,20507,20477,0.0
153,2026-01-10,18883,18661,0.0
153,2026-01-11,19466,19588,0.0
153,2026-01-12,18933,19255,0.0
153,2026-01-13,20350,19573,0.0
153,2026-01-14,19774,19067,0.0
153,2026-01-15,19719,19538,0.0
153,2026-01-16,20304,19823,0.0
153,2026-01-17,18403,18643,0.0
153,2026-01-18,19838,20238,0.0
153,2026-01-19,20331,19982,0.0
153,2026-01-20,19640,19589,0.0
153,2026-01-21,19497,19517,0.0
153,2026-01-22,19964,19291,0.0
153,2026-01-23,19716,19788,0.0
153,2026-01-24,20186,19860,0.0
153,2026-01-25,19678,19796,0.0
153,2026-01-26,20223,20012,0.0
153,2026-01-27,19257,18639,0.0
153,2026-01-28,20128,20198,0.0
153,2026-01-29,20296,19671,0.0
153,2026-01-30,19201,18814,0.0
153,2026-01-31,20111,19535,0.0
153,2026-02-01,18794,18927,0.0
153,2026-02-02,18654,18628,0.0
153,2026-02-03,20433,20366,0.0
153,2026-02-04,20084,19342,0.0
153,2026-02-05,19231,19408,0.0
154,2025-11-14,26867,27603,0.0
154,2025-11-15,27991,27604,0.0
154,2025-11-16,30466,30021,0.0
154,2025-11-17,29697,28829,0.0
154,2025-11-18,28990,29044,0.0
154,2025-11-19,29059,28714,0.0
154,2025-11-20,29497,30033,0.0
154,2025-11-21,28115,28379,0.0
154,2025-11-22,29895,29692,0.0
154,2025-11-23,29141,29977,0.0
154,2025-11-24,29067,29008,0.0
154,2025-11-25,30800,30310,0.0
154,2025-11-26,29071,28045,0.0
154,2025-11-27,29789,29341,0.0
154,2025-11-28,28042,28726,0.0
154,2025-11-29,29324,30227,0.0
154,2025-11-30,30128,29596,0.0
154,2025-12-01,29541,28628,0.0
154,2025-12-02,29164,29829,0.0
154,2025-12-03,27852,27896,0.0
154,2025-12-04,29311,29049,0.0
154,2025-12-05,29021,28208,0.0
154,2025-12-06,27079,27677,0.0
154,2025-12-07,28664,28020,0.0
154,2025-12-08,29048,28077,0.0
154,2025-12-09,29214,28279,0.0
154,2025-12-10,28139,28457,0.0
154,2025-12-11,29679,29338,0.0
154,2025-12-12,27762,28246,0.0
154,2025-12-13,30659,29484,0.0
154,2025-12-14,31060,30119,0.0
154,2025-12-15,26875,27545,0.0
154,2025-12-16,30524,29860,0.0
154,2025-12-17,28907,27926,0.0
154,2025-12-18,29492,30053,0.0
154,2025-12-19,28803,29241,0.0
154,2025-12-20,30564,30232,0.0
154,2025-12-21,27621,28158,0.0
154,2025-12-22,27414,27539,0.0
154,2025-12-23,28527,28284,0.0
154,2025-12-24,29943,29896,0.0
154,2025-12-25,28648,27683,0.0
154,2025-12-26,29766,29393,0.0
154,2025-12-27,27934,27895,0.0
154,2025-12-28,28858,28215,0.0
154,2025-12-29,29727,29959,0.0
154,2025-12-30,29326,28406,0.0
154,2025-12-31,28005,28157,0.0
154,2026-01-01,28917,28254,0.0
154,2026-01-02,30212,29540,0.0
154,2026-01-03,30606,29800,0.0
154,2026-01-04,29013,28319,0.0
154,2026-01-05,27402,28217,0.0
154,2026-01-06,29486,29545,0.0
154,2026-01-07,30984,30116,0.0
154,2026-01-08,28087,27857,0.0
154,2026-01-09,30073,29164,0.0
154,2026-01-10,29358,28233,0.0
154,2026-01-11,30107,30233,0.0
154,2026-01-12,27898,27954,0.0
154,2026-01-13,27430,27881,0.0
154,2026-01-14,28615,28617,0.0
154,2026-01-15,30037,29263,0.0
154,2026-01-16,29444,29045,0.0
154,2026-01-17,27444,27726,0.0
154,2026-01-18,28301,28412,0.0
154,2026-01-19,31139,30316,0.0
154,2026-01-20,30322,29443,0.0
154,2026-01-21,29152,29681,0.0
154,2026-01-22,29078,28052,0.0
154,2026-01-23,28235,28047,0.0
154,2026-01-24,30231,29145,0.0
154,2026-01-25,28024,28625,0.0
154,2026-01-26,30247,30312,0.0
154,2026-01-27,30222,29161,0.0
154,2026-01-28,28020,28061,0.0
154,2026-01-29,29108,29280,0.0
154,2026-01-30,30430,30090,0.0
154,2026-01-31,30251,29891,0.0
154,2026-02-01,29978,29648,0.0
154,2026-02-02,30391,29639,0.0
154,2026-02-03,28081,28441,0.0
154,2026-02-04,29147,28896,0.0
154,2026-02-05,30231,29123,0.0
155,2025-09-16,8954,8932,0.0
155,2025-09-17,8934,8822,0.0
155,2025-09-18,8709,8500,0.0
155,2025-09-19,8529,8717,0.0
155,2025-09-20,8796,8957,0.0
155,2025-09-21,8981,8714,0.0
155,2025-09-22,8819,8710,0.0
155,2025-09-23,8964,9028,0.0
155,2025-09-24,9569,9361,0.0
155,2025-09-25,8730,8627,0.0
155,2025-09-26,8318,8498,0.0
155,2025-09-27,8294,8548,0.0
155,2025-09-28,8988,9072,0.0
155,2025-09-29,9049,8906,0.0
155,2025-09-30,9220,9240,0.0
155,2025-10-01,9526,9333,0.0
155,2025-10-02,9085,8762,0.0
155,2025-10-03,8827,8692,0.0
155,2025-10-04,8501,8743,0.0
155,2025-10-05,8855,8552,0.0
155,2025-10-06,8427,8504,0.0
155,2025-10-07,9058,9003,0.0
155,2025-10-08,9224,9294,0.0
155,2025-10-09,9167,8909,0.0
155,2025-10-10,8786,9037,0.0
155,2025-10-11,8784,8781,0.0
155,2025-10-12,8903,8755,0.0
155,2025-10-13,9284,9085,0.0
155,2025-10-14,8918,8754,0.0
155,2025-10-15,8779,9044,0.0
155,2025-10-16,8793,8624,0.0
155,2025-10-17,8752,8698,0.0
155,2025-10-18,8757,8517,0.0
155,2025-10-19,9707,9377,0.0
155,2025-10-20,9330,9331,0.0
155,2025-10-21,9118,9332,0.0
155,2025-10-22,9126,9044,0.0
155,2025-10-23,9128,9327,0.0
155,2025-10-24,9558,9228,0.0
155,2025-10-25,9434,9358,0.0
155,2025-10-26,9315,9069,0.0
155,2025-10-27,9114,8849,0.0
155,2025-10-28,8316,8493,0.0
155,2025-10-29,8842,8815,0.0
155,2025-10-30,8610,8492,0.0
155,2025-10-31,8970,8855,0.0
155,2025-11-01,9189,8874,0.0
155,2025-11-02,8858,8918,0.0
155,2025-11-03,9279,9071,0.0
155,2025-11-04,9548,9350,0.0
155,2025-11-05,9156,9246,0.0
155,2025-11-06,9123,9200,0.0
155,2025-11-07,8645,8719,0.0
155,2025-11-08,8946,8773,0.0
155,2025-11-09,9416,9076,0.0
155,2025-11-10,9075,9042,0.0
156,2025-09-16,3899,3788,0.0
156,2025-09-17,3839,3943,0.0
156,2025-09-18,3753,3816,0.0
156,2025-09-19,4152,4133,0.0
156,2025-09-20,3814,3915,0.0
156,2025-09-21,4143,4050,0.0
156,2025-09-22,3701,3767,0.0
156,2025-09-23,4154,4078,0.0
156,2025-09-24,4067,3980,0.0
156,2025-09-25,4064,3983,0.0
156,2025-09-26,3849,3826,0.0
156,2025-09-27,3832,3824,0.0
156,2025-09-28,4155,4069,0.0
156,2025-09-29,3986,3872,0.0
156,2025-09-30,3976,3863,0.0
156,2025-10-01,4108,4057,0.0
156,2025-10-02,3777,3760,0.0
156,2025-10-03,4050,3961,0.0
156,2025-10-04,4179,4055,0.0
156,2025-10-05,3745,3775,0.0
156,2025-10-06,3893,3752,0.0
156,2025-10-07,4024,3913,0.0
156,2025-10-08,3948,4048,0.0
156,2025-10-09,3837,3936,0.0
156,2025-10-10,3998,4112,0.0
156,2025-10-11,4094,4058,0.0
156,2025-10-12,3920,3940,0.0
156,2025-10-13,3955,4009,0.0
156,2025-10-14,4105,3984,0.0
156,2025-10-15,3792,3888,0.0
156,2025-10-16,3786,3850,0.0
156,2025-10-17,3824,3778,0.0
156,2025-10-18,4051,3950,0.0
156,2025-10-19,3941,3965,0.0
156,2025-10-20,3941,4040,0.0
156,2025-10-21,4007,4103,0.0
156,2025-10-22,3863,3857,0.0
156,2025-10-23,4005,3904,0.0
156,2025-10-24,3969,3987,0.0
156,2025-10-25,3821,3907,0.0
156,2025-10-26,4136,4074,0.0
156,2025-10-27,3746,3862,0.0
156,2025-10-28,4147,4102,0.0
156,2025-10-29,4137,4032,0.0
156,2025-10-30,3843,3873,0.0
156,2025-10-31,4170,4138,0.0
156,2025-11-01,4000,3848,0.0
156,2025-11-02,4170,4031,0.0
156,2025-11-03,3708,3782,0.0
156,2025-11-04,4049,4018,0.0
156,2025-11-05,3948,3905,0.0
156,2025-11-06,4042,4120,0.0
156,2025-11-07,3925,3844,0.0
156,2025-11-08,4057,4074,0.0
156,2025-11-09,4055,4020,0.0
156,2025-11-10,4089,4133,0.0
157,2025-09-16,28177,27728,0.0
157,2025-09-17,22922,28180,4.1
157,2025-09-18,27926,27032,0.0
157,2025-09-19,28992,28648,0.0
157,2025-09-20,27240,27406,0.0
157,2025-09-21,28908,27923,0.0
157,2025-09-22,26005,26309,0.0
157,2025-09-23,29293,28358,0.0
157,2025-09-24,27762,27649,0.0
157,2025-09-25,29257,28994,0.0
157,2025-09-26,28429,28957,0.0
157,2025-09-27,28286,27952,0.0
157,2025-09-28,28746,28166,0.0
157,2025-09-29,26590,26866,0.0
157,2025-09-30,29275,28768,0.0
157,2025-10-01,26425,26518,0.0
157,2025-10-02,28045,27802,0.0
157,2025-10-03,27618,26918,0.0
157,2025-10-04,27441,28065,0.0
157,2025-10-05,29585,28459,0.0
157,2025-10-06,25805,26302,0.0
157,2025-10-07,29063,28126,0.0
157,2025-10-08,28254,27256,0.0
157,2025-10-09,28282,28181,0.0
157,2025-10-10,28984,28128,0.0
157,2025-10-11,27451,28022,0.0
157,2025-10-12,26455,26427,0.0
157,2025-10-13,27263,27959,0.0
157,2025-10-14,26654,27004,0.0
157,2025-10-15,27432,27323,0.0
157,2025-10-16,27580,26749,0.0
157,2025-10-17,27922,27291,0.0
157,2025-10-18,24176,28322,2.9
157,2025-10-19,26492,26297,0.0
157,2025-10-20,29532,28759,0.0
157,2025-10-21,17367,26386,8.3
157,2025-10-22,26195,26905,0.0
157,2025-10-23,28163,28543,0.0
157,2025-10-24,27138,27719,0.0
157,2025-10-25,27856,27437,0.0
157,2025-10-26,28257,27876,0.0
157,2025-10-27,22953,26579,2.7
157,2025-10-28,27617,26908,0.0
157,2025-10-29,21952,26977,3.9
157,2025-10-30,28395,28857,0.0
157,2025-10-31,28451,28176,0.0
157,2025-11-01,28674,27839,0.0
157,2025-11-02,27364,26367,0.0
157,2025-11-03,26564,26371,0.0
157,2025-11-04,28857,28787,0.0
157,2025-11-05,29074,28080,0.0
157,2025-11-06,27688,27993,0.0
157,2025-11-07,26313,27042,0.0
157,2025-11-08,28515,28168,0.0
157,2025-11-09,26124,26502,0.0
157,2025-11-10,26962,26586,0.0
158,2025-09-16,3994,3961,0.0
158,2025-09-17,4073,4017,0.0
158,2025-09-18,4098,4141,0.0
158,2025-09-19,3897,3938,0.0
158,2025-09-20,4017,3868,0.0
158,2025-09-21,4048,4124,0.0
158,2025-09-22,3839,3855,0.0
158,2025-09-23,3876,3826,0.0
158,2025-09-24,4033,3958,0.0
158,2025-09-25,4074,4131,0.0
158,2025-09-26,3883,3974,0.0
158,2025-09-27,3940,4022,0.0
158,2025-09-28,3703,3810,0.0
158,2025-09-29,4067,4062,0.0
158,2025-09-30,4263,4167,0.0
158,2025-10-01,3851,3858,0.0
158,2025-10-02,4181,4204,0.0
158,2025-10-03,3934,3952,0.0
158,2025-10-04,4083,4188,0.0
158,2025-10-05,3900,3833,0.0
158,2025-10-06,4039,4096,0.0
158,2025-10-07,4120,3975,0.0
158,2025-10-08,4036,3932,0.0
158,2025-10-09,3910,4016,0.0
158,2025-10-10,3994,3955,0.0
158,2025-10-11,3857,3926,0.0
158,2025-10-12,3979,4042,0.0
158,2025-10-13,3998,4033,0.0
158,2025-10-14,3852,3956,0.0
158,2025-10-15,4056,4104,0.0
158,2025-10-16,4016,4078,0.0
158,2025-10-17,4150,4182,0.0
158,2025-10-18,4177,4039,0.0
158,2025-10-19,3959,3990,0.0
158,2025-10-20,4141,4100,0.0
158,2025-10-21,4275,4179,0.0
158,2025-10-22,4076,4018,0.0
158,2025-10-23,4104,4103,0.0
158,2025-10-24,4056,4093,0.0
158,2025-10-25,4020,3978,0.0
158,2025-10-26,3844,3855,0.0
158,2025-10-27,4101,4158,0.0
158,2025-10-28,4083,4004,0.0
158,2025-10-29,4086,4030,0.0
158,2025-10-30,4178,4188,0.0
158,2025-10-31,3977,3993,0.0
158,2025-11-01,4294,4194,0.0
158,2025-11-02,4244,4083,0.0
158,2025-11-03,4247,4126,0.0
158,2025-11-04,3818,3912,0.0
158,2025-11-05,4251,4128,0.0
158,2025-11-06,3790,3880,0.0
158,2025-11-07,3838,3950,0.0
158,2025-11-08,3908,3892,0.0
158,2025-11-09,3977,3863,0.0
158,2025-11-10,4164,4085,0.0
159,2025-09-16,31791,31236,0.0
159,2025-09-17,31340,31393,0.0
159,2025-09-18,31275,30989,0.0
159,2025-09-19,31240,31830,0.0
159,2025-09-20,32960,31769,0.0
159,2025-09-21,31883,31391,0.0
159,2025-09-22,33676,32560,0.0
159,2025-09-23,31817,32280,0.0
159,2025-09-24,30374,30999,0.0
159,2025-09-25,29983,30862,0.0
159,2025-09-26,30963,31921,0.0
159,2025-09-27,31847,31123,0.0
159,2025-09-28,32969,33653,0.0
159,2025-09-29,31647,32461,0.0
159,2025-09-30,33548,33132,0.0
159,2025-10-01,34246,33333,0.0
159,2025-10-02,31305,31660,0.0
159,2025-10-03,32667,33538,0.0
159,2025-10-04,32838,32520,0.0
159,2025-10-05,31539,31271,0.0
159,2025-10-06,22631,31474,6.7
159,2025-10-07,31686,31153,0.0
159,2025-10-08,34190,32891,0.0
159,2025-10-09,31332,32005,0.0
159,2025-10-10,30317,30802,0.0
159,2025-10-11,33830,33648,0.0
159,2025-10-12,31461,31521,0.0
159,2025-10-13,33097,31985,0.0
159,2025-10-14,31177,31325,0.0
159,2025-10-15,31360,31567,0.0
159,2025-10-16,31792,30995,0.0
159,2025-10-17,31323,30681,0.0
159,2025-10-18,33544,32901,0.0
159,2025-10-19,30763,30619,0.0
159,2025-10-20,33087,33074,0.0
159,2025-10-21,31431,32018,0.0
159,2025-10-22,30867,30567,0.0
159,2025-10-23,31464,30604,0.0
159,2025-10-24,31780,31174,0.0
159,2025-10-25,33863,32600,0.0
159,2025-10-26,34604,33400,0.0
159,2025-10-27,34096,32905,0.0
159,2025-10-28,31615,31573,0.0
159,2025-10-29,31236,30896,0.0
159,2025-10-30,34076,32808,0.0
159,2025-10-31,32533,32407,0.0
159,2025-11-01,33411,33768,0.0
159,2025-11-02,33099,33500,0.0
159,2025-11-03,32031,32940,0.0
159,2025-11-04,31430,30605,0.0
159,2025-11-05,33315,32689,0.0
159,2025-11-06,33338,33366,0.0
159,2025-11-07,32262,32957,0.0
159,2025-11-08,31403,31785,0.0
159,2025-11-09,31708,32323,0.0
159,2025-11-10,34199,33151,0.0
160,2025-09-16,23763,23056,0.0
160,2025-09-17,23842,23621,0.0
160,2025-09-18,22299,22982,0.0
160,2025-09-19,24498,24484,0.0
160,2025-09-20,24526,24990,0.0
160,2025-09-21,25426,24494,0.0
160,2025-09-22,23332,23220,0.0
160,2025-09-23,23969,23625,0.0
160,2025-09-24,25021,24477,0.0
160,2025-09-25,24151,24009,0.0
160,2025-09-26,24173,23298,0.0
160,2025-09-27,24163,23966,0.0
160,2025-09-28,25046,24841,0.0
160,2025-09-29,23884,23729,0.0
160,2025-09-30,24999,24481,0.0
160,2025-10-01,24123,23768,0.0
160,2025-10-02,25180,24245,0.0
160,2025-10-03,24643,23746,0.0
160,2025-10-04,23660,23834,0.0
160,2025-10-05,24392,24667,0.0
160,2025-10-06,24873,24106,0.0
160,2025-10-07,25610,24866,0.0
160,2025-10-08,24342,24736,0.0
160,2025-10-09,24377,24184,0.0
160,2025-10-10,23194,23768,0.0
160,2025-10-11,19250,23571,4.3
160,2025-10-12,25225,25089,0.0
160,2025-10-13,24460,24061,0.0
160,2025-10-14,24453,24627,0.0
160,2025-10-15,25050,25185,0.0
160,2025-10-16,23533,23465,0.0
160,2025-10-17,19972,24057,4.1
160,2025-10-18,25520,24860,0.0
160,2025-10-19,22380,22977,0.0
160,2025-10-20,22782,23062,0.0
160,2025-10-21,23248,23532,0.0
160,2025-10-22,24416,24274,0.0
160,2025-10-23,23996,24730,0.0
160,2025-10-24,23404,23782,0.0
160,2025-10-25,24031,24036,0.0
160,2025-10-26,23749,23934,0.0
160,2025-10-27,22270,22854,0.0
160,2025-10-28,24513,24923,0.0
160,2025-10-29,23999,23175,0.0
160,2025-10-30,23296,22952,0.0
160,2025-10-31,25017,24562,0.0
160,2025-11-01,23844,23342,0.0
160,2025-11-02,24045,23473,0.0
160,2025-11-03,23923,24194,0.0
160,2025-11-04,22972,22965,0.0
160,2025-11-05,25182,24890,0.0
160,2025-11-06,25726,24913,0.0
160,2025-11-07,24908,25183,0.0
160,2025-11-08,23147,23676,0.0
160,2025-11-09,23684,23523,0.0
160,2025-11-10,23714,23656,0.0
161,2025-09-16,9017,8807,0.0
161,2025-09-17,9049,9009,0.0
161,2025-09-18,8484,8173,0.0
161,2025-09-19,8645,8711,0.0
161,2025-09-20,8970,8653,0.0
161,2025-09-21,9079,8924,0.0
161,2025-09-22,8794,8700,0.0
161,2025-09-23,8350,8281,0.0
161,2025-09-24,8478,8162,0.0
161,2025-09-25,8545,8376,0.0
161,2025-09-26,8734,8910,0.0
161,2025-09-27,9114,8849,0.0
161,2025-09-28,8785,8465,0.0
161,2025-09-29,9062,8998,0.0
161,2025-09-30,8434,8608,0.0
161,2025-10-01,9022,8909,0.0
161,2025-10-02,8910,8886,0.0
161,2025-10-03,8195,8356,0.0
161,2025-10-04,8619,8539,0.0
161,2025-10-05,8424,8406,0.0
161,2025-10-06,8476,8472,0.0
161,2025-10-07,8936,8976,0.0
161,2025-10-08,8349,8218,0.0
161,2025-10-09,9084,8795,0.0
161,2025-10-10,9097,8751,0.0
161,2025-10-11,8504,8334,0.0
161,2025-10-12,8853,8809,0.0
161,2025-10-13,8500,8682,0.0
161,2025-10-14,8822,8607,0.0
161,2025-10-15,8583,8603,0.0
161,2025-10-16,8546,8252,0.0
161,2025-10-17,8366,8371,0.0
161,2025-10-18,8501,8305,0.0
161,2025-10-19,8452,8187,0.0
161,2025-10-20,8912,8781,0.0
161,2025-10-21,8664,8696,0.0
161,2025-10-22,8465,8555,0.0
161,2025-10-23,8653,8412,0.0
161,2025-10-24,8296,8246,0.0
161,2025-10-25,8648,8326,0.0
161,2025-10-26,8253,8507,0.0
161,2025-10-27,8586,8344,0.0
161,2025-10-28,9283,8947,0.0
161,2025-10-29,8042,8240,0.0
161,2025-10-30,9194,8954,0.0
161,2025-10-31,8451,8238,0.0
161,2025-11-01,8354,8289,0.0
161,2025-11-02,9140,8922,0.0
161,2025-11-03,9112,8867,0.0
161,2025-11-04,8597,8517,0.0
161,2025-11-05,8953,8879,0.0
161,2025-11-06,9274,8958,0.0
161,2025-11-07,8440,8556,0.0
161,2025-11-08,8548,8722,0.0
161,2025-11-09,8508,8697,0.0
161,2025-11-10,8480,8184,0.0
162,2025-09-16,9072,9252,0.0
162,2025-09-17,9909,9880,0.0
162,2025-09-18,9511,9766,0.0
162,2025-09-19,10282,10024,0.0
162,2025-09-20,9275,9349,0.0
162,2025-09-21,9856,9607,0.0
162,2025-09-22,9274,9141,0.0
162,2025-09-23,9658,9357,0.0
162,2025-09-24,9539,9515,0.0
162,2025-09-25,9266,9336,0.0
162,2025-09-26,9646,9514,0.0
162,2025-09-27,9432,9388,0.0
162,2025-09-28,9267,9162,0.0
162,2025-09-29,10186,9916,0.0
162,2025-09-30,9820,9744,0.0
162,2025-10-01,10089,9805,0.0
162,2025-10-02,6236,9152,0.0
162,2025-10-03,6494,9395,0.0
162,2025-10-04,6666,9622,0.0
162,2025-10-05,6398,9576,0.0
162,2025-10-06,6774,9770,0.0
162,2025-10-07,6400,9476,0.0
162,2025-10-08,6590,9572,0.0
162,2025-10-09,6549,9512,0.0
162,2025-10-10,6014,9110,0.0
162,2025-10-11,5973,9104,0.0
162,2025-10-12,6256,9164,0.0
162,2025-10-13,6277,9470,0.0
162,2025-10-14,8992,9198,0.0
162,2025-10-15,9865,9727,0.0
162,2025-10-16,9623,9901,0.0
162,2025-10-17,9820,9612,0.0
162,2025-10-18,9427,9184,0.0
162,2025-10-19,10046,9707,0.0
162,2025-10-20,9779,9704,0.0
162,2025-10-21,10126,9838,0.0
162,2025-10-22,9594,9822,0.0
162,2025-10-23,9360,9114,0.0
162,2025-10-24,9348,9095,0.0
162,2025-10-25,9753,9772,0.0
162,2025-10-26,9942,9658,0.0
162,2025-10-27,9417,9133,0.0
162,2025-10-28,9400,9298,0.0
162,2025-10-29,9888,9652,0.0
162,2025-10-30,9425,9617,0.0
162,2025-10-31,9604,9302,0.0
162,2025-11-01,9896,9577,0.0
162,2025-11-02,9839,9506,0.0
162,2025-11-03,9864,9951,0.0
162,2025-11-04,9641,9320,0.0
162,2025-11-05,9416,9491,0.0
162,2025-11-06,9509,9577,0.0
162,2025-11-07,9574,9584,0.0
162,2025-11-08,9500,9304,0.0
162,2025-11-09,9771,9412,0.0
162,2025-11-10,9267,9101,0.0
163,2025-09-16,19499,19420,0.0
163,2025-09-17,18848,19290,0.0
163,2025-09-18,21289,20742,0.0
163,2025-09-19,19304,19593,0.0
163,2025-09-20,18916,19034,0.0
163,2025-09-21,20153,19584,0.0
163,2025-09-22,19343,19014,0.0
163,2025-09-23,18732,19136,0.0
163,2025-09-24,20223,20153,0.0
163,2025-09-25,20001,19393,0.0
163,2025-09-26,20366,20589,0.0
163,2025-09-27,19343,19570,0.0
163,2025-09-28,20796,20021,0.0
163,2025-09-29,18667,19101,0.0
163,2025-09-30,20191,20720,0.0
163,2025-10-01,20989,20249,0.0
163,2025-10-02,20840,20450,0.0
163,2025-10-03,21642,20900,0.0
163,2025-10-04,21173,20646,0.0
163,2025-10-05,19695,20018,0.0
163,2025-10-06,19617,19596,0.0
163,2025-10-07,21046,20583,0.0
163,2025-10-08,20639,20149,0.0
163,2025-10-09,20555,20112,0.0
163,2025-10-10,20703,20690,0.0
163,2025-10-11,20287,20022,0.0
163,2025-10-12,19832,19233,0.0
163,2025-10-13,19840,19553,0.0
163,2025-10-14,19958,19482,0.0
163,2025-10-15,19528,19532,0.0
163,2025-10-16,19869,19893,0.0
163,2025-10-17,19506,18999,0.0
163,2025-10-18,19864,19412,0.0
163,2025-10-19,20887,20397,0.0
163,2025-10-20,19542,19544,0.0
163,2025-10-21,19246,19811,0.0
163,2025-10-22,20890,20172,0.0
163,2025-10-23,20535,20462,0.0
163,2025-10-24,19470,19365,0.0
163,2025-10-25,19675,20111,0.0
163,2025-10-26,19949,19853,0.0
163,2025-10-27,20837,20149,0.0
163,2025-10-28,19613,19243,0.0
163,2025-10-29,19172,19158,0.0
163,2025-10-30,20015,20065,0.0
163,2025-10-31,20815,20367,0.0
163,2025-11-01,20184,20605,0.0
163,2025-11-02,19550,19684,0.0
163,2025-11-03,19934,19556,0.0
163,2025-11-04,20206,20588,0.0
163,2025-11-05,19271,19548,0.0
163,2025-11-06,20851,20929,0.0
163,2025-11-07,19967,20046,0.0
163,2025-11-08,19726,19456,0.0
163,2025-11-09,19561,19813,0.0
163,2025-11-10,20780,20838,0.0
164,2025-09-16,11358,10988,0.0
164,2025-09-17,11898,11601,0.0
164,2025-09-18,11305,11088,0.0
164,2025-09-19,11269,11039,0.0
164,2025-09-20,11209,11052,0.0
164,2025-09-21,10634,10744,0.0
164,2025-09-22,11104,10952,0.0
164,2025-09-23,7314,11694,0.0
164,2025-09-24,6081,10723,0.0
164,2025-09-25,5964,10667,0.0
164,2025-09-26,6183,10838,0.0
164,2025-09-27,6407,10757,0.0
164,2025-09-28,6431,10733,0.0
164,2025-09-29,6786,10973,0.0
164,2025-09-30,6874,10908,0.0
164,2025-10-01,7110,11591,0.0
164,2025-10-02,6724,11085,0.0
164,2025-10-03,7122,11443,0.0
164,2025-10-04,6512,11283,0.0
164,2025-10-05,7034,11561,0.0
164,2025-10-06,6651,11477,0.0
164,2025-10-07,6568,11561,0.0
164,2025-10-08,6980,11253,0.0
164,2025-10-09,6587,11366,0.0
164,2025-10-10,6267,10878,0.0
164,2025-10-11,7233,11562,0.0
164,2025-10-12,6840,11608,0.0
164,2025-10-13,6829,11698,0.0
164,2025-10-14,6433,11466,0.0
164,2025-10-15,6875,11445,0.0
164,2025-10-16,6454,11277,0.0
164,2025-10-17,6339,11075,0.0
164,2025-10-18,6701,11325,0.0
164,2025-10-19,6514,11118,0.0
164,2025-10-20,6336,10739,0.0
164,2025-10-21,6259,11003,0.0
164,2025-10-22,6412,10922,0.0
164,2025-10-23,6694,11717,0.0
164,2025-10-24,6478,11542,0.0
164,2025-10-25,6684,10802,0.0
164,2025-10-26,6635,10899,0.0
164,2025-10-27,6788,11262,0.0
164,2025-10-28,6634,11760,0.0
164,2025-10-29,7171,11742,0.0
164,2025-10-30,6972,11651,0.0
164,2025-10-31,6736,11344,0.0
164,2025-11-01,6264,11184,0.0
164,2025-11-02,6345,10733,0.0
164,2025-11-03,6262,10993,0.0
164,2025-11-04,6656,10787,0.0
164,2025-11-05,6578,11344,0.0
164,2025-11-06,6614,11523,0.0
164,2025-11-07,6520,11165,0.0
164,2025-11-08,7232,11670,0.0
164,2025-11-09,6487,10996,0.0
164,2025-11-10,6877,11075,0.0
165,2025-09-16,31959,31691,0.0
165,2025-09-17,30999,31106,0.0
165,2025-09-18,34029,33280,0.0
165,2025-09-19,34022,32950,0.0
165,2025-09-20,33729,32969,0.0
165,2025-09-21,33679,33656,0.0
165,2025-09-22,32093,32866,0.0
165,2025-09-23,22854,33879,8.4
165,2025-09-24,30533,31472,0.0
165,2025-09-25,33060,33259,0.0
165,2025-09-26,34375,33432,0.0
165,2025-09-27,32787,33112,0.0
165,2025-09-28,31282,31347,0.0
165,2025-09-29,32998,32752,0.0
165,2025-09-30,34777,34001,0.0
165,2025-10-01,32891,31787,0.0
165,2025-10-02,32705,32105,0.0
165,2025-10-03,31868,31534,0.0
165,2025-10-04,32425,33155,0.0
165,2025-10-05,32627,32407,0.0
165,2025-10-06,30854,31326,0.0
165,2025-10-07,32466,32786,0.0
165,2025-10-08,33033,33005,0.0
165,2025-10-09,31243,31058,0.0
165,2025-10-10,30939,31058,0.0
165,2025-10-11,33061,32452,0.0
165,2025-10-12,32515,32783,0.0
165,2025-10-13,32834,31703,0.0
165,2025-10-14,31678,31445,0.0
165,2025-10-15,33314,32470,0.0
165,2025-10-16,31468,31206,0.0
165,2025-10-17,32542,32595,0.0
165,2025-10-18,32664,33364,0.0
165,2025-10-19,32620,32671,0.0
165,2025-10-20,31635,32281,0.0
165,2025-10-21,33348,33896,0.0
165,2025-10-22,31620,31746,0.0
165,2025-10-23,31680,32204,0.0
165,2025-10-24,30976,31491,0.0
165,2025-10-25,35128,34066,0.0
165,2025-10-26,32934,33151,0.0
165,2025-10-27,32407,31339,0.0
165,2025-10-28,31088,31830,0.0
165,2025-10-29,32395,32452,0.0
165,2025-10-30,31140,31930,0.0
165,2025-10-31,30573,31200,0.0
165,2025-11-01,31692,31702,0.0
165,2025-11-02,31506,31308,0.0
165,2025-11-03,30665,30992,0.0
165,2025-11-04,33810,32799,0.0
165,2025-11-05,31533,32101,0.0
165,2025-11-06,33059,34014,0.0
165,2025-11-07,34429,33655,0.0
165,2025-11-08,32122,32627,0.0
165,2025-11-09,31840,31516,0.0
165,2025-11-10,32422,32571,0.0
166,2025-09-16,24608,25158,0.0
166,2025-09-17,25772,25471,0.0
166,2025-09-18,25911,25465,0.0
166,2025-09-19,25201,25637,0.0
166,2025-09-20,25512,25748,0.0
166,2025-09-21,25646,26113,0.0
166,2025-09-22,24639,25052,0.0
166,2025-09-23,27787,27064,0.0
166,2025-09-24,26841,26250,0.0
166,2025-09-25,27619,26728,0.0
166,2025-09-26,26516,26251,0.0
166,2025-09-27,27113,26752,0.0
166,2025-09-28,25546,24840,0.0
166,2025-09-29,28224,27144,0.0
166,2025-09-30,26762,26059,0.0
166,2025-10-01,27036,26925,0.0
166,2025-10-02,25135,25239,0.0
166,2025-10-03,26279,26974,0.0
166,2025-10-04,25241,25826,0.0
166,2025-10-05,25273,25649,0.0
166,2025-10-06,25246,25349,0.0
166,2025-10-07,26301,25303,0.0
166,2025-10-08,25435,25425,0.0
166,2025-10-09,25702,26105,0.0
166,2025-10-10,25798,24931,0.0
166,2025-10-11,26644,26030,0.0
166,2025-10-12,25034,25352,0.0
166,2025-10-13,27694,27165,0.0
166,2025-10-14,25663,25373,0.0
166,2025-10-15,25623,26261,0.0
166,2025-10-16,26169,25685,0.0
166,2025-10-17,27384,27013,0.0
166,2025-10-18,25911,26309,0.0
166,2025-10-19,26355,26541,0.0
166,2025-10-20,25939,25671,0.0
166,2025-10-21,25511,24983,0.0
166,2025-10-22,25499,25214,0.0
166,2025-10-23,26856,26017,0.0
166,2025-10-24,25496,25520,0.0
166,2025-10-25,25716,24817,0.0
166,2025-10-26,26949,26300,0.0
166,2025-10-27,24635,25236,0.0
166,2025-10-28,24555,24940,0.0
166,2025-10-29,27098,26609,0.0
166,2025-10-30,26222,25311,0.0
166,2025-10-31,27816,27085,0.0
166,2025-11-01,26151,26923,0.0
166,2025-11-02,24869,25140,0.0
166,2025-11-03,24798,25341,0.0
166,2025-11-04,25663,25373,0.0
166,2025-11-05,25382,25439,0.0
166,2025-11-06,25579,26099,0.0
166,2025-11-07,26287,26783,0.0
166,2025-11-08,25699,25133,0.0
166,2025-11-09,26098,25793,0.0
166,2025-11-10,26982,26690,0.0
167,2025-09-16,3154,3111,0.0
167,2025-09-17,3227,3276,0.0
167,2025-09-18,3245,3284,0.0
167,2025-09-19,3148,3227,0.0
167,2025-09-20,3092,3147,0.0
167,2025-09-21,3352,3243,0.0
167,2025-09-22,3072,3043,0.0
167,2025-09-23,3325,3330,0.0
167,2025-09-24,3140,3232,0.0
167,2025-09-25,3111,3085,0.0
167,2025-09-26,3006,3051,0.0
167,2025-09-27,3067,3139,0.0
167,2025-09-28,3205,3265,0.0
167,2025-09-29,3081,3051,0.0
167,2025-09-30,3169,3094,0.0
167,2025-10-01,3287,3248,0.0
167,2025-10-02,3165,3255,0.0
167,2025-10-03,3038,3089,0.0
167,2025-10-04,3201,3084,0.0
167,2025-10-05,3255,3148,0.0
167,2025-10-06,3281,3269,0.0
167,2025-10-07,3216,3102,0.0
167,2025-10-08,3184,3105,0.0
167,2025-10-09,3277,3189,0.0
167,2025-10-10,3098,3043,0.0
167,2025-10-11,2960,3038,0.0
167,2025-10-12,3207,3206,0.0
167,2025-10-13,3239,3331,0.0
167,2025-10-14,3146,3044,0.0
167,2025-10-15,3318,3325,0.0
167,2025-10-16,3274,3241,0.0
167,2025-10-17,3091,3042,0.0
167,2025-10-18,3192,3285,0.0
167,2025-10-19,3360,3308,0.0
167,2025-10-20,3126,3028,0.0
167,2025-10-21,3302,3279,0.0
167,2025-10-22,3145,3148,0.0
167,2025-10-23,3234,3306,0.0
167,2025-10-24,3382,3253,0.0
167,2025-10-25,3131,3212,0.0
167,2025-10-26,3023,3108,0.0
167,2025-10-27,3213,3284,0.0
167,2025-10-28,3124,3175,0.0
167,2025-10-29,3188,3120,0.0
167,2025-10-30,3325,3297,0.0
167,2025-10-31,3204,3082,0.0
167,2025-11-01,3099,3150,0.0
167,2025-11-02,3254,3195,0.0
167,2025-11-03,3223,3170,0.0
167,2025-11-04,3317,3203,0.0
167,2025-11-05,3138,3188,0.0
167,2025-11-06,3037,3118,0.0
167,2025-11-07,3298,3287,0.0
167,2025-11-08,3370,3266,0.0
167,2025-11-09,3221,3294,0.0
167,2025-11-10,3121,3046,0.0
168,2025-09-16,11667,11464,0.0
168,2025-09-17,11854,11541,0.0
168,2025-09-18,10860,10956,0.0
168,2025-09-19,10949,10623,0.0
168,2025-09-20,11447,11057,0.0
168,2025-09-21,10934,10764,0.0
168,2025-09-22,11123,11370,0.0
168,2025-09-23,11165,11141,0.0
168,2025-09-24,11355,11445,0.0
168,2025-09-25,10900,10528,0.0
168,2025-09-26,11054,10680,0.0
168,2025-09-27,11385,11379,0.0
168,2025-09-28,10818,10864,0.0
168,2025-09-29,10973,10652,0.0
168,2025-09-30,10778,11055,0.0
168,2025-10-01,10880,10487,0.0
168,2025-10-02,10934,10777,0.0
168,2025-10-03,11592,11169,0.0
168,2025-10-04,11266,11306,0.0
168,2025-10-05,11056,10632,0.0
168,2025-10-06,10734,10577,0.0
168,2025-10-07,10391,10498,0.0
168,2025-10-08,10743,10536,0.0
168,2025-10-09,10739,10810,0.0
168,2025-10-10,11161,11175,0.0
168,2025-10-11,11050,10650,0.0
168,2025-10-12,10767,11048,0.0
168,2025-10-13,11107,10816,0.0
168,2025-10-14,11063,10639,0.0
168,2025-10-15,11438,11259,0.0
168,2025-10-16,10787,10448,0.0
168,2025-10-17,10910,10757,0.0
168,2025-10-18,10732,10517,0.0
168,2025-10-19,11304,11088,0.0
168,2025-10-20,11251,11120,0.0
168,2025-10-21,11525,11452,0.0
168,2025-10-22,10821,10875,0.0
168,2025-10-23,10959,11073,0.0
168,2025-10-24,11078,10689,0.0
168,2025-10-25,10570,10852,0.0
168,2025-10-26,11263,11137,0.0
168,2025-10-27,11151,10921,0.0
168,2025-10-28,11111,11175,0.0
168,2025-10-29,10827,10848,0.0
168,2025-10-30,11034,10771,0.0
168,2025-10-31,11306,11535,0.0
168,2025-11-01,11257,11242,0.0
168,2025-11-02,10894,10874,0.0
168,2025-11-03,10933,11164,0.0
168,2025-11-04,10456,10474,0.0
168,2025-11-05,10421,10455,0.0
168,2025-11-06,10194,10493,0.0
168,2025-11-07,11435,11544,0.0
168,2025-11-08,10932,10568,0.0
168,2025-11-09,11364,11531,0.0
168,2025-11-10,11119,11159,0.0
169,2025-09-16,17465,16838,0.0
169,2025-09-17,16521,16718,0.0
169,2025-09-18,16800,16703,0.0
169,2025-09-19,15094,15447,0.0
169,2025-09-20,17675,17032,0.0
169,2025-09-21,16298,16318,0.0
169,2025-09-22,15469,15880,0.0
169,2025-09-23,17307,16673,0.0
169,2025-09-24,16375,16310,0.0
169,2025-09-25,15626,16101,0.0
169,2025-09-26,16334,16609,0.0
169,2025-09-27,16490,16853,0.0
169,2025-09-28,15919,15666,0.0
169,2025-09-29,15365,15679,0.0
169,2025-09-30,15411,15690,0.0
169,2025-10-01,15427,15890,0.0
169,2025-10-02,15579,15691,0.0
169,2025-10-03,16781,17063,0.0
169,2025-10-04,16102,15921,0.0
169,2025-10-05,15121,15588,0.0
169,2025-10-06,16679,16339,0.0
169,2025-10-07,16770,16743,0.0
169,2025-10-08,16648,16885,0.0
169,2025-10-09,15268,15626,0.0
169,2025-10-10,16311,16522,0.0
169,2025-10-11,17447,16975,0.0
169,2025-10-12,15828,15956,0.0
169,2025-10-13,16555,16158,0.0
169,2025-10-14,16352,16683,0.0
169,2025-10-15,15763,15652,0.0
169,2025-10-16,17189,16725,0.0
169,2025-10-17,15638,15630,0.0
169,2025-10-18,16833,16519,0.0
169,2025-10-19,16946,16343,0.0
169,2025-10-20,16219,16672,0.0
169,2025-10-21,15589,15486,0.0
169,2025-10-22,16005,15466,0.0
169,2025-10-23,16472,16893,0.0
169,2025-10-24,15542,15906,0.0
169,2025-10-25,17491,16971,0.0
169,2025-10-26,15361,15564,0.0
169,2025-10-27,16560,16672,0.0
169,2025-10-28,16675,16268,0.0
169,2025-10-29,17516,16950,0.0
169,2025-10-30,16012,16201,0.0
169,2025-10-31,16154,16176,0.0
169,2025-11-01,16810,16460,0.0
169,2025-11-02,15857,15723,0.0
169,2025-11-03,16780,16534,0.0
169,2025-11-04,16351,15801,0.0
169,2025-11-05,16616,16667,0.0
169,2025-11-06,17003,16922,0.0
169,2025-11-07,17266,17012,0.0
169,2025-11-08,16079,15808,0.0
169,2025-11-09,16846,16695,0.0
169,2025-11-10,15858,15597,0.0
170,2025-09-16,56138,55394,0.0
170,2025-09-17,57336,55388,0.0
170,2025-09-18,53543,53641,0.0
170,2025-09-19,51943,52297,0.0
170,2025-09-20,52793,52557,0.0
170,2025-09-21,51642,50687,0.0
170,2025-09-22,54402,55340,0.0
170,2025-09-23,45409,53592,4.4
170,2025-09-24,54829,55335,0.0
170,2025-09-25,54239,52861,0.0
170,2025-09-26,53748,52645,0.0
170,2025-09-27,52287,52985,0.0
170,2025-09-28,50861,50806,0.0
170,2025-09-29,51730,52782,0.0
170,2025-09-30,53519,53558,0.0
170,2025-10-01,52563,50888,0.0
170,2025-10-02,54072,53302,0.0
170,2025-10-03,54965,53856,0.0
170,2025-10-04,53373,52694,0.0
170,2025-10-05,55154,55034,0.0
170,2025-10-06,53896,54850,0.0
170,2025-10-07,54562,54172,0.0
170,2025-10-08,50864,51910,0.0
170,2025-10-09,54979,54659,0.0
170,2025-10-10,51339,51247,0.0
170,2025-10-11,51534,51889,0.0
170,2025-10-12,52950,52321,0.0
170,2025-10-13,55194,55079,0.0
170,2025-10-14,50061,51503,0.0
170,2025-10-15,52004,50656,0.0
170,2025-10-16,50690,50903,0.0
170,2025-10-17,53258,54075,0.0
170,2025-10-18,53427,53769,0.0
170,2025-10-19,57030,55093,0.0
170,2025-10-20,55310,54891,0.0
170,2025-10-21,51327,52064,0.0
170,2025-10-22,51823,52893,0.0
170,2025-10-23,55570,53862,0.0
170,2025-10-24,52152,53160,0.0
170,2025-10-25,55651,54991,0.0
170,2025-10-26,51710,55515,1.7
170,2025-10-27,53045,54220,0.0
170,2025-10-28,54347,52612,0.0
170,2025-10-29,56673,55018,0.0
170,2025-10-30,57083,54939,0.0
170,2025-10-31,53166,51221,0.0
170,2025-11-01,49850,50817,0.0
170,2025-11-02,54354,52484,0.0
170,2025-11-03,49711,51083,0.0
170,2025-11-04,50681,51851,0.0
170,2025-11-05,51579,51778,0.0
170,2025-11-06,49679,50905,0.0
170,2025-11-07,52801,54349,0.0
170,2025-11-08,52588,52582,0.0
170,2025-11-09,54050,54386,0.0
170,2025-11-10,51884,50917,0.0
171,2025-09-16,7737,7572,0.0
171,2025-09-17,7389,7302,0.0
171,2025-09-18,8078,8067,0.0
171,2025-09-19,7608,7410,0.0
171,2025-09-20,7672,7910,0.0
171,2025-09-21,7871,7918,0.0
171,2025-09-22,7754,7871,0.0
171,2025-09-23,7412,7596,0.0
171,2025-09-24,7764,7658,0.0
171,2025-09-25,8086,7891,0.0
171,2025-09-26,7513,7590,0.0
171,2025-09-27,7528,7522,0.0
171,2025-09-28,7216,7310,0.0
171,2025-09-29,7942,7773,0.0
171,2025-09-30,7844,7571,0.0
171,2025-10-01,7974,7838,0.0
171,2025-10-02,7194,7362,0.0
171,2025-10-03,7696,7684,0.0
171,2025-10-04,8143,7847,0.0
171,2025-10-05,7518,7565,0.0
171,2025-10-06,7923,7798,0.0
171,2025-10-07,7522,7352,0.0
171,2025-10-08,7525,7743,0.0
171,2025-10-09,8001,7932,0.0
171,2025-10-10,7784,7667,0.0
171,2025-10-11,7604,7809,0.0
171,2025-10-12,7981,7781,0.0
171,2025-10-13,7346,7489,0.0
171,2025-10-14,7732,7601,0.0
171,2025-10-15,7931,7823,0.0
171,2025-10-16,7604,7597,0.0
171,2025-10-17,8003,7787,0.0
171,2025-10-18,7371,7489,0.0
171,2025-10-19,7674,7826,0.0
171,2025-10-20,7412,7574,0.0
171,2025-10-21,7815,7968,0.0
171,2025-10-22,7761,7789,0.0
171,2025-10-23,7957,7798,0.0
171,2025-10-24,7438,7470,0.0
171,2025-10-25,7399,7364,0.0
171,2025-10-26,7992,7766,0.0
171,2025-10-27,7209,7331,0.0
171,2025-10-28,7755,7488,0.0
171,2025-10-29,8115,7894,0.0
171,2025-10-30,7778,7879,0.0
171,2025-10-31,7910,7836,0.0
171,2025-11-01,8085,7841,0.0
171,2025-11-02,7225,7410,0.0
171,2025-11-03,7765,7761,0.0
171,2025-11-04,8065,7955,0.0
171,2025-11-05,7435,7461,0.0
171,2025-11-06,8180,7881,0.0
171,2025-11-07,7554,7498,0.0
171,2025-11-08,7759,7726,0.0
171,2025-11-09,7882,7682,0.0
171,2025-11-10,7310,7355,0.0
172,2025-09-16,7966,7668,0.0
172,2025-09-17,7354,7110,0.0
172,2025-09-18,7404,7582,0.0
172,2025-09-19,7147,7030,0.0
172,2025-09-20,7247,7268,0.0
172,2025-09-21,7435,7297,0.0
172,2025-09-22,7210,7336,0.0
172,2025-09-23,7352,7170,0.0
172,2025-09-24,7280,7054,0.0
172,2025-09-25,6999,7142,0.0
172,2025-09-26,7622,7703,0.0
172,2025-09-27,7492,7603,0.0
172,2025-09-28,7611,7708,0.0
172,2025-09-29,7264,7297,0.0
172,2025-09-30,7548,7292,0.0
172,2025-10-01,7330,7310,0.0
172,2025-10-02,7435,7384,0.0
172,2025-10-03,7204,7125,0.0
172,2025-10-04,7519,7599,0.0
172,2025-10-05,7206,7278,0.0
172,2025-10-06,7077,7234,0.0
172,2025-10-07,7339,7240,0.0
172,2025-10-08,7709,7434,0.0
172,2025-10-09,7593,7316,0.0
172,2025-10-10,7667,7692,0.0
172,2025-10-11,7327,7113,0.0
172,2025-10-12,7776,7646,0.0
172,2025-10-13,7739,7561,0.0
172,2025-10-14,7767,7532,0.0
172,2025-10-15,7569,7704,0.0
172,2025-10-16,7688,7525,0.0
172,2025-10-17,7534,7438,0.0
172,2025-10-18,7399,7512,0.0
172,2025-10-19,7029,7109,0.0
172,2025-10-20,6941,7089,0.0
172,2025-10-21,7589,7585,0.0
172,2025-10-22,6982,7011,0.0
172,2025-10-23,7011,7152,0.0
172,2025-10-24,7586,7348,0.0
172,2025-10-25,7808,7516,0.0
172,2025-10-26,7723,7500,0.0
172,2025-10-27,7355,7219,0.0
172,2025-10-28,7327,7371,0.0
172,2025-10-29,7714,7640,0.0
172,2025-10-30,6948,7093,0.0
172,2025-10-31,7570,7522,0.0
172,2025-11-01,6839,7025,0.0
172,2025-11-02,7354,7458,0.0
172,2025-11-03,7074,7223,0.0
172,2025-11-04,7695,7628,0.0
172,2025-11-05,7983,7706,0.0
172,2025-11-06,7322,7150,0.0
172,2025-11-07,7773,7657,0.0
172,2025-11-08,7833,7691,0.0
172,2025-11-09,7342,7206,0.0
172,2025-11-10,7491,7688,0.0
173,2025-09-16,28888,28768,0.0
173,2025-09-17,27762,27730,0.0
173,2025-09-18,27196,27238,0.0
173,2025-09-19,28454,29040,0.0
173,2025-09-20,29162,28080,0.0
173,2025-09-21,26507,26938,0.0
173,2025-09-22,30237,29097,0.0
173,2025-09-23,27439,26698,0.0
173,2025-09-24,27734,26759,0.0
173,2025-09-25,29433,28516,0.0
173,2025-09-26,28916,29195,0.0
173,2025-09-27,28300,28912,0.0
173,2025-09-28,29760,29059,0.0
173,2025-09-29,28940,29404,0.0
173,2025-09-30,28562,29001,0.0
173,2025-10-01,28168,27690,0.0
173,2025-10-02,29067,28050,0.0
173,2025-10-03,29578,28559,0.0
173,2025-10-04,28366,28020,0.0
173,2025-10-05,27447,26862,0.0
173,2025-10-06,26232,26646,0.0
173,2025-10-07,28334,28520,0.0
173,2025-10-08,27765,27424,0.0
173,2025-10-09,29201,29189,0.0
173,2025-10-10,27614,28198,0.0
173,2025-10-11,27683,27797,0.0
173,2025-10-12,29242,28959,0.0
173,2025-10-13,26549,27148,0.0
173,2025-10-14,27334,27658,0.0
173,2025-10-15,30062,29167,0.0
173,2025-10-16,28643,27671,0.0
173,2025-10-17,30151,29338,0.0
173,2025-10-18,27677,26839,0.0
173,2025-10-19,28343,27440,0.0
173,2025-10-20,26973,27589,0.0
173,2025-10-21,29570,28627,0.0
173,2025-10-22,29349,28422,0.0
173,2025-10-23,26969,26759,0.0
173,2025-10-24,29728,28678,0.0
173,2025-10-25,29042,28744,0.0
173,2025-10-26,28011,27423,0.0
173,2025-10-27,27186,26794,0.0
173,2025-10-28,26598,27300,0.0
173,2025-10-29,27545,27701,0.0
173,2025-10-30,26986,26835,0.0
173,2025-10-31,27132,27547,0.0
173,2025-11-01,28642,28456,0.0
173,2025-11-02,28125,28432,0.0
173,2025-11-03,28001,27906,0.0
173,2025-11-04,26619,26762,0.0
173,2025-11-05,27644,28413,0.0
173,2025-11-06,27119,27752,0.0
173,2025-11-07,28665,27691,0.0
173,2025-11-08,28023,27987,0.0
173,2025-11-09,28922,28160,0.0
173,2025-11-10,28512,29318,0.0
174,2025-09-16,6251,6174,0.0
174,2025-09-17,6673,6658,0.0
174,2025-09-18,6496,6648,0.0
174,2025-09-19,6476,6432,0.0
174,2025-09-20,6506,6384,0.0
174,2025-09-21,5994,6134,0.0
174,2025-09-22,6638,6668,0.0
174,2025-09-23,6583,6585,0.0
174,2025-09-24,6383,6147,0.0
174,2025-09-25,6437,6375,0.0
174,2025-09-26,4756,6355,0.0
174,2025-09-27,4744,6530,0.0
174,2025-09-28,4304,6202,0.0
174,2025-09-29,4543,6379,0.0
174,2025-09-30,4271,6280,0.0
174,2025-10-01,4545,6695,0.0
174,2025-10-02,4564,6314,0.0
174,2025-10-03,4531,6486,0.0
174,2025-10-04,4296,6297,0.0
174,2025-10-05,4599,6526,0.0
174,2025-10-06,6282,6232,0.0
174,2025-10-07,6951,6706,0.0
174,2025-10-08,6521,6454,0.0
174,2025-10-09,6322,6179,0.0
174,2025-10-10,6210,6330,0.0
174,2025-10-11,6246,6374,0.0
174,2025-10-12,6538,6383,0.0
174,2025-10-13,6173,6117,0.0
174,2025-10-14,6549,6595,0.0
174,2025-10-15,6570,6348,0.0
174,2025-10-16,6656,6630,0.0
174,2025-10-17,6436,6634,0.0
174,2025-10-18,6074,6172,0.0
174,2025-10-19,6242,6205,0.0
174,2025-10-20,6580,6370,0.0
174,2025-10-21,6342,6320,0.0
174,2025-10-22,6668,6593,0.0
174,2025-10-23,6186,6277,0.0
174,2025-10-24,6689,6593,0.0
174,2025-10-25,6301,6180,0.0
174,2025-10-26,6270,6406,0.0
174,2025-10-27,6575,6347,0.0
174,2025-10-28,6306,6077,0.0
174,2025-10-29,6651,6598,0.0
174,2025-10-30,6297,6079,0.0
174,2025-10-31,6892,6665,0.0
174,2025-11-01,6397,6536,0.0
174,2025-11-02,6179,6367,0.0
174,2025-11-03,6610,6430,0.0
174,2025-11-04,6304,6181,0.0
174,2025-11-05,6402,6378,0.0
174,2025-11-06,6564,6552,0.0
174,2025-11-07,6292,6152,0.0
174,2025-11-08,6407,6262,0.0
174,2025-11-09,6468,6518,0.0
174,2025-11-10,6420,6397,0.0
175,2025-09-16,4175,4187,0.0
175,2025-09-17,4242,4191,0.0
175,2025-09-18,4394,4252,0.0
175,2025-09-19,4135,4249,0.0
175,2025-09-20,4376,4249,0.0
175,2025-09-21,4274,4315,0.0
175,2025-09-22,4419,4486,0.0
175,2025-09-23,4393,4513,0.0
175,2025-09-24,4566,4549,0.0
175,2025-09-25,4696,4621,0.0
175,2025-09-26,4355,4460,0.0
175,2025-09-27,4658,4501,0.0
175,2025-09-28,4239,4240,0.0
175,2025-09-29,4512,4465,0.0
175,2025-09-30,4250,4348,0.0
175,2025-10-01,4396,4341,0.0
175,2025-10-02,4516,4526,0.0
175,2025-10-03,4198,4205,0.0
175,2025-10-04,4543,4487,0.0
175,2025-10-05,4318,4290,0.0
175,2025-10-06,4261,4304,0.0
175,2025-10-07,4371,4501,0.0
175,2025-10-08,4511,4600,0.0
175,2025-10-09,4736,4604,0.0
175,2025-10-10,4524,4354,0.0
175,2025-10-11,4358,4274,0.0
175,2025-10-12,4284,4275,0.0
175,2025-10-13,4322,4243,0.0
175,2025-10-14,4119,4220,0.0
175,2025-10-15,4565,4621,0.0
175,2025-10-16,4473,4389,0.0
175,2025-10-17,4291,4312,0.0
175,2025-10-18,4447,4373,0.0
175,2025-10-19,4435,4334,0.0
175,2025-10-20,4558,4446,0.0
175,2025-10-21,4491,4603,0.0
175,2025-10-22,4372,4496,0.0
175,2025-10-23,4244,4362,0.0
175,2025-10-24,4373,4254,0.0
175,2025-10-25,4279,4409,0.0
175,2025-10-26,4251,4341,0.0
175,2025-10-27,4321,4279,0.0
175,2025-10-28,4342,4394,0.0
175,2025-10-29,4359,4388,0.0
175,2025-10-30,4603,4563,0.0
175,2025-10-31,4251,4314,0.0
175,2025-11-01,4299,4278,0.0
175,2025-11-02,4244,4226,0.0
175,2025-11-03,4239,4312,0.0
175,2025-11-04,4430,4438,0.0
175,2025-11-05,4474,4356,0.0
175,2025-11-06,4670,4500,0.0
175,2025-11-07,4781,4621,0.0
175,2025-11-08,4299,4312,0.0
175,2025-11-09,4673,4545,0.0
175,2025-11-10,4157,4279,0.0
176,2025-09-16,9798,9458,0.0
176,2025-09-17,9510,9338,0.0
176,2025-09-18,8914,8928,0.0
176,2025-09-19,8939,8726,0.0
176,2025-09-20,8876,8899,0.0
176,2025-09-21,9408,9134,0.0
176,2025-09-22,9080,9250,0.0
176,2025-09-23,9010,8861,0.0
176,2025-09-24,8393,8629,0.0
176,2025-09-25,9500,9209,0.0
176,2025-09-26,8909,9092,0.0
176,2025-09-27,8819,8676,0.0
176,2025-09-28,9087,8939,0.0
176,2025-09-29,8426,8676,0.0
176,2025-09-30,9027,9291,0.0
176,2025-10-01,9246,9344,0.0
176,2025-10-02,8742,8702,0.0
176,2025-10-03,9105,8782,0.0
176,2025-10-04,8943,9182,0.0
176,2025-10-05,9690,9493,0.0
176,2025-10-06,8910,8979,0.0
176,2025-10-07,8933,8794,0.0
176,2025-10-08,9398,9288,0.0
176,2025-10-09,9638,9333,0.0
176,2025-10-10,8445,8651,0.0
176,2025-10-11,9318,9131,0.0
176,2025-10-12,9199,9137,0.0
176,2025-10-13,8975,9099,0.0
176,2025-10-14,9315,9256,0.0
176,2025-10-15,9114,8878,0.0
176,2025-10-16,9735,9473,0.0
176,2025-10-17,9017,9181,0.0
176,2025-10-18,9225,8902,0.0
176,2025-10-19,8973,8656,0.0
176,2025-10-20,9528,9452,0.0
176,2025-10-21,9374,9164,0.0
176,2025-10-22,9021,9267,0.0
176,2025-10-23,8601,8836,0.0
176,2025-10-24,8868,8999,0.0
176,2025-10-25,8814,8817,0.0
176,2025-10-26,8745,8752,0.0
176,2025-10-27,8914,8620,0.0
176,2025-10-28,8890,8672,0.0
176,2025-10-29,9566,9208,0.0
176,2025-10-30,8658,8658,0.0
176,2025-10-31,9659,9381,0.0
176,2025-11-01,9397,9304,0.0
176,2025-11-02,9795,9486,0.0
176,2025-11-03,9587,9364,0.0
176,2025-11-04,9715,9423,0.0
176,2025-11-05,9358,9497,0.0
176,2025-11-06,8941,8678,0.0
176,2025-11-07,9569,9214,0.0
176,2025-11-08,9542,9208,0.0
176,2025-11-09,8794,8606,0.0
176,2025-11-10,9164,9048,0.0
177,2025-09-16,14821,15060,0.0
177,2025-09-17,15947,15864,0.0
177,2025-09-18,14910,15267,0.0
177,2025-09-19,14533,14849,0.0
177,2025-09-20,15555,15300,0.0
177,2025-09-21,15048,15000,0.0
177,2025-09-22,15829,15362,0.0
177,2025-09-23,14873,14539,0.0
177,2025-09-24,15431,15028,0.0
177,2025-09-25,14796,14531,0.0
177,2025-09-26,15054,14985,0.0
177,2025-09-27,15883,15378,0.0
177,2025-09-28,15958,15832,0.0
177,2025-09-29,14718,14739,0.0
177,2025-09-30,15882,15754,0.0
177,2025-10-01,14659,14419,0.0
177,2025-10-02,15296,14982,0.0
177,2025-10-03,15724,15351,0.0
177,2025-10-04,15022,14990,0.0
177,2025-10-05,14828,14661,0.0
177,2025-10-06,15057,15054,0.0
177,2025-10-07,15587,15161,0.0
177,2025-10-08,15575,15423,0.0
177,2025-10-09,15002,14983,0.0
177,2025-10-10,16459,15880,0.0
177,2025-10-11,14558,14665,0.0
177,2025-10-12,15816,15294,0.0
177,2025-10-13,15688,15196,0.0
177,2025-10-14,15274,15084,0.0
177,2025-10-15,14905,14748,0.0
177,2025-10-16,15074,15192,0.0
177,2025-10-17,14593,14899,0.0
177,2025-10-18,15136,15086,0.0
177,2025-10-19,15862,15857,0.0
177,2025-10-20,15383,14957,0.0
177,2025-10-21,15208,15651,0.0
177,2025-10-22,15446,14941,0.0
177,2025-10-23,14735,14419,0.0
177,2025-10-24,14086,14492,0.0
177,2025-10-25,16108,15797,0.0
177,2025-10-26,14728,15049,0.0
177,2025-10-27,16068,15564,0.0
177,2025-10-28,15111,15217,0.0
177,2025-10-29,14244,14488,0.0
177,2025-10-30,15696,15275,0.0
177,2025-10-31,15458,14915,0.0
177,2025-11-01,15559,15595,0.0
177,2025-11-02,15161,15050,0.0
177,2025-11-03,15896,15656,0.0
177,2025-11-04,14904,15031,0.0
177,2025-11-05,14967,15368,0.0
177,2025-11-06,14735,14388,0.0
177,2025-11-07,14958,14778,0.0
177,2025-11-08,15527,15349,0.0
177,2025-11-09,15158,15059,0.0
177,2025-11-10,15556,15126,0.0
178,2025-09-16,23613,23270,0.0
178,2025-09-17,22805,22494,0.0
178,2025-09-18,22917,22377,0.0
178,2025-09-19,20683,21295,0.0
178,2025-09-20,22508,21823,0.0
178,2025-09-21,21842,22497,0.0
178,2025-09-22,22398,22457,0.0
178,2025-09-23,21545,21448,0.0
178,2025-09-24,21601,21120,0.0
178,2025-09-25,22766,22401,0.0
178,2025-09-26,21051,21471,0.0
178,2025-09-27,21184,21488,0.0
178,2025-09-28,23172,22890,0.0
178,2025-09-29,21407,21104,0.0
178,2025-09-30,20776,21162,0.0
178,2025-10-01,22724,22175,0.0
178,2025-10-02,22777,23155,0.0
178,2025-10-03,23423,22811,0.0
178,2025-10-04,23263,22513,0.0
178,2025-10-05,21637,21645,0.0
178,2025-10-06,22651,22070,0.0
178,2025-10-07,22857,23165,0.0
178,2025-10-08,22173,21708,0.0
178,2025-10-09,22216,22863,0.0
178,2025-10-10,22908,22803,0.0
178,2025-10-11,21963,22493,0.0
178,2025-10-12,21703,21936,0.0
178,2025-10-13,22762,22394,0.0
178,2025-10-14,23319,22573,0.0
178,2025-10-15,22362,21636,0.0
178,2025-10-16,22727,22273,0.0
178,2025-10-17,21628,21531,0.0
178,2025-10-18,21960,21631,0.0
178,2025-10-19,21548,21633,0.0
178,2025-10-20,22141,21692,0.0
178,2025-10-21,23422,23057,0.0
178,2025-10-22,23401,22539,0.0
178,2025-10-23,23110,23126,0.0
178,2025-10-24,22682,22547,0.0
178,2025-10-25,22882,22193,0.0
178,2025-10-26,22874,22315,0.0
178,2025-10-27,23210,22536,0.0
178,2025-10-28,23307,22522,0.0
178,2025-10-29,23277,22466,0.0
178,2025-10-30,23598,22915,0.0
178,2025-10-31,22893,23240,0.0
178,2025-11-01,22841,22217,0.0
178,2025-11-02,20855,21134,0.0
178,2025-11-03,22453,22091,0.0
178,2025-11-04,22015,22114,0.0
178,2025-11-05,23868,23068,0.0
178,2025-11-06,21215,21422,0.0
178,2025-11-07,22675,21975,0.0
178,2025-11-08,22899,22313,0.0
178,2025-11-09,22867,22508,0.0
178,2025-11-10,22795,23001,0.0
179,2025-09-16,7204,7056,0.0
179,2025-09-17,7095,6968,0.0
179,2025-09-18,6224,6402,0.0
179,2025-09-19,6727,6591,0.0
179,2025-09-20,6801,6629,0.0
179,2025-09-21,6924,6786,0.0
179,2025-09-22,6703,6655,0.0
179,2025-09-23,6811,6939,0.0
179,2025-09-24,6345,6518,0.0
179,2025-09-25,6922,7049,0.0
179,2025-09-26,6597,6518,0.0
179,2025-09-27,6520,6700,0.0
179,2025-09-28,6785,6882,0.0
179,2025-09-29,7186,6954,0.0
179,2025-09-30,6641,6567,0.0
179,2025-10-01,6784,6618,0.0
179,2025-10-02,6943,6847,0.0
179,2025-10-03,6916,7008,0.0
179,2025-10-04,6312,6478,0.0
179,2025-10-05,6682,6622,0.0
179,2025-10-06,6805,6841,0.0
179,2025-10-07,6937,6813,0.0
179,2025-10-08,6557,6617,0.0
179,2025-10-09,7143,7031,0.0
179,2025-10-10,6374,6527,0.0
179,2025-10-11,6338,6429,0.0
179,2025-10-12,7015,6787,0.0
179,2025-10-13,7012,6848,0.0
179,2025-10-14,7064,6940,0.0
179,2025-10-15,6956,6803,0.0
179,2025-10-16,6794,6608,0.0
179,2025-10-17,6702,6871,0.0
179,2025-10-18,6676,6461,0.0
179,2025-10-19,6535,6623,0.0
179,2025-10-20,6856,7054,0.0
179,2025-10-21,6505,6627,0.0
179,2025-10-22,7156,6935,0.0
179,2025-10-23,6547,6678,0.0
179,2025-10-24,7115,6995,0.0
179,2025-10-25,6791,6617,0.0
179,2025-10-26,6862,6738,0.0
179,2025-10-27,6772,6741,0.0
179,2025-10-28,6901,6841,0.0
179,2025-10-29,6578,6616,0.0
179,2025-10-30,6644,6811,0.0
179,2025-10-31,6414,6413,0.0
179,2025-11-01,7082,6997,0.0
179,2025-11-02,6382,6542,0.0
179,2025-11-03,6548,6706,0.0
179,2025-11-04,6809,6591,0.0
179,2025-11-05,6780,6596,0.0
179,2025-11-06,6971,6849,0.0
179,2025-11-07,7139,7007,0.0
179,2025-11-08,6698,6704,0.0
179,2025-11-09,6510,6458,0.0
179,2025-11-10,6564,6552,0.0
180,2025-09-16,5007,5071,0.0
180,2025-09-17,5625,5467,0.0
180,2025-09-18,5550,5459,0.0
180,2025-09-19,5224,5244,0.0
180,2025-09-20,5592,5480,0.0
180,2025-09-21,5148,5245,0.0
180,2025-09-22,5274,5112,0.0
180,2025-09-23,5290,5292,0.0
180,2025-09-24,5325,5290,0.0
180,2025-09-25,5384,5254,0.0
180,2025-09-26,5231,5332,0.0
180,2025-09-27,5429,5244,0.0
180,2025-09-28,5266,5339,0.0
180,2025-09-29,5032,5031,0.0
180,2025-09-30,5668,5508,0.0
180,2025-10-01,5587,5522,0.0
180,2025-10-02,5283,5281,0.0
180,2025-10-03,5063,5198,0.0
180,2025-10-04,5508,5401,0.0
180,2025-10-05,5451,5306,0.0
180,2025-10-06,5260,5086,0.0
180,2025-10-07,5497,5403,0.0
180,2025-10-08,5382,5378,0.0
180,2025-10-09,4994,5112,0.0
180,2025-10-10,5289,5169,0.0
180,2025-10-11,5354,5430,0.0
180,2025-10-12,5483,5301,0.0
180,2025-10-13,5141,5286,0.0
180,2025-10-14,5217,5068,0.0
180,2025-10-15,5052,5101,0.0
180,2025-10-16,5236,5342,0.0
180,2025-10-17,5110,5178,0.0
180,2025-10-18,5235,5379,0.0
180,2025-10-19,5482,5435,0.0
180,2025-10-20,5082,5151,0.0
180,2025-10-21,5103,5212,0.0
180,2025-10-22,5198,5220,0.0
180,2025-10-23,5251,5343,0.0
180,2025-10-24,5079,5195,0.0
180,2025-10-25,5477,5416,0.0
180,2025-10-26,5194,5123,0.0
180,2025-10-27,5338,5470,0.0
180,2025-10-28,5096,5178,0.0
180,2025-10-29,5347,5345,0.0
180,2025-10-30,5363,5441,0.0
180,2025-10-31,5555,5383,0.0
180,2025-11-01,5532,5372,0.0
180,2025-11-02,5333,5276,0.0
180,2025-11-03,5165,5077,0.0
180,2025-11-04,4950,5098,0.0
180,2025-11-05,5582,5522,0.0
180,2025-11-06,5529,5340,0.0
180,2025-11-07,5419,5434,0.0
180,2025-11-08,5022,5054,0.0
180,2025-11-09,5481,5473,0.0
180,2025-11-10,5495,5465,0.0
181,2025-09-16,25666,26193,0.0
181,2025-09-17,27079,26495,0.0
181,2025-09-18,26839,26726,0.0
181,2025-09-19,24381,24856,0.0
181,2025-09-20,25847,25630,0.0
181,2025-09-21,27518,26640,0.0
181,2025-09-22,26386,26361,0.0
181,2025-09-23,25866,25855,0.0
181,2025-09-24,26147,25532,0.0
181,2025-09-25,26620,26369,0.0
181,2025-09-26,25852,25747,0.0
181,2025-09-27,26547,26804,0.0
181,2025-09-28,27362,26778,0.0
181,2025-09-29,26184,26838,0.0
181,2025-09-30,24652,25312,0.0
181,2025-10-01,25991,26697,0.0
181,2025-10-02,24502,24941,0.0
181,2025-10-03,26928,26524,0.0
181,2025-10-04,26221,26053,0.0
181,2025-10-05,24908,24690,0.0
181,2025-10-06,26629,27037,0.0
181,2025-10-07,27275,26882,0.0
181,2025-10-08,24961,25421,0.0
181,2025-10-09,26519,26573,0.0
181,2025-10-10,25579,26281,0.0
181,2025-10-11,23967,24624,0.0
181,2025-10-12,27301,26644,0.0
181,2025-10-13,26088,26375,0.0
181,2025-10-14,25557,25503,0.0
181,2025-10-15,26349,25991,0.0
181,2025-10-16,25744,25224,0.0
181,2025-10-17,25901,25910,0.0
181,2025-10-18,26180,26903,0.0
181,2025-10-19,27063,26324,0.0
181,2025-10-20,24817,24787,0.0
181,2025-10-21,26201,25414,0.0
181,2025-10-22,25001,25329,0.0
181,2025-10-23,25344,26015,0.0
181,2025-10-24,24145,24609,0.0
181,2025-10-25,25948,26305,0.0
181,2025-10-26,26178,26663,0.0
181,2025-10-27,26123,26598,0.0
181,2025-10-28,26951,26376,0.0
181,2025-10-29,25896,26550,0.0
181,2025-10-30,24844,24917,0.0
181,2025-10-31,26296,25666,0.0
181,2025-11-01,24602,24625,0.0
181,2025-11-02,26554,26354,0.0
181,2025-11-03,26743,26281,0.0
181,2025-11-04,27685,27167,0.0
181,2025-11-05,26723,26156,0.0
181,2025-11-06,25990,25923,0.0
181,2025-11-07,26791,26280,0.0
181,2025-11-08,25078,25079,0.0
181,2025-11-09,24828,25518,0.0
181,2025-11-10,25768,26411,0.0
182,2025-09-16,17190,17596,0.0
182,2025-09-17,17574,17519,0.0
182,2025-09-18,17552,17948,0.0
182,2025-09-19,19285,19109,0.0
182,2025-09-20,18183,18709,0.0
182,2025-09-21,18757,18621,0.0
182,2025-09-22,17495,17902,0.0
182,2025-09-23,17649,18187,0.0
182,2025-09-24,19579,19129,0.0
182,2025-09-25,17844,17652,0.0
182,2025-09-26,18472,18687,0.0
182,2025-09-27,19135,19225,0.0
182,2025-09-28,18363,18374,0.0
182,2025-09-29,18376,18137,0.0
182,2025-09-30,17666,17715,0.0
182,2025-10-01,17980,18291,0.0
182,2025-10-02,17862,18312,0.0
182,2025-10-03,19403,18997,0.0
182,2025-10-04,19088,18748,0.0
182,2025-10-05,18980,18885,0.0
182,2025-10-06,18470,17946,0.0
182,2025-10-07,17608,17700,0.0
182,2025-10-08,19328,18913,0.0
182,2025-10-09,18871,18934,0.0
182,2025-10-10,19390,19235,0.0
182,2025-10-11,18341,18414,0.0
182,2025-10-12,17901,17864,0.0
182,2025-10-13,19009,18470,0.0
182,2025-10-14,19444,19020,0.0
182,2025-10-15,18342,18847,0.0
182,2025-10-16,18434,18711,0.0
182,2025-10-17,19652,19263,0.0
182,2025-10-18,19596,19275,0.0
182,2025-10-19,18785,18954,0.0
182,2025-10-20,18397,17827,0.0
182,2025-10-21,18838,18844,0.0
182,2025-10-22,18679,19256,0.0
182,2025-10-23,18564,18987,0.0
182,2025-10-24,17666,17682,0.0
182,2025-10-25,18486,18657,0.0
182,2025-10-26,17437,17845,0.0
182,2025-10-27,17813,17711,0.0
182,2025-10-28,18441,18483,0.0
182,2025-10-29,19128,19138,0.0
182,2025-10-30,18369,18386,0.0
182,2025-10-31,18745,18219,0.0
182,2025-11-01,19233,19303,0.0
182,2025-11-02,18390,18444,0.0
182,2025-11-03,17609,17543,0.0
182,2025-11-04,18466,18533,0.0
182,2025-11-05,18161,17509,0.0
182,2025-11-06,17719,17908,0.0
182,2025-11-07,19540,19199,0.0
182,2025-11-08,18581,18846,0.0
182,2025-11-09,17971,17648,0.0
182,2025-11-10,19187,19301,0.0
183,2025-09-16,21221,20759,0.0
183,2025-09-17,23404,22573,0.0
183,2025-09-18,22123,21870,0.0
183,2025-09-19,22048,22459,0.0
183,2025-09-20,21665,21734,0.0
183,2025-09-21,20327,20541,0.0
183,2025-09-22,21013,21258,0.0
183,2025-09-23,21497,20759,0.0
183,2025-09-24,21110,21616,0.0
183,2025-09-25,21162,21552,0.0
183,2025-09-26,20499,20714,0.0
183,2025-09-27,20294,20635,0.0
183,2025-09-28,21463,21946,0.0
183,2025-09-29,23024,22483,0.0
183,2025-09-30,22620,22272,0.0
183,2025-10-01,21983,21904,0.0
183,2025-10-02,22165,22016,0.0
183,2025-10-03,22182,21567,0.0
183,2025-10-04,21420,21688,0.0
183,2025-10-05,22406,21699,0.0
183,2025-10-06,21769,21739,0.0
183,2025-10-07,22270,22448,0.0
183,2025-10-08,21059,21502,0.0
183,2025-10-09,21140,21622,0.0
183,2025-10-10,21140,21169,0.0
183,2025-10-11,21542,21559,0.0
183,2025-10-12,21272,21781,0.0
183,2025-10-13,22958,22588,0.0
183,2025-10-14,21130,20467,0.0
183,2025-10-15,20386,20901,0.0
183,2025-10-16,22865,22285,0.0
183,2025-10-17,21766,21121,0.0
183,2025-10-18,21275,20650,0.0
183,2025-10-19,22198,22231,0.0
183,2025-10-20,21048,21439,0.0
183,2025-10-21,23058,22239,0.0
183,2025-10-22,20859,20830,0.0
183,2025-10-23,21993,21339,0.0
183,2025-10-24,21088,21103,0.0
183,2025-10-25,21469,21497,0.0
183,2025-10-26,20790,20600,0.0
183,2025-10-27,22593,22366,0.0
183,2025-10-28,22079,21931,0.0
183,2025-10-29,21942,21697,0.0
183,2025-10-30,21523,21290,0.0
183,2025-10-31,21605,20805,0.0
183,2025-11-01,21500,22090,0.0
183,2025-11-02,20782,20475,0.0
183,2025-11-03,22024,22580,0.0
183,2025-11-04,22033,22158,0.0
183,2025-11-05,21080,20694,0.0
183,2025-11-06,22237,22564,0.0
183,2025-11-07,22061,22429,0.0
183,2025-11-08,21516,20968,0.0
183,2025-11-09,22364,22300,0.0
183,2025-11-10,21541,21692,0.0
184,2025-09-16,16635,16265,0.0
184,2025-09-17,17931,17610,0.0
184,2025-09-18,17108,17334,0.0
184,2025-09-19,17676,17465,0.0
184,2025-09-20,17441,17511,0.0
184,2025-09-21,16857,16770,0.0
184,2025-09-22,17827,17837,0.0
184,2025-09-23,17880,17347,0.0
184,2025-09-24,17707,17122,0.0
184,2025-09-25,16912,16449,0.0
184,2025-09-26,18418,17890,0.0
184,2025-09-27,17010,17265,0.0
184,2025-09-28,16405,16737,0.0
184,2025-09-29,17396,16771,0.0
184,2025-09-30,16662,16652,0.0
184,2025-10-01,17873,17381,0.0
184,2025-10-02,16844,17138,0.0
184,2025-10-03,17803,17260,0.0
184,2025-10-04,18241,17727,0.0
184,2025-10-05,18102,17606,0.0
184,2025-10-06,18262,17718,0.0
184,2025-10-07,16914,16369,0.0
184,2025-10-08,16815,16498,0.0
184,2025-10-09,17273,17570,0.0
184,2025-10-10,16743,17111,0.0
184,2025-10-11,16971,17207,0.0
184,2025-10-12,16273,16354,0.0
184,2025-10-13,17233,17504,0.0
184,2025-10-14,16380,16586,0.0
184,2025-10-15,16426,16559,0.0
184,2025-10-16,16164,16601,0.0
184,2025-10-17,18125,17553,0.0
184,2025-10-18,17278,17076,0.0
184,2025-10-19,17886,17509,0.0
184,2025-10-20,17529,17296,0.0
184,2025-10-21,17315,17315,0.0
184,2025-10-22,17449,17531,0.0
184,2025-10-23,16545,16419,0.0
184,2025-10-24,17246,17431,0.0
184,2025-10-25,17627,17464,0.0
184,2025-10-26,16691,16487,0.0
184,2025-10-27,16629,17012,0.0
184,2025-10-28,16909,16508,0.0
184,2025-10-29,17756,17484,0.0
184,2025-10-30,16473,16870,0.0
184,2025-10-31,17232,17683,0.0
184,2025-11-01,16990,17247,0.0
184,2025-11-02,16637,16918,0.0
184,2025-11-03,16881,17368,0.0
184,2025-11-04,16934,17307,0.0
184,2025-11-05,18195,17848,0.0
184,2025-11-06,16815,16495,0.0
184,2025-11-07,16138,16480,0.0
184,2025-11-08,17319,17638,0.0
184,2025-11-09,17168,17361,0.0
184,2025-11-10,17655,17537,0.0
185,2025-09-16,4866,4769,0.0
185,2025-09-17,4585,4706,0.0
185,2025-09-18,4672,4733,0.0
185,2025-09-19,4538,4537,0.0
185,2025-09-20,4666,4806,0.0
185,2025-09-21,4650,4760,0.0
185,2025-09-22,4428,4472,0.0
185,2025-09-23,4758,4650,0.0
185,2025-09-24,4598,4466,0.0
185,2025-09-25,4579,4408,0.0
185,2025-09-26,4590,4507,0.0
185,2025-09-27,4694,4564,0.0
185,2025-09-28,4621,4536,0.0
185,2025-09-29,4712,4718,0.0
185,2025-09-30,4607,4449,0.0
185,2025-10-01,4689,4591,0.0
185,2025-10-02,4434,4550,0.0
185,2025-10-03,4570,4398,0.0
185,2025-10-04,4644,4526,0.0
185,2025-10-05,4518,4557,0.0
185,2025-10-06,4744,4681,0.0
185,2025-10-07,4368,4483,0.0
185,2025-10-08,4414,4538,0.0
185,2025-10-09,4598,4533,0.0
185,2025-10-10,4404,4437,0.0
185,2025-10-11,4483,4420,0.0
185,2025-10-12,4627,4477,0.0
185,2025-10-13,4845,4703,0.0
185,2025-10-14,4548,4427,0.0
185,2025-10-15,4609,4541,0.0
185,2025-10-16,4482,4517,0.0
185,2025-10-17,4773,4669,0.0
185,2025-10-18,4603,4687,0.0
185,2025-10-19,4533,4616,0.0
185,2025-10-20,4684,4594,0.0
185,2025-10-21,4936,4856,0.0
185,2025-10-22,4810,4753,0.0
185,2025-10-23,4546,4502,0.0
185,2025-10-24,4470,4437,0.0
185,2025-10-25,4720,4780,0.0
185,2025-10-26,4708,4645,0.0
185,2025-10-27,4782,4676,0.0
185,2025-10-28,4545,4681,0.0
185,2025-10-29,4694,4761,0.0
185,2025-10-30,4596,4696,0.0
185,2025-10-31,4666,4530,0.0
185,2025-11-01,4688,4705,0.0
185,2025-11-02,4507,4481,0.0
185,2025-11-03,4481,4487,0.0
185,2025-11-04,4591,4633,0.0
185,2025-11-05,4893,4834,0.0
185,2025-11-06,4557,4613,0.0
185,2025-11-07,4726,4837,0.0
185,2025-11-08,4627,4596,0.0
185,2025-11-09,4792,4732,0.0
185,2025-11-10,4779,4753,0.0
186,2025-09-16,53247,53777,0.0
186,2025-09-17,56389,57402,0.0
186,2025-09-18,54579,54103,0.0
186,2025-09-19,55837,56728,0.0
186,2025-09-20,37123,56387,7.9
186,2025-09-21,56921,55090,0.0
186,2025-09-22,53501,53710,0.0
186,2025-09-23,55884,55686,0.0
186,2025-09-24,43707,55540,5.6
186,2025-09-25,52823,53366,0.0
186,2025-09-26,56376,54800,0.0
186,2025-09-27,52270,52900,0.0
186,2025-09-28,51588,52422,0.0
186,2025-09-29,54323,53721,0.0
186,2025-09-30,55327,53381,0.0
186,2025-10-01,55660,56226,0.0
186,2025-10-02,55971,55053,0.0
186,2025-10-03,55259,55177,0.0
186,2025-10-04,54568,54460,0.0
186,2025-10-05,57997,56915,0.0
186,2025-10-06,38291,55426,7.9
186,2025-10-07,53993,54635,0.0
186,2025-10-08,54797,56385,0.0
186,2025-10-09,43366,57444,0.0
186,2025-10-10,43215,52779,0.0
186,2025-10-11,44048,54517,0.0
186,2025-10-12,39509,54076,0.0
186,2025-10-13,44643,57401,0.0
186,2025-10-14,42810,55854,0.0
186,2025-10-15,45521,55969,0.0
186,2025-10-16,45769,57544,0.0
186,2025-10-17,46868,57620,0.0
186,2025-10-18,43439,57068,0.0
186,2025-10-19,42662,56389,0.0
186,2025-10-20,37014,56924,3.7
186,2025-10-21,44949,54878,0.0
186,2025-10-22,41719,56128,0.0
186,2025-10-23,46100,56587,0.0
186,2025-10-24,43439,56079,0.0
186,2025-10-25,46118,56620,0.0
186,2025-10-26,46625,56856,0.0
186,2025-10-27,46007,55966,0.0
186,2025-10-28,42677,56094,0.0
186,2025-10-29,45098,56368,0.0
186,2025-10-30,43754,57671,0.0
186,2025-10-31,36205,55058,4.3
186,2025-11-01,42440,56330,0.0
186,2025-11-02,45371,55904,0.0
186,2025-11-03,41588,53428,0.0
186,2025-11-04,41686,56446,0.0
186,2025-11-05,41083,55234,0.0
186,2025-11-06,43821,57529,0.0
186,2025-11-07,42293,56387,0.0
186,2025-11-08,42178,54242,0.0
186,2025-11-09,44743,54906,0.0
186,2025-11-10,41979,54825,0.0
187,2025-09-16,2545,2466,0.0
187,2025-09-17,2379,2382,0.0
187,2025-09-18,2434,2475,0.0
187,2025-09-19,2507,2539,0.0
187,2025-09-20,2479,2518,0.0
187,2025-09-21,2559,2564,0.0
187,2025-09-22,2544,2554,0.0
187,2025-09-23,2365,2396,0.0
187,2025-09-24,2544,2610,0.0
187,2025-09-25,2421,2462,0.0
187,2025-09-26,2434,2392,0.0
187,2025-09-27,2606,2555,0.0
187,2025-09-28,2520,2590,0.0
187,2025-09-29,2665,2591,0.0
187,2025-09-30,2562,2586,0.0
187,2025-10-01,2596,2591,0.0
187,2025-10-02,2428,2473,0.0
187,2025-10-03,2381,2431,0.0
187,2025-10-04,2497,2504,0.0
187,2025-10-05,2543,2497,0.0
187,2025-10-06,2591,2508,0.0
187,2025-10-07,2570,2491,0.0
187,2025-10-08,2577,2565,0.0
187,2025-10-09,2681,2584,0.0
187,2025-10-10,2572,2540,0.0
187,2025-10-11,2644,2604,0.0
187,2025-10-12,2620,2547,0.0
187,2025-10-13,2408,2458,0.0
187,2025-10-14,2514,2557,0.0
187,2025-10-15,2653,2589,0.0
187,2025-10-16,2690,2610,0.0
187,2025-10-17,2549,2488,0.0
187,2025-10-18,2515,2509,0.0
187,2025-10-19,2410,2436,0.0
187,2025-10-20,2558,2609,0.0
187,2025-10-21,2494,2486,0.0
187,2025-10-22,2456,2518,0.0
187,2025-10-23,2430,2444,0.0
187,2025-10-24,2494,2558,0.0
187,2025-10-25,2591,2532,0.0
187,2025-10-26,2486,2525,0.0
187,2025-10-27,2316,2378,0.0
187,2025-10-28,2562,2512,0.0
187,2025-10-29,2352,2378,0.0
187,2025-10-30,2465,2469,0.0
187,2025-10-31,2457,2407,0.0
187,2025-11-01,2606,2550,0.0
187,2025-11-02,2486,2501,0.0
187,2025-11-03,2544,2453,0.0
187,2025-11-04,2500,2461,0.0
187,2025-11-05,2400,2415,0.0
187,2025-11-06,2497,2538,0.0
187,2025-11-07,2565,2477,0.0
187,2025-11-08,2469,2540,0.0
187,2025-11-09,2647,2560,0.0
187,2025-11-10,2451,2379,0.0
188,2025-09-16,39031,37899,0.0
188,2025-09-17,35729,36676,0.0
188,2025-09-18,39759,38257,0.0
188,2025-09-19,37076,38010,0.0
188,2025-09-20,38172,37978,0.0
188,2025-09-21,35765,36054,0.0
188,2025-09-22,37607,36950,0.0
188,2025-09-23,40160,38716,0.0
188,2025-09-24,36920,36926,0.0
188,2025-09-25,39282,39227,0.0
188,2025-09-26,38164,37289,0.0
188,2025-09-27,37309,38463,0.0
188,2025-09-28,38232,38278,0.0
188,2025-09-29,38884,37812,0.0
188,2025-09-30,39038,38538,0.0
188,2025-10-01,36888,37043,0.0
188,2025-10-02,37592,37734,0.0
188,2025-10-03,35981,36369,0.0
188,2025-10-04,37968,38499,0.0
188,2025-10-05,36708,37343,0.0
188,2025-10-06,35739,36799,0.0
188,2025-10-07,37271,37765,0.0
188,2025-10-08,36003,36705,0.0
188,2025-10-09,35547,36084,0.0
188,2025-10-10,36532,37575,0.0
188,2025-10-11,37338,37828,0.0
188,2025-10-12,19425,38511,0.0
188,2025-10-13,18698,37465,0.0
188,2025-10-14,19320,35762,0.0
188,2025-10-15,18250,36140,0.0
188,2025-10-16,20486,38281,0.0
188,2025-10-17,18927,37651,0.0
188,2025-10-18,21357,39485,0.0
188,2025-10-19,20546,38385,0.0
188,2025-10-20,20183,39235,0.0
188,2025-10-21,18723,36111,0.0
188,2025-10-22,17172,37654,2.6
188,2025-10-23,18746,37687,0.0
188,2025-10-24,21467,39404,0.0
188,2025-10-25,18815,36047,0.0
188,2025-10-26,19902,37736,0.0
188,2025-10-27,20270,38363,0.0
188,2025-10-28,19492,37045,0.0
188,2025-10-29,20456,38796,0.0
188,2025-10-30,20401,38301,0.0
188,2025-10-31,21507,39406,0.0
188,2025-11-01,19001,37110,0.0
188,2025-11-02,21218,39008,0.0
188,2025-11-03,19430,38088,0.0
188,2025-11-04,19538,38965,0.0
188,2025-11-05,19619,38620,0.0
188,2025-11-06,20100,38448,0.0
188,2025-11-07,17807,37757,1.4
188,2025-11-08,19786,36463,0.0
188,2025-11-09,20439,38824,0.0
188,2025-11-10,19111,38345,0.0
189,2025-09-16,4487,4351,0.0
189,2025-09-17,4301,4208,0.0
189,2025-09-18,4221,4125,0.0
189,2025-09-19,4552,4502,0.0
189,2025-09-20,4247,4325,0.0
189,2025-09-21,4407,4494,0.0
189,2025-09-22,4488,4531,0.0
189,2025-09-23,4236,4276,0.0
189,2025-09-24,4071,4139,0.0
189,2025-09-25,4392,4257,0.0
189,2025-09-26,4058,4126,0.0
189,2025-09-27,4091,4199,0.0
189,2025-09-28,4377,4452,0.0
189,2025-09-29,4257,4297,0.0
189,2025-09-30,4425,4393,0.0
189,2025-10-01,4028,4123,0.0
189,2025-10-02,4599,4423,0.0
189,2025-10-03,4319,4340,0.0
189,2025-10-04,4307,4238,0.0
189,2025-10-05,4431,4423,0.0
189,2025-10-06,4287,4205,0.0
189,2025-10-07,4354,4244,0.0
189,2025-10-08,4288,4155,0.0
189,2025-10-09,4565,4524,0.0
189,2025-10-10,4194,4145,0.0
189,2025-10-11,4361,4368,0.0
189,2025-10-12,4358,4218,0.0
189,2025-10-13,4200,4283,0.0
189,2025-10-14,4587,4507,0.0
189,2025-10-15,4602,4450,0.0
189,2025-10-16,4394,4523,0.0
189,2025-10-17,4577,4426,0.0
189,2025-10-18,4432,4267,0.0
189,2025-10-19,4163,4110,0.0
189,2025-10-20,4633,4487,0.0
189,2025-10-21,4547,4417,0.0
189,2025-10-22,4232,4172,0.0
189,2025-10-23,4393,4449,0.0
189,2025-10-24,4241,4334,0.0
189,2025-10-25,4316,4320,0.0
189,2025-10-26,4306,4400,0.0
189,2025-10-27,4380,4319,0.0
189,2025-10-28,4426,4277,0.0
189,2025-10-29,4334,4268,0.0
189,2025-10-30,4497,4439,0.0
189,2025-10-31,4267,4116,0.0
189,2025-11-01,4150,4220,0.0
189,2025-11-02,4551,4506,0.0
189,2025-11-03,4006,4105,0.0
189,2025-11-04,4177,4202,0.0
189,2025-11-05,4448,4377,0.0
189,2025-11-06,4667,4512,0.0
189,2025-11-07,4136,4159,0.0
189,2025-11-08,4283,4374,0.0
189,2025-11-09,4078,4190,0.0
189,2025-11-10,4041,4123,0.0
190,2025-09-16,3165,3118,0.0
190,2025-09-17,3239,3148,0.0
190,2025-09-18,3244,3203,0.0
190,2025-09-19,2995,3033,0.0
190,2025-09-20,3019,3012,0.0
190,2025-09-21,3039,3001,0.0
190,2025-09-22,3233,3255,0.0
190,2025-09-23,3159,3077,0.0
190,2025-09-24,3379,3250,0.0
190,2025-09-25,3059,2981,0.0
190,2025-09-26,3373,3259,0.0
190,2025-09-27,3210,3098,0.0
190,2025-09-28,3065,2987,0.0
190,2025-09-29,3054,3028,0.0
190,2025-09-30,3137,3030,0.0
190,2025-10-01,3125,3219,0.0
190,2025-10-02,3346,3251,0.0
190,2025-10-03,3234,3272,0.0
190,2025-10-04,3273,3280,0.0
190,2025-10-05,3098,2986,0.0
190,2025-10-06,3086,3054,0.0
190,2025-10-07,3055,3131,0.0
190,2025-10-08,3196,3131,0.0
190,2025-10-09,3276,3275,0.0
190,2025-10-10,2948,2984,0.0
190,2025-10-11,3177,3076,0.0
190,2025-10-12,3197,3108,0.0
190,2025-10-13,3070,3135,0.0
190,2025-10-14,3146,3133,0.0
190,2025-10-15,3219,3201,0.0
190,2025-10-16,3096,3107,0.0
190,2025-10-17,3406,3279,0.0
190,2025-10-18,3089,3048,0.0
190,2025-10-19,3130,3180,0.0
190,2025-10-20,3092,3176,0.0
190,2025-10-21,3113,3017,0.0
190,2025-10-22,3287,3250,0.0
190,2025-10-23,3351,3224,0.0
190,2025-10-24,3243,3147,0.0
190,2025-10-25,2971,3061,0.0
190,2025-10-26,3146,3060,0.0
190,2025-10-27,3329,3256,0.0
190,2025-10-28,3076,3154,0.0
190,2025-10-29,3042,3133,0.0
190,2025-10-30,2964,3011,0.0
190,2025-10-31,3116,3054,0.0
190,2025-11-01,3282,3157,0.0
190,2025-11-02,3194,3074,0.0
190,2025-11-03,2987,3026,0.0
190,2025-11-04,3126,3064,0.0
190,2025-11-05,3116,3196,0.0
190,2025-11-06,3050,3117,0.0
190,2025-11-07,3016,2988,0.0
190,2025-11-08,3055,3070,0.0
190,2025-11-09,2983,3048,0.0
190,2025-11-10,2987,3002,0.0
191,2025-09-16,16195,15855,0.0
191,2025-09-17,16646,16404,0.0
191,2025-09-18,15346,15452,0.0
191,2025-09-19,15979,15727,0.0
191,2025-09-20,15515,15986,0.0
191,2025-09-21,16805,16308,0.0
191,2025-09-22,16069,16097,0.0
191,2025-09-23,16111,15759,0.0
191,2025-09-24,16112,15705,0.0
191,2025-09-25,16303,16043,0.0
191,2025-09-26,16032,16332,0.0
191,2025-09-27,16521,15951,0.0
191,2025-09-28,16228,16509,0.0
191,2025-09-29,15467,15363,0.0
191,2025-09-30,15217,15103,0.0
191,2025-10-01,16312,15938,0.0
191,2025-10-02,15393,15695,0.0
191,2025-10-03,16081,16529,0.0
191,2025-10-04,15874,15780,0.0
191,2025-10-05,16522,16184,0.0
191,2025-10-06,16320,15872,0.0
191,2025-10-07,15866,15888,0.0
191,2025-10-08,16133,16610,0.0
191,2025-10-09,16203,16375,0.0
191,2025-10-10,16403,16648,0.0
191,2025-10-11,16356,16014,0.0
191,2025-10-12,16302,15856,0.0
191,2025-10-13,15162,15468,0.0
191,2025-10-14,15451,15230,0.0
191,2025-10-15,16583,16527,0.0
191,2025-10-16,16517,16228,0.0
191,2025-10-17,15536,15353,0.0
191,2025-10-18,16174,16091,0.0
191,2025-10-19,16052,16227,0.0
191,2025-10-20,15811,15239,0.0
191,2025-10-21,16515,16223,0.0
191,2025-10-22,15784,15938,0.0
191,2025-10-23,16960,16663,0.0
191,2025-10-24,15504,15806,0.0
191,2025-10-25,16816,16435,0.0
191,2025-10-26,16611,16356,0.0
191,2025-10-27,15985,15775,0.0
191,2025-10-28,15424,15527,0.0
191,2025-10-29,16326,16352,0.0
191,2025-10-30,15278,15670,0.0
191,2025-10-31,15827,15595,0.0
191,2025-11-01,15392,15742,0.0
191,2025-11-02,15890,15779,0.0
191,2025-11-03,15649,15113,0.0
191,2025-11-04,16426,16000,0.0
191,2025-11-05,16018,16271,0.0
191,2025-11-06,15612,15198,0.0
191,2025-11-07,15983,16348,0.0
191,2025-11-08,15672,15237,0.0
191,2025-11-09,16361,16016,0.0
191,2025-11-10,15588,15348,0.0
192,2025-09-16,21856,22300,0.0
192,2025-09-17,22161,21612,0.0
192,2025-09-18,22467,22201,0.0
192,2025-09-19,21933,22532,0.0
192,2025-09-20,22689,22678,0.0
192,2025-09-21,23686,23079,0.0
192,2025-09-22,22652,22899,0.0
192,2025-09-23,20954,21145,0.0
192,2025-09-24,21477,21621,0.0
192,2025-09-25,23006,23094,0.0
192,2025-09-26,23083,22215,0.0
192,2025-09-27,21584,21740,0.0
192,2025-09-28,22305,22437,0.0
192,2025-09-29,22487,23115,0.0
192,2025-09-30,22539,22797,0.0
192,2025-10-01,21746,21440,0.0
192,2025-10-02,23121,22801,0.0
192,2025-10-03,23328,22899,0.0
192,2025-10-04,21892,22467,0.0
192,2025-10-05,15821,23317,0.0
192,2025-10-06,16129,23193,0.0
192,2025-10-07,15399,22775,0.0
192,2025-10-08,14836,23094,0.0
192,2025-10-09,15284,23105,0.0
192,2025-10-10,15208,21618,0.0
192,2025-10-11,14168,22240,0.0
192,2025-10-12,14183,21442,0.0
192,2025-10-13,14711,22061,0.0
192,2025-10-14,15077,22018,0.0
192,2025-10-15,14982,22799,0.0
192,2025-10-16,11406,21184,5.5
192,2025-10-17,15002,22616,0.0
192,2025-10-18,16069,23221,0.0
192,2025-10-19,14230,22209,0.0
192,2025-10-20,14669,22641,0.0
192,2025-10-21,14033,21816,0.0
192,2025-10-22,15003,22629,0.0
192,2025-10-23,14695,22338,0.0
192,2025-10-24,14959,21678,0.0
192,2025-10-25,14848,22403,0.0
192,2025-10-26,14716,21913,0.0
192,2025-10-27,14484,21215,0.0
192,2025-10-28,12818,21720,3.6
192,2025-10-29,15003,22992,0.0
192,2025-10-30,15576,22328,0.0
192,2025-10-31,14836,23047,0.0
192,2025-11-01,13933,21447,0.0
192,2025-11-02,12260,23044,5.7
192,2025-11-03,12738,21670,4.2
192,2025-11-04,14554,21934,0.0
192,2025-11-05,13717,21247,0.0
192,2025-11-06,13175,21695,2.0
192,2025-11-07,14241,21774,0.0
192,2025-11-08,13946,21293,0.0
192,2025-11-09,14664,22327,0.0
192,2025-11-10,14574,21946,0.0
193,2025-09-16,47841,48151,0.0
193,2025-09-17,51092,51665,0.0
193,2025-09-18,48428,48837,0.0
193,2025-09-19,49960,49202,0.0
193,2025-09-20,47682,48068,0.0
193,2025-09-21,48523,48735,0.0
193,2025-09-22,51647,50222,0.0
193,2025-09-23,50426,48592,0.0
193,2025-09-24,48863,49302,0.0
193,2025-09-25,47779,48912,0.0
193,2025-09-26,52676,51386,0.0
193,2025-09-27,49473,50055,0.0
193,2025-09-28,48010,48071,0.0
193,2025-09-29,52463,51644,0.0
193,2025-09-30,45580,46984,0.0
193,2025-10-01,49722,49821,0.0
193,2025-10-02,48047,47368,0.0
193,2025-10-03,50029,49806,0.0
193,2025-10-04,51649,50318,0.0
193,2025-10-05,47583,48618,0.0
193,2025-10-06,46808,47100,0.0
193,2025-10-07,48532,48293,0.0
193,2025-10-08,47413,47500,0.0
193,2025-10-09,35337,46989,5.9
193,2025-10-10,47664,47048,0.0
193,2025-10-11,50189,49058,0.0
193,2025-10-12,49563,49721,0.0
193,2025-10-13,49811,49307,0.0
193,2025-10-14,52164,51555,0.0
193,2025-10-15,49717,48858,0.0
193,2025-10-16,49699,50834,0.0
193,2025-10-17,51411,50175,0.0
193,2025-10-18,50684,48988,0.0
193,2025-10-19,51174,51822,0.0
193,2025-10-20,48275,48080,0.0
193,2025-10-21,51658,50365,0.0
193,2025-10-22,45913,47179,0.0
193,2025-10-23,48305,47952,0.0
193,2025-10-24,49842,48032,0.0
193,2025-10-25,46772,47851,0.0
193,2025-10-26,41505,49205,3.2
193,2025-10-27,49106,50030,0.0
193,2025-10-28,48203,48894,0.0
193,2025-10-29,48560,49262,0.0
193,2025-10-30,49552,49074,0.0
193,2025-10-31,49032,50322,0.0
193,2025-11-01,48934,50367,0.0
193,2025-11-02,48468,46948,0.0
193,2025-11-03,50550,50453,0.0
193,2025-11-04,50237,49051,0.0
193,2025-11-05,50134,48818,0.0
193,2025-11-06,44279,47790,2.4
193,2025-11-07,51273,51322,0.0
193,2025-11-08,48748,48199,0.0
193,2025-11-09,49976,51269,0.0
193,2025-11-10,49337,49013,0.0
194,2025-09-16,11723,11598,0.0
194,2025-09-17,11399,11646,0.0
194,2025-09-18,12258,12461,0.0
194,2025-09-19,11946,12249,0.0
194,2025-09-20,12308,12539,0.0
194,2025-09-21,11896,11591,0.0
194,2025-09-22,11811,12082,0.0
194,2025-09-23,12358,12177,0.0
194,2025-09-24,12991,12510,0.0
194,2025-09-25,12871,12537,0.0
194,2025-09-26,12378,12408,0.0
194,2025-09-27,12558,12656,0.0
194,2025-09-28,11986,11821,0.0
194,2025-09-29,12757,12338,0.0
194,2025-09-30,12107,12321,0.0
194,2025-10-01,11744,11837,0.0
194,2025-10-02,11822,12121,0.0
194,2025-10-03,12640,12322,0.0
194,2025-10-04,12621,12415,0.0
194,2025-10-05,11811,11594,0.0
194,2025-10-06,11995,12035,0.0
194,2025-10-07,11579,11513,0.0
194,2025-10-08,11487,11561,0.0
194,2025-10-09,12381,12275,0.0
194,2025-10-10,12421,12325,0.0
194,2025-10-11,12318,12504,0.0
194,2025-10-12,12359,12111,0.0
194,2025-10-13,12438,12140,0.0
194,2025-10-14,12944,12533,0.0
194,2025-10-15,12226,11805,0.0
194,2025-10-16,11889,11691,0.0
194,2025-10-17,12233,11806,0.0
194,2025-10-18,11807,11731,0.0
194,2025-10-19,12576,12670,0.0
194,2025-10-20,12008,11625,0.0
194,2025-10-21,12158,12146,0.0
194,2025-10-22,11893,11505,0.0
194,2025-10-23,11712,12073,0.0
194,2025-10-24,12912,12604,0.0
194,2025-10-25,12108,12075,0.0
194,2025-10-26,11747,11503,0.0
194,2025-10-27,12289,12295,0.0
194,2025-10-28,12672,12666,0.0
194,2025-10-29,11891,12053,0.0
194,2025-10-30,11977,12221,0.0
194,2025-10-31,11642,12000,0.0
194,2025-11-01,12552,12505,0.0
194,2025-11-02,11885,11715,0.0
194,2025-11-03,11395,11669,0.0
194,2025-11-04,11999,12124,0.0
194,2025-11-05,12243,12169,0.0
194,2025-11-06,11800,11615,0.0
194,2025-11-07,12152,12185,0.0
194,2025-11-08,12224,12562,0.0
194,2025-11-09,12162,11959,0.0
194,2025-11-10,11778,11888,0.0
195,2025-09-16,5408,5419,0.0
195,2025-09-17,5161,5148,0.0
195,2025-09-18,5373,5305,0.0
195,2025-09-19,5533,5575,0.0
195,2025-09-20,5538,5416,0.0
195,2025-09-21,5352,5510,0.0
195,2025-09-22,5448,5517,0.0
195,2025-09-23,5242,5392,0.0
195,2025-09-24,5456,5351,0.0
195,2025-09-25,3218,5250,0.0
195,2025-09-26,3474,5445,0.0
195,2025-09-27,3479,5605,0.0
195,2025-09-28,3311,5118,0.0
195,2025-09-29,3592,5485,0.0
195,2025-09-30,3459,5397,0.0
195,2025-10-01,5527,5622,0.0
195,2025-10-02,5193,5300,0.0
195,2025-10-03,5534,5338,0.0
195,2025-10-04,5505,5605,0.0
195,2025-10-05,5303,5126,0.0
195,2025-10-06,5502,5573,0.0
195,2025-10-07,5623,5508,0.0
195,2025-10-08,5150,5182,0.0
195,2025-10-09,5297,5165,0.0
195,2025-10-10,5276,5396,0.0
195,2025-10-11,5281,5103,0.0
195,2025-10-12,5438,5334,0.0
195,2025-10-13,5502,5366,0.0
195,2025-10-14,5430,5542,0.0
195,2025-10-15,5259,5196,0.0
195,2025-10-16,5594,5382,0.0
195,2025-10-17,5659,5533,0.0
195,2025-10-18,5448,5540,0.0
195,2025-10-19,5166,5092,0.0
195,2025-10-20,5193,5218,0.0
195,2025-10-21,5691,5546,0.0
195,2025-10-22,5289,5271,0.0
195,2025-10-23,5330,5397,0.0
195,2025-10-24,5599,5468,0.0
195,2025-10-25,5439,5559,0.0
195,2025-10-26,5365,5253,0.0
195,2025-10-27,5684,5500,0.0
195,2025-10-28,5276,5381,0.0
195,2025-10-29,5305,5396,0.0
195,2025-10-30,5576,5600,0.0
195,2025-10-31,5405,5348,0.0
195,2025-11-01,5647,5589,0.0
195,2025-11-02,5461,5496,0.0
195,2025-11-03,5205,5143,0.0
195,2025-11-04,5313,5134,0.0
195,2025-11-05,5124,5104,0.0
195,2025-11-06,5162,5310,0.0
195,2025-11-07,5128,5120,0.0
195,2025-11-08,5180,5129,0.0
195,2025-11-09,5521,5590,0.0
195,2025-11-10,5249,5267,0.0
196,2025-09-16,3292,3174,0.0
196,2025-09-17,3427,3339,0.0
196,2025-09-18,3329,3283,0.0
196,2025-09-19,3187,3237,0.0
196,2025-09-20,3157,3129,0.0
196,2025-09-21,3370,3340,0.0
196,2025-09-22,3236,3242,0.0
196,2025-09-23,3426,3370,0.0
196,2025-09-24,3088,3182,0.0
196,2025-09-25,3369,3398,0.0
196,2025-09-26,3376,3324,0.0
196,2025-09-27,3360,3324,0.0
196,2025-09-28,3366,3309,0.0
196,2025-09-29,3074,3117,0.0
196,2025-09-30,3417,3339,0.0
196,2025-10-01,3079,3165,0.0
196,2025-10-02,3310,3349,0.0
196,2025-10-03,3400,3326,0.0
196,2025-10-04,3393,3388,0.0
196,2025-10-05,3514,3383,0.0
196,2025-10-06,3335,3374,0.0
196,2025-10-07,3023,3091,0.0
196,2025-10-08,3410,3383,0.0
196,2025-10-09,3380,3282,0.0
196,2025-10-10,3476,3411,0.0
196,2025-10-11,3227,3162,0.0
196,2025-10-12,3052,3121,0.0
196,2025-10-13,3079,3098,0.0
196,2025-10-14,3165,3185,0.0
196,2025-10-15,3251,3239,0.0
196,2025-10-16,3361,3281,0.0
196,2025-10-17,3477,3357,0.0
196,2025-10-18,3252,3188,0.0
196,2025-10-19,3373,3362,0.0
196,2025-10-20,3037,3108,0.0
196,2025-10-21,3399,3279,0.0
196,2025-10-22,3369,3378,0.0
196,2025-10-23,3294,3310,0.0
196,2025-10-24,3184,3202,0.0
196,2025-10-25,3211,3275,0.0
196,2025-10-26,3151,3145,0.0
196,2025-10-27,3216,3160,0.0
196,2025-10-28,3196,3179,0.0
196,2025-10-29,3220,3099,0.0
196,2025-10-30,3046,3095,0.0
196,2025-10-31,3421,3403,0.0
196,2025-11-01,3358,3370,0.0
196,2025-11-02,3162,3095,0.0
196,2025-11-03,3328,3327,0.0
196,2025-11-04,3216,3150,0.0
196,2025-11-05,3404,3303,0.0
196,2025-11-06,3207,3113,0.0
196,2025-11-07,3415,3394,0.0
196,2025-11-08,3326,3246,0.0
196,2025-11-09,3418,3372,0.0
196,2025-11-10,3488,3381,0.0
197,2025-09-16,41674,41833,0.0
197,2025-09-17,46018,45569,0.0
197,2025-09-18,43671,43832,0.0
197,2025-09-19,46622,45196,0.0
197,2025-09-20,43964,45097,0.0
197,2025-09-21,42725,42698,0.0
197,2025-09-22,43345,44271,0.0
197,2025-09-23,42475,41796,0.0
197,2025-09-24,47181,45671,0.0
197,2025-09-25,41710,42498,0.0
197,2025-09-26,44517,45107,0.0
197,2025-09-27,43141,42661,0.0
197,2025-09-28,42178,43412,0.0
197,2025-09-29,44098,45372,0.0
197,2025-09-30,46366,45925,0.0
197,2025-10-01,42396,41663,0.0
197,2025-10-02,43161,42490,0.0
197,2025-10-03,44430,43070,0.0
197,2025-10-04,41888,42252,0.0
197,2025-10-05,45483,45313,0.0
197,2025-10-06,45628,45776,0.0
197,2025-10-07,45501,44090,0.0
197,2025-10-08,45967,45806,0.0
197,2025-10-09,43224,44190,0.0
197,2025-10-10,46258,45088,0.0
197,2025-10-11,45662,45876,0.0
197,2025-10-12,41976,41682,0.0
197,2025-10-13,45034,44986,0.0
197,2025-10-14,42218,43113,0.0
197,2025-10-15,34815,43514,5.5
197,2025-10-16,45680,44040,0.0
197,2025-10-17,39259,44241,2.4
197,2025-10-18,44569,45546,0.0
197,2025-10-19,44337,45596,0.0
197,2025-10-20,43953,43083,0.0
197,2025-10-21,42527,42569,0.0
197,2025-10-22,42668,42231,0.0
197,2025-10-23,45492,45059,0.0
197,2025-10-24,45235,43833,0.0
197,2025-10-25,43567,42756,0.0
197,2025-10-26,42882,43242,0.0
197,2025-10-27,42584,42149,0.0
197,2025-10-28,43459,43011,0.0
197,2025-10-29,41256,42507,0.0
197,2025-10-30,42055,41682,0.0
197,2025-10-31,36760,42437,3.6
197,2025-11-01,41736,42001,0.0
197,2025-11-02,41516,42351,0.0
197,2025-11-03,42965,42014,0.0
197,2025-11-04,43055,43261,0.0
197,2025-11-05,43882,43976,0.0
197,2025-11-06,45425,44706,0.0
197,2025-11-07,44829,43433,0.0
197,2025-11-08,44622,44504,0.0
197,2025-11-09,40546,44639,1.8
197,2025-11-10,41880,42402,0.0
198,2025-09-16,8138,8360,0.0
198,2025-09-17,8031,8049,0.0
198,2025-09-18,8202,7936,0.0
198,2025-09-19,8592,8412,0.0
198,2025-09-20,8029,7823,0.0
198,2025-09-21,8041,7961,0.0
198,2025-09-22,8060,7775,0.0
198,2025-09-23,7999,8108,0.0
198,2025-09-24,8213,8231,0.0
198,2025-09-25,7474,7700,0.0
198,2025-09-26,7682,7870,0.0
198,2025-09-27,8149,8140,0.0
198,2025-09-28,7872,7984,0.0
198,2025-09-29,8054,8259,0.0
198,2025-09-30,8122,8064,0.0
198,2025-10-01,7983,8172,0.0
198,2025-10-02,7720,7955,0.0
198,2025-10-03,8283,8117,0.0
198,2025-10-04,8492,8452,0.0
198,2025-10-05,8513,8200,0.0
198,2025-10-06,7547,7765,0.0
198,2025-10-07,7573,7766,0.0
198,2025-10-08,7938,8114,0.0
198,2025-10-09,8311,8242,0.0
198,2025-10-10,7678,7844,0.0
198,2025-10-11,7957,8116,0.0
198,2025-10-12,8571,8331,0.0
198,2025-10-13,8432,8347,0.0
198,2025-10-14,8318,8133,0.0
198,2025-10-15,8182,8139,0.0
198,2025-10-16,7907,8092,0.0
198,2025-10-17,8692,8393,0.0
198,2025-10-18,8596,8314,0.0
198,2025-10-19,8134,8340,0.0
198,2025-10-20,8394,8181,0.0
198,2025-10-21,7949,8146,0.0
198,2025-10-22,8710,8390,0.0
198,2025-10-23,8352,8330,0.0
198,2025-10-24,8239,8222,0.0
198,2025-10-25,8114,8299,0.0
198,2025-10-26,7744,7809,0.0
198,2025-10-27,8112,8038,0.0
198,2025-10-28,7886,7993,0.0
198,2025-10-29,7915,7939,0.0
198,2025-10-30,8201,8407,0.0
198,2025-10-31,7613,7717,0.0
198,2025-11-01,4054,8124,0.0
198,2025-11-02,4485,8299,0.0
198,2025-11-03,4087,8023,0.0
198,2025-11-04,4313,8181,0.0
198,2025-11-05,4209,8032,0.0
198,2025-11-06,4060,8267,0.0
198,2025-11-07,4076,8173,0.0
198,2025-11-08,4125,8373,0.0
198,2025-11-09,4353,8163,0.0
198,2025-11-10,4102,8060,0.0
199,2025-09-16,43405,42113,0.0
199,2025-09-17,45238,43781,0.0
199,2025-09-18,42164,42781,0.0
199,2025-09-19,40123,41236,0.0
199,2025-09-20,42833,44009,0.0
199,2025-09-21,40946,40647,0.0
199,2025-09-22,42640,43049,0.0
199,2025-09-23,39621,40698,0.0
199,2025-09-24,42707,43135,0.0
199,2025-09-25,41325,41541,0.0
199,2025-09-26,40877,41284,0.0
199,2025-09-27,44598,43530,0.0
199,2025-09-28,42914,43103,0.0
199,2025-09-29,43267,43906,0.0
199,2025-09-30,41406,40928,0.0
199,2025-10-01,44751,43255,0.0
199,2025-10-02,41020,41985,0.0
199,2025-10-03,42625,43602,0.0
199,2025-10-04,40638,41345,0.0
199,2025-10-05,41581,42665,0.0
199,2025-10-06,44684,44708,0.0
199,2025-10-07,38781,41703,1.1
199,2025-10-08,42566,41496,0.0
199,2025-10-09,44016,43714,0.0
199,2025-10-10,40887,41241,0.0
199,2025-10-11,43384,43957,0.0
199,2025-10-12,44208,43200,0.0
199,2025-10-13,44063,42622,0.0
199,2025-10-14,46348,44764,0.0
199,2025-10-15,44451,43939,0.0
199,2025-10-16,42248,41265,0.0
199,2025-10-17,42449,41576,0.0
199,2025-10-18,40313,41433,0.0
199,2025-10-19,39552,40729,0.0
199,2025-10-20,40758,41851,0.0
199,2025-10-21,43041,44157,0.0
199,2025-10-22,41870,42716,0.0
199,2025-10-23,42861,41954,0.0
199,2025-10-24,45174,43618,0.0
199,2025-10-25,41713,41101,0.0
199,2025-10-26,44178,43659,0.0
199,2025-10-27,43367,42458,0.0
199,2025-10-28,45963,44607,0.0
199,2025-10-29,43923,44649,0.0
199,2025-10-30,40568,40649,0.0
199,2025-10-31,43223,43889,0.0
199,2025-11-01,44030,44800,0.0
199,2025-11-02,43204,42950,0.0
199,2025-11-03,41708,41627,0.0
199,2025-11-04,44631,44376,0.0
199,2025-11-05,43031,41560,0.0
199,2025-11-06,44766,44147,0.0
199,2025-11-07,40828,41549,0.0
199,2025-11-08,42419,41218,0.0
199,2025-11-09,42095,40659,0.0
199,2025-11-10,43453,43619,0.0
200,2025-09-16,5697,5686,0.0
200,2025-09-17,5601,5680,0.0
200,2025-09-18,6091,5891,0.0
200,2025-09-19,6011,6142,0.0
200,2025-09-20,6097,6141,0.0
200,2025-09-21,5730,5707,0.0
200,2025-09-22,6058,5846,0.0
200,2025-09-23,5857,5686,0.0
200,2025-09-24,6297,6228,0.0
200,2025-09-25,6156,6069,0.0
200,2025-09-26,5681,5744,0.0
200,2025-09-27,6154,6062,0.0
200,2025-09-28,5802,5856,0.0
200,2025-09-29,5650,5700,0.0
200,2025-09-30,5952,5874,0.0
200,2025-10-01,5682,5705,0.0
200,2025-10-02,5912,5957,0.0
200,2025-10-03,6381,6214,0.0
200,2025-10-04,5834,5698,0.0
200,2025-10-05,5664,5802,0.0
200,2025-10-06,6472,6233,0.0
200,2025-10-07,5632,5666,0.0
200,2025-10-08,5902,5786,0.0
200,2025-10-09,6126,6017,0.0
200,2025-10-10,6032,6107,0.0
200,2025-10-11,5924,6078,0.0
200,2025-10-12,5869,5852,0.0
200,2025-10-13,6132,6103,0.0
200,2025-10-14,6187,6218,0.0
200,2025-10-15,6078,5887,0.0
200,2025-10-16,5905,5757,0.0
200,2025-10-17,6076,6040,0.0
200,2025-10-18,6124,5897,0.0
200,2025-10-19,5943,6120,0.0
200,2025-10-20,5770,5898,0.0
200,2025-10-21,5864,5698,0.0
200,2025-10-22,6073,5973,0.0
200,2025-10-23,6190,6218,0.0
200,2025-10-24,5842,5841,0.0
200,2025-10-25,5937,6117,0.0
200,2025-10-26,6224,6212,0.0
200,2025-10-27,5777,5825,0.0
200,2025-10-28,5857,6015,0.0
200,2025-10-29,6047,5951,0.0
200,2025-10-30,6011,6041,0.0
200,2025-10-31,5996,5927,0.0
200,2025-11-01,5624,5766,0.0
200,2025-11-02,6134,6227,0.0
200,2025-11-03,6033,6209,0.0
200,2025-11-04,5943,6109,0.0
200,2025-11-05,5524,5680,0.0
200,2025-11-06,6317,6109,0.0
200,2025-11-07,5705,5710,0.0
200,2025-11-08,5628,5782,0.0
200,2025-11-09,6027,6148,0.0
200,2025-11-10,6025,5985,0.0
201,2025-09-16,3113,3090,0.0
201,2025-09-17,3300,3335,0.0
201,2025-09-18,3052,3061,0.0
201,2025-09-19,3315,3201,0.0
201,2025-09-20,3258,3332,0.0
201,2025-09-21,3204,3195,0.0
201,2025-09-22,3174,3192,0.0
201,2025-09-23,3380,3321,0.0
201,2025-09-24,3145,3039,0.0
201,2025-09-25,3019,3036,0.0
201,2025-09-26,3166,3131,0.0
201,2025-09-27,3195,3202,0.0
201,2025-09-28,3218,3146,0.0
201,2025-09-29,2981,3035,0.0
201,2025-09-30,3084,3074,0.0
201,2025-10-01,3300,3287,0.0
201,2025-10-02,3407,3338,0.0
201,2025-10-03,3165,3237,0.0
201,2025-10-04,3263,3167,0.0
201,2025-10-05,3215,3170,0.0
201,2025-10-06,3098,3115,0.0
201,2025-10-07,3104,3096,0.0
201,2025-10-08,3340,3273,0.0
201,2025-10-09,3210,3095,0.0
201,2025-10-10,3293,3217,0.0
201,2025-10-11,3306,3190,0.0
201,2025-10-12,3263,3225,0.0
201,2025-10-13,3087,3057,0.0
201,2025-10-14,3295,3336,0.0
201,2025-10-15,3128,3090,0.0
201,2025-10-16,3057,3050,0.0
201,2025-10-17,3099,3108,0.0
201,2025-10-18,3075,3163,0.0
201,2025-10-19,3277,3255,0.0
201,2025-10-20,3050,3046,0.0
201,2025-10-21,3297,3267,0.0
201,2025-10-22,3150,3051,0.0
201,2025-10-23,3134,3162,0.0
201,2025-10-24,3200,3218,0.0
201,2025-10-25,3139,3153,0.0
201,2025-10-26,3227,3104,0.0
201,2025-10-27,3256,3185,0.0
201,2025-10-28,3343,3233,0.0
201,2025-10-29,3270,3321,0.0
201,2025-10-30,2947,3035,0.0
201,2025-10-31,3271,3290,0.0
201,2025-11-01,3111,3130,0.0
201,2025-11-02,3179,3101,0.0
201,2025-11-03,3185,3176,0.0
201,2025-11-04,3107,3030,0.0
201,2025-11-05,3094,3145,0.0
201,2025-11-06,3235,3178,0.0
201,2025-11-07,3111,3076,0.0
201,2025-11-08,3140,3143,0.0
201,2025-11-09,3265,3239,0.0
201,2025-11-10,2967,3057,0.0
202,2025-09-16,3155,3193,0.0
202,2025-09-17,3620,3492,0.0
202,2025-09-18,3249,3281,0.0
202,2025-09-19,3562,3506,0.0
202,2025-09-20,3472,3505,0.0
202,2025-09-21,3440,3422,0.0
202,2025-09-22,3269,3362,0.0
202,2025-09-23,3573,3455,0.0
202,2025-09-24,3371,3339,0.0
202,2025-09-25,3298,3252,0.0
202,2025-09-26,3236,3218,0.0
202,2025-09-27,3292,3304,0.0
202,2025-09-28,3339,3440,0.0
202,2025-09-29,2595,3256,0.0
202,2025-09-30,2534,3398,0.0
202,2025-10-01,2451,3367,0.0
202,2025-10-02,2466,3278,0.0
202,2025-10-03,2644,3380,0.0
202,2025-10-04,2373,3179,0.0
202,2025-10-05,2694,3412,0.0
202,2025-10-06,2577,3505,0.0
202,2025-10-07,2635,3388,0.0
202,2025-10-08,2463,3264,0.0
202,2025-10-09,2564,3224,0.0
202,2025-10-10,2665,3405,0.0
202,2025-10-11,2540,3348,0.0
202,2025-10-12,2579,3226,0.0
202,2025-10-13,2515,3324,0.0
202,2025-10-14,2500,3308,0.0
202,2025-10-15,2334,3216,0.0
202,2025-10-16,2367,3248,0.0
202,2025-10-17,2593,3186,0.0
202,2025-10-18,2534,3330,0.0
202,2025-10-19,2815,3499,0.0
202,2025-10-20,2420,3293,0.0
202,2025-10-21,2632,3347,0.0
202,2025-10-22,2737,3449,0.0
202,2025-10-23,2459,3346,0.0
202,2025-10-24,2689,3431,0.0
202,2025-10-25,2686,3477,0.0
202,2025-10-26,2505,3311,0.0
202,2025-10-27,2610,3410,0.0
202,2025-10-28,2764,3457,0.0
202,2025-10-29,2398,3216,0.0
202,2025-10-30,2533,3271,0.0
202,2025-10-31,2542,3385,0.0
202,2025-11-01,2447,3359,0.0
202,2025-11-02,2648,3312,0.0
202,2025-11-03,2518,3332,0.0
202,2025-11-04,2698,3450,0.0
202,2025-11-05,2769,3459,0.0
202,2025-11-06,2461,3275,0.0
202,2025-11-07,2345,3227,0.0
202,2025-11-08,2778,3405,0.0
202,2025-11-09,2479,3353,0.0
202,2025-11-10,2599,3237,0.0
203,2025-09-16,27250,26437,0.0
203,2025-09-17,26300,26414,0.0
203,2025-09-18,26841,26098,0.0
203,2025-09-19,27333,26832,0.0
203,2025-09-20,26420,26130,0.0
203,2025-09-21,27270,27870,0.0
203,2025-09-22,26802,26840,0.0
203,2025-09-23,21579,26051,4.6
203,2025-09-24,26877,26137,0.0
203,2025-09-25,28267,27971,0.0
203,2025-09-26,28149,28374,0.0
203,2025-09-27,26642,26188,0.0
203,2025-09-28,27431,27321,0.0
203,2025-09-29,25577,25972,0.0
203,2025-09-30,26251,26562,0.0
203,2025-10-01,25425,26081,0.0
203,2025-10-02,28418,27327,0.0
203,2025-10-03,27635,28470,0.0
203,2025-10-04,26925,26428,0.0
203,2025-10-05,27556,28173,0.0
203,2025-10-06,26798,27023,0.0
203,2025-10-07,27326,27354,0.0
203,2025-10-08,27752,28513,0.0
203,2025-10-09,26959,27594,0.0
203,2025-10-10,26165,25987,0.0
203,2025-10-11,27666,27992,0.0
203,2025-10-12,26581,26654,0.0
203,2025-10-13,27679,27043,0.0
203,2025-10-14,26611,26530,0.0
203,2025-10-15,26412,25874,0.0
203,2025-10-16,28088,27021,0.0
203,2025-10-17,27847,27465,0.0
203,2025-10-18,27481,27441,0.0
203,2025-10-19,28071,27722,0.0
203,2025-10-20,28509,27469,0.0
203,2025-10-21,27627,26898,0.0
203,2025-10-22,26048,26846,0.0
203,2025-10-23,27993,27997,0.0
203,2025-10-24,28700,27708,0.0
203,2025-10-25,28152,28313,0.0
203,2025-10-26,27400,28071,0.0
203,2025-10-27,28526,27436,0.0
203,2025-10-28,27675,27936,0.0
203,2025-10-29,25533,25901,0.0
203,2025-10-30,25804,26562,0.0
203,2025-10-31,27234,27059,0.0
203,2025-11-01,28163,27904,0.0
203,2025-11-02,28147,27404,0.0
203,2025-11-03,27236,27069,0.0
203,2025-11-04,27637,27994,0.0
203,2025-11-05,27189,27967,1.4
203,2025-11-06,26609,28395,1.6
203,2025-11-07,27070,26650,0.0
203,2025-11-08,28323,27996,0.0
203,2025-11-09,27961,27006,0.0
203,2025-11-10,26915,26000,0.0
204,2025-09-16,2398,2454,0.0
204,2025-09-17,2296,2297,0.0
204,2025-09-18,2366,2433,0.0
204,2025-09-19,2265,2307,0.0
204,2025-09-20,2283,2306,0.0
204,2025-09-21,2461,2371,0.0
204,2025-09-22,2457,2387,0.0
204,2025-09-23,2316,2341,0.0
204,2025-09-24,2449,2410,0.0
204,2025-09-25,2501,2461,0.0
204,2025-09-26,2605,2508,0.0
204,2025-09-27,2315,2324,0.0
204,2025-09-28,2333,2311,0.0
204,2025-09-29,2346,2291,0.0
204,2025-09-30,2305,2341,0.0
204,2025-10-01,2255,2285,0.0
204,2025-10-02,2379,2298,0.0
204,2025-10-03,2509,2477,0.0
204,2025-10-04,2402,2377,0.0
204,2025-10-05,2364,2369,0.0
204,2025-10-06,2508,2458,0.0
204,2025-10-07,2522,2432,0.0
204,2025-10-08,2431,2395,0.0
204,2025-10-09,2339,2394,0.0
204,2025-10-10,2587,2494,0.0
204,2025-10-11,2509,2452,0.0
204,2025-10-12,2360,2407,0.0
204,2025-10-13,2368,2322,0.0
204,2025-10-14,2560,2476,0.0
204,2025-10-15,2549,2483,0.0
204,2025-10-16,2444,2375,0.0
204,2025-10-17,2427,2444,0.0
204,2025-10-18,2388,2322,0.0
204,2025-10-19,2488,2480,0.0
204,2025-10-20,2466,2445,0.0
204,2025-10-21,2276,2304,0.0
204,2025-10-22,2424,2343,0.0
204,2025-10-23,2500,2475,0.0
204,2025-10-24,2479,2401,0.0
204,2025-10-25,2421,2391,0.0
204,2025-10-26,2222,2286,0.0
204,2025-10-27,2427,2439,0.0
204,2025-10-28,2348,2340,0.0
204,2025-10-29,2412,2431,0.0
204,2025-10-30,2403,2457,0.0
204,2025-10-31,2359,2366,0.0
204,2025-11-01,2473,2480,0.0
204,2025-11-02,2350,2330,0.0
204,2025-11-03,2542,2465,0.0
204,2025-11-04,2375,2381,0.0
204,2025-11-05,2480,2414,0.0
204,2025-11-06,2315,2289,0.0
204,2025-11-07,2531,2444,0.0
204,2025-11-08,2397,2364,0.0
204,2025-11-09,2499,2489,0.0
204,2025-11-10,2422,2457,0.0
205,2025-09-16,8233,8337,0.0
205,2025-09-17,9242,9073,0.0
205,2025-09-18,9263,9076,0.0
205,2025-09-19,8850,8870,0.0
205,2025-09-20,8856,8536,0.0
205,2025-09-21,8755,8945,0.0
205,2025-09-22,8638,8508,0.0
205,2025-09-23,8485,8373,0.0
205,2025-09-24,8549,8229,0.0
205,2025-09-25,9049,8901,0.0
205,2025-09-26,8533,8319,0.0
205,2025-09-27,8469,8271,0.0
205,2025-09-28,8824,8590,0.0
205,2025-09-29,8946,8955,0.0
205,2025-09-30,8727,8709,0.0
205,2025-10-01,9288,9061,0.0
205,2025-10-02,8960,8765,0.0
205,2025-10-03,8823,9043,0.0
205,2025-10-04,8469,8224,0.0
205,2025-10-05,8852,8704,0.0
205,2025-10-06,8704,8884,0.0
205,2025-10-07,8545,8485,0.0
205,2025-10-08,9282,8943,0.0
205,2025-10-09,9005,8884,0.0
205,2025-10-10,9155,8993,0.0
205,2025-10-11,8878,8708,0.0
205,2025-10-12,8320,8334,0.0
205,2025-10-13,8556,8412,0.0
205,2025-10-14,8572,8799,0.0
205,2025-10-15,8710,8650,0.0
205,2025-10-16,9362,9070,0.0
205,2025-10-17,8742,8435,0.0
205,2025-10-18,9317,8964,0.0
205,2025-10-19,9385,9062,0.0
205,2025-10-20,8455,8284,0.0
205,2025-10-21,8893,9078,0.0
205,2025-10-22,8890,8682,0.0
205,2025-10-23,8173,8344,0.0
205,2025-10-24,8861,8873,0.0
205,2025-10-25,9137,9075,0.0
205,2025-10-26,8557,8328,0.0
205,2025-10-27,8747,8775,0.0
205,2025-10-28,8967,8844,0.0
205,2025-10-29,8591,8358,0.0
205,2025-10-30,8875,8885,0.0
205,2025-10-31,8758,8601,0.0
205,2025-11-01,8546,8662,0.0
205,2025-11-02,8695,8764,0.0
205,2025-11-03,8678,8581,0.0
205,2025-11-04,8480,8460,0.0
205,2025-11-05,8588,8350,0.0
205,2025-11-06,9017,8800,0.0
205,2025-11-07,9034,8858,0.0
205,2025-11-08,9215,9069,0.0
205,2025-11-09,8820,9002,0.0
205,2025-11-10,8815,8991,0.0
206,2025-09-16,16088,15675,0.0
206,2025-09-17,15213,14716,0.0
206,2025-09-18,15292,14816,0.0
206,2025-09-19,15537,15371,0.0
206,2025-09-20,15144,14939,0.0
206,2025-09-21,16354,15875,0.0
206,2025-09-22,15701,15830,0.0
206,2025-09-23,14827,14842,0.0
206,2025-09-24,15106,15242,0.0
206,2025-09-25,15172,14828,0.0
206,2025-09-26,15939,15408,0.0
206,2025-09-27,15928,15560,0.0
206,2025-09-28,14628,14622,0.0
206,2025-09-29,15183,14627,0.0
206,2025-09-30,15794,15928,0.0
206,2025-10-01,14879,15099,0.0
206,2025-10-02,15087,15527,0.0
206,2025-10-03,14872,15305,0.0
206,2025-10-04,15785,15730,0.0
206,2025-10-05,14862,14979,0.0
206,2025-10-06,15909,15640,0.0
206,2025-10-07,15021,15424,0.0
206,2025-10-08,15757,15802,0.0
206,2025-10-09,9831,15258,0.0
206,2025-10-10,9524,14530,0.0
206,2025-10-11,10039,15328,0.0
206,2025-10-12,9227,14475,0.0
206,2025-10-13,10186,15902,0.0
206,2025-10-14,9966,15162,0.0
206,2025-10-15,8754,14722,0.0
206,2025-10-16,9637,15054,0.0
206,2025-10-17,9462,14780,0.0
206,2025-10-18,9137,15224,0.0
206,2025-10-19,9262,15662,0.0
206,2025-10-20,8947,14936,0.0
206,2025-10-21,9748,15347,0.0
206,2025-10-22,9964,15163,0.0
206,2025-10-23,9131,15143,0.0
206,2025-10-24,10027,15319,0.0
206,2025-10-25,9462,14997,0.0
206,2025-10-26,9544,15331,0.0
206,2025-10-27,9359,14553,0.0
206,2025-10-28,10324,15692,0.0
206,2025-10-29,9158,15137,0.0
206,2025-10-30,9276,14562,0.0
206,2025-10-31,9190,14780,0.0
206,2025-11-01,9754,15854,0.0
206,2025-11-02,9114,15531,0.0
206,2025-11-03,9831,15913,0.0
206,2025-11-04,9503,15444,0.0
206,2025-11-05,9503,14609,0.0
206,2025-11-06,9503,15893,0.0
206,2025-11-07,9569,15744,0.0
206,2025-11-08,8717,14497,0.0
206,2025-11-09,8521,14516,0.0
206,2025-11-10,9131,14830,0.0
207,2025-09-16,5733,5610,0.0
207,2025-09-17,5750,5866,0.0
207,2025-09-18,5965,5883,0.0
207,2025-09-19,5663,5612,0.0
207,2025-09-20,5751,5835,0.0
207,2025-09-21,5950,5774,0.0
207,2025-09-22,5437,5590,0.0
207,2025-09-23,5733,5620,0.0
207,2025-09-24,5545,5683,0.0
207,2025-09-25,5487,5565,0.0
207,2025-09-26,5810,5841,0.0
207,2025-09-27,5452,5409,0.0
207,2025-09-28,5239,5401,0.0
207,2025-09-29,5434,5577,0.0
207,2025-09-30,5334,5491,0.0
207,2025-10-01,5512,5468,0.0
207,2025-10-02,5665,5570,0.0
207,2025-10-03,5712,5600,0.0
207,2025-10-04,5861,5753,0.0
207,2025-10-05,5461,5547,0.0
207,2025-10-06,5532,5676,0.0
207,2025-10-07,5640,5524,0.0
207,2025-10-08,5587,5723,0.0
207,2025-10-09,5370,5529,0.0
207,2025-10-10,5476,5613,0.0
207,2025-10-11,5787,5712,0.0
207,2025-10-12,5860,5724,0.0
207,2025-10-13,5694,5817,0.0
207,2025-10-14,5269,5352,0.0
207,2025-10-15,5250,5332,0.0
207,2025-10-16,5406,5398,0.0
207,2025-10-17,5371,5412,0.0
207,2025-10-18,5541,5455,0.0
207,2025-10-19,5537,5432,0.0
207,2025-10-20,5345,5405,0.0
207,2025-10-21,5629,5480,0.0
207,2025-10-22,5729,5511,0.0
207,2025-10-23,5305,5390,0.0
207,2025-10-24,5649,5647,0.0
207,2025-10-25,5806,5640,0.0
207,2025-10-26,5552,5388,0.0
207,2025-10-27,5542,5548,0.0
207,2025-10-28,5673,5797,0.0
207,2025-10-29,5810,5669,0.0
207,2025-10-30,5749,5590,0.0
207,2025-10-31,5423,5331,0.0
207,2025-11-01,5243,5326,0.0
207,2025-11-02,5813,5836,0.0
207,2025-11-03,5199,5336,0.0
207,2025-11-04,5417,5545,0.0
207,2025-11-05,5384,5328,0.0
207,2025-11-06,5585,5487,0.0
207,2025-11-07,5649,5511,0.0
207,2025-11-08,5355,5510,0.0
207,2025-11-09,5689,5600,0.0
207,2025-11-10,5599,5651,0.0
208,2025-09-16,2956,2960,0.0
208,2025-09-17,2946,2929,0.0
208,2025-09-18,2767,2793,0.0
208,2025-09-19,2907,2996,0.0
208,2025-09-20,3086,3039,0.0
208,2025-09-21,2920,2925,0.0
208,2025-09-22,2840,2787,0.0
208,2025-09-23,2872,2815,0.0
208,2025-09-24,2786,2806,0.0
208,2025-09-25,2785,2805,0.0
208,2025-09-26,2769,2806,0.0
208,2025-09-27,3092,3043,0.0
208,2025-09-28,2954,2853,0.0
208,2025-09-29,2895,2815,0.0
208,2025-09-30,2893,2888,0.0
208,2025-10-01,2835,2860,0.0
208,2025-10-02,2744,2775,0.0
208,2025-10-03,3022,2966,0.0
208,2025-10-04,2889,2876,0.0
208,2025-10-05,3081,2975,0.0
208,2025-10-06,2982,2932,0.0
208,2025-10-07,2714,2789,0.0
208,2025-10-08,2791,2854,0.0
208,2025-10-09,2799,2853,0.0
208,2025-10-10,2900,2885,0.0
208,2025-10-11,2838,2888,0.0
208,2025-10-12,2938,2915,0.0
208,2025-10-13,2817,2823,0.0
208,2025-10-14,2949,2839,0.0
208,2025-10-15,3073,3040,0.0
208,2025-10-16,2935,3022,0.0
208,2025-10-17,3006,3021,0.0
208,2025-10-18,3000,2906,0.0
208,2025-10-19,2988,2931,0.0
208,2025-10-20,2852,2916,0.0
208,2025-10-21,2940,3017,0.0
208,2025-10-22,3086,2999,0.0
208,2025-10-23,2873,2935,0.0
208,2025-10-24,2958,2865,0.0
208,2025-10-25,3095,3037,0.0
208,2025-10-26,3020,2950,0.0
208,2025-10-27,3000,3014,0.0
208,2025-10-28,2892,2972,0.0
208,2025-10-29,2861,2877,0.0
208,2025-10-30,2881,2903,0.0
208,2025-10-31,3043,3006,0.0
208,2025-11-01,2749,2813,0.0
208,2025-11-02,2935,2931,0.0
208,2025-11-03,2787,2764,0.0
208,2025-11-04,2830,2855,0.0
208,2025-11-05,2796,2800,0.0
208,2025-11-06,2941,2853,0.0
208,2025-11-07,2874,2789,0.0
208,2025-11-08,2868,2759,0.0
208,2025-11-09,3047,3018,0.0
208,2025-11-10,2898,2913,0.0
209,2025-09-16,8067,8047,0.0
209,2025-09-17,7592,7401,0.0
209,2025-09-18,7987,8032,0.0
209,2025-09-19,7270,7406,0.0
209,2025-09-20,7488,7608,0.0
209,2025-09-21,7966,7915,0.0
209,2025-09-22,7815,8022,0.0
209,2025-09-23,7545,7670,0.0
209,2025-09-24,7501,7371,0.0
209,2025-09-25,7938,7806,0.0
209,2025-09-26,8017,7768,0.0
209,2025-09-27,7472,7322,0.0
209,2025-09-28,7999,7698,0.0
209,2025-09-29,7378,7398,0.0
209,2025-09-30,7342,7506,0.0
209,2025-10-01,8004,7782,0.0
209,2025-10-02,7875,7761,0.0
209,2025-10-03,8008,7774,0.0
209,2025-10-04,7824,7804,0.0
209,2025-10-05,8128,7853,0.0
209,2025-10-06,8303,8019,0.0
209,2025-10-07,7710,7486,0.0
209,2025-10-08,7740,7691,0.0
209,2025-10-09,7776,7716,0.0
209,2025-10-10,7912,7955,0.0
209,2025-10-11,7928,7882,0.0
209,2025-10-12,8039,7749,0.0
209,2025-10-13,7721,7622,0.0
209,2025-10-14,7857,7737,0.0
209,2025-10-15,8101,7914,0.0
209,2025-10-16,7967,7677,0.0
209,2025-10-17,7494,7356,0.0
209,2025-10-18,8014,7754,0.0
209,2025-10-19,7795,7679,0.0
209,2025-10-20,7571,7536,0.0
209,2025-10-21,7871,7788,0.0
209,2025-10-22,8072,7877,0.0
209,2025-10-23,8138,7919,0.0
209,2025-10-24,7779,7843,0.0
209,2025-10-25,7623,7511,0.0
209,2025-10-26,7725,7530,0.0
209,2025-10-27,7566,7350,0.0
209,2025-10-28,7999,8014,0.0
209,2025-10-29,7506,7645,0.0
209,2025-10-30,7887,7911,0.0
209,2025-10-31,7773,7820,0.0
209,2025-11-01,7594,7665,0.0
209,2025-11-02,7713,7754,0.0
209,2025-11-03,5811,7340,0.0
209,2025-11-04,6027,7516,0.0
209,2025-11-05,5937,7819,0.0
209,2025-11-06,6224,8026,0.0
209,2025-11-07,6244,8052,0.0
209,2025-11-08,6279,7981,0.0
209,2025-11-09,6110,7672,0.0
209,2025-11-10,6208,7920,0.0
210,2025-09-16,2653,2557,0.0
210,2025-09-17,2655,2579,0.0
210,2025-09-18,2762,2701,0.0
210,2025-09-19,2582,2570,0.0
210,2025-09-20,2707,2606,0.0
210,2025-09-21,2589,2599,0.0
210,2025-09-22,2619,2519,0.0
210,2025-09-23,2450,2472,0.0
210,2025-09-24,2718,2642,0.0
210,2025-09-25,2509,2577,0.0
210,2025-09-26,2716,2671,0.0
210,2025-09-27,2657,2583,0.0
210,2025-09-28,2683,2691,0.0
210,2025-09-29,2733,2685,0.0
210,2025-09-30,2449,2469,0.0
210,2025-10-01,2625,2590,0.0
210,2025-10-02,2582,2563,0.0
210,2025-10-03,2464,2512,0.0
210,2025-10-04,2644,2592,0.0
210,2025-10-05,2498,2524,0.0
210,2025-10-06,2569,2613,0.0
210,2025-10-07,2526,2496,0.0
210,2025-10-08,2662,2639,0.0
210,2025-10-09,2443,2511,0.0
210,2025-10-10,2656,2722,0.0
210,2025-10-11,2620,2675,0.0
210,2025-10-12,2610,2544,0.0
210,2025-10-13,2476,2524,0.0
210,2025-10-14,2696,2647,0.0
210,2025-10-15,2603,2536,0.0
210,2025-10-16,2533,2530,0.0
210,2025-10-17,2556,2511,0.0
210,2025-10-18,2621,2526,0.0
210,2025-10-19,2491,2482,0.0
210,2025-10-20,2620,2621,0.0
210,2025-10-21,2697,2614,0.0
210,2025-10-22,2594,2544,0.0
210,2025-10-23,2563,2579,0.0
210,2025-10-24,2804,2699,0.0
210,2025-10-25,2424,2473,0.0
210,2025-10-26,2472,2528,0.0
210,2025-10-27,2670,2715,0.0
210,2025-10-28,2673,2704,0.0
210,2025-10-29,2520,2533,0.0
210,2025-10-30,2571,2564,0.0
210,2025-10-31,2548,2490,0.0
210,2025-11-01,2728,2703,0.0
210,2025-11-02,2741,2710,0.0
210,2025-11-03,2586,2638,0.0
210,2025-11-04,2522,2466,0.0
210,2025-11-05,2468,2470,0.0
210,2025-11-06,2542,2489,0.0
210,2025-11-07,2636,2688,0.0
210,2025-11-08,2690,2603,0.0
210,2025-11-09,2610,2646,0.0
210,2025-11-10,2489,2562,0.0
211,2025-09-16,25742,26007,0.0
211,2025-09-17,26161,26301,0.0
211,2025-09-18,26432,25524,0.0
211,2025-09-19,26797,26995,0.0
211,2025-09-20,24959,24697,0.0
211,2025-09-21,26064,25114,0.0
211,2025-09-22,24417,24582,0.0
211,2025-09-23,26680,26551,0.0
211,2025-09-24,26629,26303,0.0
211,2025-09-25,25994,25125,0.0
211,2025-09-26,26220,25827,0.0
211,2025-09-27,25814,25061,0.0
211,2025-09-28,25234,24725,0.0
211,2025-09-29,26076,25628,0.0
211,2025-09-30,24325,25025,0.0
211,2025-10-01,25749,25197,0.0
211,2025-10-02,26682,26429,0.0
211,2025-10-03,27762,26725,0.0
211,2025-10-04,26595,25662,0.0
211,2025-10-05,25472,24610,0.0
211,2025-10-06,25948,25040,0.0
211,2025-10-07,25054,25714,0.0
211,2025-10-08,27273,26315,0.0
211,2025-10-09,25698,25749,0.0
211,2025-10-10,25999,25681,0.0
211,2025-10-11,26679,25760,0.0
211,2025-10-12,25586,24739,0.0
211,2025-10-13,24691,24844,0.0
211,2025-10-14,24415,25101,0.0
211,2025-10-15,25960,25219,0.0
211,2025-10-16,26076,25747,0.0
211,2025-10-17,27197,26877,0.0
211,2025-10-18,26419,25554,0.0
211,2025-10-19,26535,25991,0.0
211,2025-10-20,24765,25180,0.0
211,2025-10-21,25616,25163,0.0
211,2025-10-22,27349,26776,0.0
211,2025-10-23,25456,26107,0.0
211,2025-10-24,25809,25542,0.0
211,2025-10-25,25328,24944,0.0
211,2025-10-26,24678,25437,0.0
211,2025-10-27,24084,24785,0.0
211,2025-10-28,25187,25646,0.0
211,2025-10-29,27709,26886,0.0
211,2025-10-30,24412,24941,0.0
211,2025-10-31,25410,25763,0.0
211,2025-11-01,25595,25035,0.0
211,2025-11-02,26004,25381,0.0
211,2025-11-03,25744,25403,0.0
211,2025-11-04,26507,25950,0.0
211,2025-11-05,25024,24996,0.0
211,2025-11-06,25148,24941,0.0
211,2025-11-07,24905,24955,0.0
211,2025-11-08,26385,25906,0.0
211,2025-11-09,26976,26485,0.0
211,2025-11-10,28109,27101,0.0
212,2025-09-16,34908,33620,0.0
212,2025-09-17,33717,34123,0.0
212,2025-09-18,32569,32229,0.0
212,2025-09-19,31952,31813,0.0
212,2025-09-20,35460,34518,0.0
212,2025-09-21,36068,34949,0.0
212,2025-09-22,33237,32629,0.0
212,2025-09-23,32780,32979,0.0
212,2025-09-24,34383,34093,0.0
212,2025-09-25,33842,33563,0.0
212,2025-09-26,32996,33796,1.0
212,2025-09-27,33418,33302,0.0
212,2025-09-28,33326,32058,0.0
212,2025-09-29,33999,33798,0.0
212,2025-09-30,32161,32794,0.0
212,2025-10-01,32903,33772,0.0
212,2025-10-02,36121,34758,0.0
212,2025-10-03,33074,33923,0.0
212,2025-10-04,31169,31859,0.0
212,2025-10-05,32998,32019,0.0
212,2025-10-06,32879,32889,0.0
212,2025-10-07,33420,33493,0.0
212,2025-10-08,33718,34576,0.0
212,2025-10-09,34987,35112,0.0
212,2025-10-10,33342,32999,0.0
212,2025-10-11,33609,33521,0.0
212,2025-10-12,35398,34314,0.0
212,2025-10-13,33355,34059,0.0
212,2025-10-14,33930,34063,0.0
212,2025-10-15,31763,31830,0.0
212,2025-10-16,33019,33832,0.0
212,2025-10-17,33815,33516,0.0
212,2025-10-18,24784,34084,6.6
212,2025-10-19,33993,33394,0.0
212,2025-10-20,31763,31901,0.0
212,2025-10-21,34147,34943,0.0
212,2025-10-22,32394,32723,0.0
212,2025-10-23,34995,33706,0.0
212,2025-10-24,33676,33284,0.0
212,2025-10-25,34269,33148,0.0
212,2025-10-26,31768,31995,0.0
212,2025-10-27,35839,34863,0.0
212,2025-10-28,34593,34496,0.0
212,2025-10-29,32550,31863,0.0
212,2025-10-30,32138,32266,0.0
212,2025-10-31,32625,32316,0.0
212,2025-11-01,34595,34122,0.0
212,2025-11-02,30927,31809,0.0
212,2025-11-03,35196,34731,0.0
212,2025-11-04,34249,33786,0.0
212,2025-11-05,34162,34086,0.0
212,2025-11-06,35117,33910,0.0
212,2025-11-07,33744,33759,0.0
212,2025-11-08,32856,32804,0.0
212,2025-11-09,31685,32276,0.0
212,2025-11-10,34928,34323,0.0
213,2025-09-16,28236,28578,0.0
213,2025-09-17,26283,26987,0.0
213,2025-09-18,27454,27735,0.0
213,2025-09-19,28561,27993,0.0
213,2025-09-20,28196,28986,0.0
213,2025-09-21,28272,27784,0.0
213,2025-09-22,30531,29555,0.0
213,2025-09-23,29000,29392,0.0
213,2025-09-24,30035,28913,0.0
213,2025-09-25,29867,28975,0.0
213,2025-09-26,28583,27866,0.0
213,2025-09-27,29251,28958,0.0
213,2025-09-28,28169,27820,0.0
213,2025-09-29,28027,28656,0.0
213,2025-09-30,29228,29335,0.0
213,2025-10-01,28445,27654,0.0
213,2025-10-02,27129,27001,0.0
213,2025-10-03,28309,27600,0.0
213,2025-10-04,29469,29005,0.0
213,2025-10-05,28669,28485,0.0
213,2025-10-06,28111,28186,0.0
213,2025-10-07,28103,28409,0.0
213,2025-10-08,26174,26916,0.0
213,2025-10-09,30066,28996,0.0
213,2025-10-10,27375,27233,0.0
213,2025-10-11,29263,28650,0.0
213,2025-10-12,27530,27500,0.0
213,2025-10-13,27688,28490,0.0
213,2025-10-14,27588,27341,0.0
213,2025-10-15,28561,28906,0.0
213,2025-10-16,29265,29495,0.0
213,2025-10-17,27643,27060,0.0
213,2025-10-18,27900,27007,0.0
213,2025-10-19,30414,29318,0.0
213,2025-10-20,29188,29007,0.0
213,2025-10-21,30355,29462,0.0
213,2025-10-22,28302,28660,0.0
213,2025-10-23,29402,28469,0.0
213,2025-10-24,29282,28799,0.0
213,2025-10-25,29398,29057,0.0
213,2025-10-26,27072,27757,0.0
213,2025-10-27,27365,27084,0.0
213,2025-10-28,27346,26899,0.0
213,2025-10-29,29253,28789,0.0
213,2025-10-30,27082,27526,0.0
213,2025-10-31,29255,28250,0.0
213,2025-11-01,27708,26864,0.0
213,2025-11-02,28055,28601,0.0
213,2025-11-03,27169,27188,0.0
213,2025-11-04,29808,29422,0.0
213,2025-11-05,27574,27130,0.0
213,2025-11-06,27505,27687,0.0
213,2025-11-07,27438,27214,0.0
213,2025-11-08,29499,29201,0.0
213,2025-11-09,30371,29347,0.0
213,2025-11-10,27265,27039,0.0
214,2025-09-16,61246,59016,0.0
214,2025-09-17,58212,58042,0.0
214,2025-09-18,57137,56696,0.0
214,2025-09-19,56938,57477,0.0
214,2025-09-20,59005,56895,0.0
214,2025-09-21,56150,56853,0.0
214,2025-09-22,54675,55643,0.0
214,2025-09-23,55099,56063,0.0
214,2025-09-24,58066,58712,0.0
214,2025-09-25,58418,56564,0.0
214,2025-09-26,59337,57681,0.0
214,2025-09-27,57617,56742,0.0
214,2025-09-28,59911,59511,0.0
214,2025-09-29,56472,57071,0.0
214,2025-09-30,61034,59657,0.0
214,2025-10-01,57617,59381,0.0
214,2025-10-02,58264,59482,0.0
214,2025-10-03,58715,56519,0.0
214,2025-10-04,54352,56020,0.0
214,2025-10-05,55755,56735,0.0
214,2025-10-06,56645,58129,0.0
214,2025-10-07,55367,55569,0.0
214,2025-10-08,57627,58938,0.0
214,2025-10-09,59046,58638,0.0
214,2025-10-10,57485,58245,0.0
214,2025-10-11,59309,59399,0.0
214,2025-10-12,57034,57309,0.0
214,2025-10-13,59272,58146,0.0
214,2025-10-14,61607,59655,0.0
214,2025-10-15,54951,56536,0.0
214,2025-10-16,59458,59087,0.0
214,2025-10-17,53107,54349,0.0
214,2025-10-18,59501,59414,0.0
214,2025-10-19,57369,58919,0.0
214,2025-10-20,58147,59193,0.0
214,2025-10-21,58236,56953,0.0
214,2025-10-22,55870,55072,0.0
214,2025-10-23,57899,56156,0.0
214,2025-10-24,57240,58745,0.0
214,2025-10-25,55836,57247,0.0
214,2025-10-26,45178,59302,5.4
214,2025-10-27,60847,59314,0.0
214,2025-10-28,58721,59176,0.0
214,2025-10-29,57736,56037,0.0
214,2025-10-30,55836,56617,0.0
214,2025-10-31,56600,57129,0.0
214,2025-11-01,43210,57125,6.0
214,2025-11-02,53764,55125,0.0
214,2025-11-03,57411,56322,0.0
214,2025-11-04,57840,55950,0.0
214,2025-11-05,56879,57508,0.0
214,2025-11-06,56297,55916,0.0
214,2025-11-07,61746,59812,0.0
214,2025-11-08,58937,56708,0.0
214,2025-11-09,54464,55531,0.0
214,2025-11-10,56689,55104,0.0
215,2025-09-16,20794,20524,0.0
215,2025-09-17,20229,19577,0.0
215,2025-09-18,21607,21156,0.0
215,2025-09-19,19413,19716,0.0
215,2025-09-20,20551,21161,0.0
215,2025-09-21,21197,20458,0.0
215,2025-09-22,20407,19649,0.0
215,2025-09-23,21192,21172,0.0
215,2025-09-24,20258,20185,0.0
215,2025-09-25,20494,20496,0.0
215,2025-09-26,20410,20080,0.0
215,2025-09-27,20532,20471,0.0
215,2025-09-28,21858,21394,0.0
215,2025-09-29,20101,19696,0.0
215,2025-09-30,21368,21254,0.0
215,2025-10-01,19881,19853,0.0
215,2025-10-02,21130,21370,0.0
215,2025-10-03,20122,19405,0.0
215,2025-10-04,20132,20486,0.0
215,2025-10-05,20484,19933,0.0
215,2025-10-06,21351,21050,0.0
215,2025-10-07,21875,21388,0.0
215,2025-10-08,20435,20142,0.0
215,2025-10-09,20933,21209,0.0
215,2025-10-10,20956,21338,0.0
215,2025-10-11,20591,21032,0.0
215,2025-10-12,20996,20410,0.0
215,2025-10-13,19853,19465,0.0
215,2025-10-14,19583,19825,0.0
215,2025-10-15,20979,20831,0.0
215,2025-10-16,19571,19515,0.0
215,2025-10-17,19903,20334,0.0
215,2025-10-18,21216,20756,0.0
215,2025-10-19,20081,20515,0.0
215,2025-10-20,21614,21044,0.0
215,2025-10-21,20109,19437,0.0
215,2025-10-22,21412,21000,0.0
215,2025-10-23,20308,20874,0.0
215,2025-10-24,19700,20089,0.0
215,2025-10-25,20032,20228,0.0
215,2025-10-26,21259,21002,0.0
215,2025-10-27,21775,21393,0.0
215,2025-10-28,21757,21212,0.0
215,2025-10-29,21520,20716,0.0
215,2025-10-30,19417,19603,0.0
215,2025-10-31,20598,20529,0.0
215,2025-11-01,20113,19532,0.0
215,2025-11-02,20760,20250,0.0
215,2025-11-03,20470,19973,0.0
215,2025-11-04,20957,20330,0.0
215,2025-11-05,21254,21108,0.0
215,2025-11-06,20875,20091,0.0
215,2025-11-07,20249,19997,0.0
215,2025-11-08,21209,20441,0.0
215,2025-11-09,20625,19930,0.0
215,2025-11-10,20756,20410,0.0
216,2025-09-16,2271,2304,0.0
216,2025-09-17,2417,2461,0.0
216,2025-09-18,2384,2298,0.0
216,2025-09-19,2356,2338,0.0
216,2025-09-20,2496,2478,0.0
216,2025-09-21,2263,2262,0.0
216,2025-09-22,1670,2471,0.0
216,2025-09-23,1512,2406,0.0
216,2025-09-24,1637,2398,0.0
216,2025-09-25,1613,2460,0.0
216,2025-09-26,1615,2360,0.0
216,2025-09-27,1443,2357,0.0
216,2025-09-28,1583,2401,0.0
216,2025-09-29,1427,2280,0.0
216,2025-09-30,1551,2270,0.0
216,2025-10-01,1568,2318,0.0
216,2025-10-02,1574,2424,0.0
216,2025-10-03,1561,2484,0.0
216,2025-10-04,1599,2466,0.0
216,2025-10-05,1526,2389,0.0
216,2025-10-06,1484,2360,0.0
216,2025-10-07,2367,2335,0.0
216,2025-10-08,2522,2444,0.0
216,2025-10-09,2329,2388,0.0
216,2025-10-10,2221,2287,0.0
216,2025-10-11,2371,2308,0.0
216,2025-10-12,2425,2451,0.0
216,2025-10-13,2351,2368,0.0
216,2025-10-14,2364,2415,0.0
216,2025-10-15,2391,2381,0.0
216,2025-10-16,2502,2497,0.0
216,2025-10-17,2427,2346,0.0
216,2025-10-18,2407,2407,0.0
216,2025-10-19,2482,2477,0.0
216,2025-10-20,2369,2330,0.0
216,2025-10-21,2427,2340,0.0
216,2025-10-22,2380,2395,0.0
216,2025-10-23,2351,2265,0.0
216,2025-10-24,2458,2473,0.0
216,2025-10-25,2377,2409,0.0
216,2025-10-26,2377,2428,0.0
216,2025-10-27,2231,2287,0.0
216,2025-10-28,2481,2467,0.0
216,2025-10-29,2413,2327,0.0
216,2025-10-30,2255,2313,0.0
216,2025-10-31,2283,2297,0.0
216,2025-11-01,2415,2435,0.0
216,2025-11-02,2385,2347,0.0
216,2025-11-03,2334,2274,0.0
216,2025-11-04,2422,2418,0.0
216,2025-11-05,2509,2492,0.0
216,2025-11-06,2394,2440,0.0
216,2025-11-07,2328,2334,0.0
216,2025-11-08,2478,2404,0.0
216,2025-11-09,2325,2281,0.0
216,2025-11-10,2414,2348,0.0
217,2025-09-16,9336,9424,0.0
217,2025-09-17,9718,9913,0.0
217,2025-09-18,9646,9916,0.0
217,2025-09-19,9547,9747,0.0
217,2025-09-20,10223,9988,0.0
217,2025-09-21,9187,9165,0.0
217,2025-09-22,9870,9666,0.0
217,2025-09-23,9111,9194,0.0
217,2025-09-24,9749,9488,0.0
217,2025-09-25,9585,9306,0.0
217,2025-09-26,10248,9896,0.0
217,2025-09-27,9617,9414,0.0
217,2025-09-28,9509,9149,0.0
217,2025-09-29,9885,9700,0.0
217,2025-09-30,9941,9560,0.0
217,2025-10-01,9847,9944,0.0
217,2025-10-02,9936,9694,0.0
217,2025-10-03,9672,9907,0.0
217,2025-10-04,9440,9671,0.0
217,2025-10-05,9562,9831,0.0
217,2025-10-06,9633,9480,0.0
217,2025-10-07,9798,9701,0.0
217,2025-10-08,8930,9166,0.0
217,2025-10-09,9933,9600,0.0
217,2025-10-10,9537,9225,0.0
217,2025-10-11,10024,9770,0.0
217,2025-10-12,9766,9452,0.0
217,2025-10-13,9208,9223,0.0
217,2025-10-14,9527,9223,0.0
217,2025-10-15,9597,9249,0.0
217,2025-10-16,10109,9853,0.0
217,2025-10-17,9561,9364,0.0
217,2025-10-18,10079,9823,0.0
217,2025-10-19,9363,9334,0.0
217,2025-10-20,9917,9799,0.0
217,2025-10-21,9311,9309,0.0
217,2025-10-22,9688,9666,0.0
217,2025-10-23,9385,9615,0.0
217,2025-10-24,9173,9263,0.0
217,2025-10-25,9505,9285,0.0
217,2025-10-26,9970,9736,0.0
217,2025-10-27,10133,9821,0.0
217,2025-10-28,10148,10096,0.0
217,2025-10-29,9162,9419,0.0
217,2025-10-30,9970,9679,0.0
217,2025-10-31,9466,9646,0.0
217,2025-11-01,9792,9675,0.0
217,2025-11-02,9972,9824,0.0
217,2025-11-03,9894,9792,0.0
217,2025-11-04,9402,9487,0.0
217,2025-11-05,9765,9933,0.0
217,2025-11-06,9476,9694,0.0
217,2025-11-07,9741,9633,0.0
217,2025-11-08,9114,9349,0.0
217,2025-11-09,9992,10068,0.0
217,2025-11-10,10014,9810,0.0
218,2025-09-16,22344,21544,0.0
218,2025-09-17,22575,21910,0.0
218,2025-09-18,22869,23077,0.0
218,2025-09-19,23951,23045,0.0
218,2025-09-20,22155,21509,0.0
218,2025-09-21,22607,22396,0.0
218,2025-09-22,22651,22088,0.0
218,2025-09-23,21661,21094,0.0
218,2025-09-24,21045,21379,0.0
218,2025-09-25,22474,21630,0.0
218,2025-09-26,22231,21979,0.0
218,2025-09-27,22440,23007,0.0
218,2025-09-28,21100,21156,0.0
218,2025-09-29,22730,22690,0.0
218,2025-09-30,22911,22473,0.0
218,2025-10-01,21322,21863,0.0
218,2025-10-02,20626,21085,0.0
218,2025-10-03,22558,22450,0.0
218,2025-10-04,22635,23180,0.0
218,2025-10-05,21960,21149,0.0
218,2025-10-06,22402,22000,0.0
218,2025-10-07,20847,21444,0.0
218,2025-10-08,23224,22930,0.0
218,2025-10-09,22945,22952,0.0
218,2025-10-10,18679,21919,3.8
218,2025-10-11,22532,21906,0.0
218,2025-10-12,22322,22612,0.0
218,2025-10-13,22269,22555,0.0
218,2025-10-14,22772,22670,0.0
218,2025-10-15,23378,22757,0.0
218,2025-10-16,21822,21173,0.0
218,2025-10-17,21662,21466,0.0
218,2025-10-18,22687,22896,0.0
218,2025-10-19,22960,22996,0.0
218,2025-10-20,22761,22979,0.0
218,2025-10-21,21600,21454,0.0
218,2025-10-22,21666,22064,0.0
218,2025-10-23,21644,22306,0.0
218,2025-10-24,23150,22996,0.0
218,2025-10-25,21952,21340,0.0
218,2025-10-26,23491,22671,0.0
218,2025-10-27,22126,21277,0.0
218,2025-10-28,21812,22303,0.0
218,2025-10-29,20893,21503,0.0
218,2025-10-30,23440,22750,0.0
218,2025-10-31,22373,22269,0.0
218,2025-11-01,21883,21460,0.0
218,2025-11-02,22073,21454,0.0
218,2025-11-03,21252,21100,0.0
218,2025-11-04,21972,21999,0.0
218,2025-11-05,22991,23016,0.0
218,2025-11-06,22092,22089,0.0
218,2025-11-07,21040,21539,0.0
218,2025-11-08,21456,21914,0.0
218,2025-11-09,22844,22998,0.0
218,2025-11-10,21187,21110,0.0
219,2025-09-16,6756,6837,0.0
219,2025-09-17,6362,6557,0.0
219,2025-09-18,6819,6670,0.0
219,2025-09-19,6913,6739,0.0
219,2025-09-20,6448,6563,0.0
219,2025-09-21,6578,6633,0.0
219,2025-09-22,6510,6533,0.0
219,2025-09-23,6740,6747,0.0
219,2025-09-24,6595,6750,0.0
219,2025-09-25,6437,6622,0.0
219,2025-09-26,6522,6547,0.0
219,2025-09-27,6843,6759,0.0
219,2025-09-28,7178,7021,0.0
219,2025-09-29,6928,6971,0.0
219,2025-09-30,7070,7150,0.0
219,2025-10-01,6828,6606,0.0
219,2025-10-02,7132,7148,0.0
219,2025-10-03,6977,7001,0.0
219,2025-10-04,7377,7130,0.0
219,2025-10-05,7434,7163,0.0
219,2025-10-06,6579,6547,0.0
219,2025-10-07,6431,6505,0.0
219,2025-10-08,6963,7032,0.0
219,2025-10-09,6879,6955,0.0
219,2025-10-10,6647,6717,0.0
219,2025-10-11,7014,6947,0.0
219,2025-10-12,6669,6506,0.0
219,2025-10-13,6401,6491,0.0
219,2025-10-14,6731,6897,0.0
219,2025-10-15,7147,7155,0.0
219,2025-10-16,6880,7016,0.0
219,2025-10-17,7412,7148,0.0
219,2025-10-18,6861,6887,0.0
219,2025-10-19,7187,6955,0.0
219,2025-10-20,7058,6931,0.0
219,2025-10-21,7155,7009,0.0
219,2025-10-22,7190,7035,0.0
219,2025-10-23,6829,6848,0.0
219,2025-10-24,6987,6936,0.0
219,2025-10-25,7352,7130,0.0
219,2025-10-26,6899,6950,0.0
219,2025-10-27,7166,7155,0.0
219,2025-10-28,6736,6663,0.0
219,2025-10-29,7069,6899,0.0
219,2025-10-30,6785,6953,0.0
219,2025-10-31,6726,6509,0.0
219,2025-11-01,6469,6615,0.0
219,2025-11-02,7210,7026,0.0
219,2025-11-03,7210,7001,0.0
219,2025-11-04,6892,6651,0.0
219,2025-11-05,7102,6915,0.0
219,2025-11-06,6676,6615,0.0
219,2025-11-07,6961,6810,0.0
219,2025-11-08,6512,6497,0.0
219,2025-11-09,7035,7040,0.0
219,2025-11-10,6946,6712,0.0
220,2025-09-16,16698,16431,0.0
220,2025-09-17,16702,16380,0.0
220,2025-09-18,17162,17465,0.0
220,2025-09-19,16689,16895,0.0
220,2025-09-20,16784,16833,0.0
220,2025-09-21,17102,17266,0.0
220,2025-09-22,17788,17126,0.0
220,2025-09-23,17088,17032,0.0
220,2025-09-24,17936,17282,0.0
220,2025-09-25,16099,16443,0.0
220,2025-09-26,17574,17486,0.0
220,2025-09-27,17098,17486,0.0
220,2025-09-28,17920,17535,0.0
220,2025-09-29,17923,17315,0.0
220,2025-09-30,16872,16617,0.0
220,2025-10-01,16457,16641,0.0
220,2025-10-02,16613,16346,0.0
220,2025-10-03,17228,16848,0.0
220,2025-10-04,16765,16997,0.0
220,2025-10-05,17521,17059,0.0
220,2025-10-06,17393,17246,0.0
220,2025-10-07,17382,17390,0.0
220,2025-10-08,16783,16683,0.0
220,2025-10-09,17054,17467,0.0
220,2025-10-10,16432,15959,0.0
220,2025-10-11,16667,16648,0.0
220,2025-10-12,16646,16043,0.0
220,2025-10-13,17212,16911,0.0
220,2025-10-14,16673,16435,0.0
220,2025-10-15,15969,15996,0.0
220,2025-10-16,16284,15939,0.0
220,2025-10-17,17346,17540,0.0
220,2025-10-18,17426,16817,0.0
220,2025-10-19,16167,16021,0.0
220,2025-10-20,16915,16352,0.0
220,2025-10-21,17598,17359,0.0
220,2025-10-22,17712,17208,0.0
220,2025-10-23,16323,16456,0.0
220,2025-10-24,17192,17535,0.0
220,2025-10-25,17228,16776,0.0
220,2025-10-26,16924,16678,0.0
220,2025-10-27,17519,17223,0.0
220,2025-10-28,17650,17306,0.0
220,2025-10-29,17099,16829,0.0
220,2025-10-30,17121,16972,0.0
220,2025-10-31,15673,16102,0.0
220,2025-11-01,17030,16503,0.0
220,2025-11-02,17713,17459,0.0
220,2025-11-03,17306,17254,0.0
220,2025-11-04,16704,16807,0.0
220,2025-11-05,17632,17088,0.0
220,2025-11-06,16320,16747,0.0
220,2025-11-07,17306,16654,0.0
220,2025-11-08,16882,17358,0.0
220,2025-11-09,16747,16334,0.0
220,2025-11-10,18048,17434,0.0
221,2025-09-16,4624,4605,0.0
221,2025-09-17,4432,4532,0.0
221,2025-09-18,4650,4768,0.0
221,2025-09-19,4462,4516,0.0
221,2025-09-20,4858,4784,0.0
221,2025-09-21,4922,4733,0.0
221,2025-09-22,4626,4688,0.0
221,2025-09-23,4716,4707,0.0
221,2025-09-24,4607,4692,0.0
221,2025-09-25,4707,4565,0.0
221,2025-09-26,4888,4713,0.0
221,2025-09-27,4840,4760,0.0
221,2025-09-28,4832,4691,0.0
221,2025-09-29,4593,4426,0.0
221,2025-09-30,4693,4671,0.0
221,2025-10-01,4492,4475,0.0
221,2025-10-02,4867,4785,0.0
221,2025-10-03,4363,4343,0.0
221,2025-10-04,3646,4597,0.0
221,2025-10-05,3349,4408,0.0
221,2025-10-06,3467,4494,0.0
221,2025-10-07,3318,4381,0.0
221,2025-10-08,3804,4694,0.0
221,2025-10-09,3800,4593,0.0
221,2025-10-10,3374,4417,0.0
221,2025-10-11,3802,4785,0.0
221,2025-10-12,3414,4528,0.0
221,2025-10-13,3679,4674,0.0
221,2025-10-14,3460,4538,0.0
221,2025-10-15,3948,4727,0.0
221,2025-10-16,3555,4440,0.0
221,2025-10-17,3851,4797,0.0
221,2025-10-18,3588,4529,0.0
221,2025-10-19,3712,4718,0.0
221,2025-10-20,3824,4787,0.0
221,2025-10-21,3568,4342,0.0
221,2025-10-22,3488,4653,0.0
221,2025-10-23,3561,4346,0.0
221,2025-10-24,4719,4613,0.0
221,2025-10-25,4722,4546,0.0
221,2025-10-26,4686,4564,0.0
221,2025-10-27,4693,4582,0.0
221,2025-10-28,4703,4676,0.0
221,2025-10-29,4823,4663,0.0
221,2025-10-30,4712,4710,0.0
221,2025-10-31,4462,4416,0.0
221,2025-11-01,4748,4725,0.0
221,2025-11-02,4455,4357,0.0
221,2025-11-03,4925,4748,0.0
221,2025-11-04,4509,4572,0.0
221,2025-11-05,4702,4649,0.0
221,2025-11-06,4650,4566,0.0
221,2025-11-07,4502,4542,0.0
221,2025-11-08,4647,4654,0.0
221,2025-11-09,4558,4500,0.0
221,2025-11-10,4845,4706,0.0
222,2025-09-16,19443,19663,0.0
222,2025-09-17,19512,19924,0.0
222,2025-09-18,20309,20528,0.0
222,2025-09-19,19977,19875,0.0
222,2025-09-20,20235,20137,0.0
222,2025-09-21,12391,19597,8.4
222,2025-09-22,19541,19105,0.0
222,2025-09-23,19852,20205,0.0
222,2025-09-24,18734,19233,0.0
222,2025-09-25,21130,20789,0.0
222,2025-09-26,20449,19725,0.0
222,2025-09-27,19940,20205,0.0
222,2025-09-28,20386,20967,0.0
222,2025-09-29,21095,20533,0.0
222,2025-09-30,19586,19652,0.0
222,2025-10-01,20154,20276,0.0
222,2025-10-02,19898,19939,0.0
222,2025-10-03,19977,20098,0.0
222,2025-10-04,20457,20169,0.0
222,2025-10-05,14731,20658,6.8
222,2025-10-06,20939,20516,0.0
222,2025-10-07,18958,19255,0.0
222,2025-10-08,19209,19498,0.0
222,2025-10-09,21110,20376,0.0
222,2025-10-10,20746,20021,0.0
222,2025-10-11,21321,20647,0.0
222,2025-10-12,19429,19336,0.0
222,2025-10-13,19390,19187,0.0
222,2025-10-14,19647,19925,0.0
222,2025-10-15,21144,20752,0.0
222,2025-10-16,14675,20292,6.5
222,2025-10-17,20025,19391,0.0
222,2025-10-18,19146,19365,0.0
222,2025-10-19,18917,19230,0.0
222,2025-10-20,20653,20011,0.0
222,2025-10-21,20163,20251,0.0
222,2025-10-22,19846,20273,0.0
222,2025-10-23,19270,19008,0.0
222,2025-10-24,20182,20167,0.0
222,2025-10-25,20019,19725,0.0
222,2025-10-26,20284,19937,0.0
222,2025-10-27,20386,20063,0.0
222,2025-10-28,20063,19754,0.0
222,2025-10-29,19977,19597,0.0
222,2025-10-30,19526,19174,0.0
222,2025-10-31,20950,20564,0.0
222,2025-11-01,20185,19852,0.0
222,2025-11-02,18973,19273,0.0
222,2025-11-03,20583,20921,0.0
222,2025-11-04,20040,20040,0.0
222,2025-11-05,20661,20904,0.0
222,2025-11-06,20433,20253,0.0
222,2025-11-07,19606,19896,0.0
222,2025-11-08,20872,20814,0.0
222,2025-11-09,20954,20337,0.0
222,2025-11-10,19381,19458,0.0
223,2025-09-16,3049,3122,0.0
223,2025-09-17,3295,3221,0.0
223,2025-09-18,3069,3071,0.0
223,2025-09-19,2975,2989,0.0
223,2025-09-20,3026,2973,0.0
223,2025-09-21,3066,3087,0.0
223,2025-09-22,3249,3248,0.0
223,2025-09-23,3137,3090,0.0
223,2025-09-24,3025,2975,0.0
223,2025-09-25,3079,3033,0.0
223,2025-09-26,3065,3094,0.0
223,2025-09-27,2984,3056,0.0
223,2025-09-28,3206,3175,0.0
223,2025-09-29,3007,3008,0.0
223,2025-09-30,3223,3189,0.0
223,2025-10-01,3115,3191,0.0
223,2025-10-02,3025,3068,0.0
223,2025-10-03,3204,3231,0.0
223,2025-10-04,3001,3011,0.0
223,2025-10-05,3117,3140,0.0
223,2025-10-06,3239,3246,0.0
223,2025-10-07,3030,3028,0.0
223,2025-10-08,3146,3093,0.0
223,2025-10-09,3079,3044,0.0
223,2025-10-10,3128,3149,0.0
223,2025-10-11,3044,3137,0.0
223,2025-10-12,3190,3209,0.0
223,2025-10-13,3045,3076,0.0
223,2025-10-14,3244,3167,0.0
223,2025-10-15,3059,3110,0.0
223,2025-10-16,3049,3031,0.0
223,2025-10-17,3110,3194,0.0
223,2025-10-18,3095,3170,0.0
223,2025-10-19,3328,3258,0.0
223,2025-10-20,3192,3082,0.0
223,2025-10-21,3164,3176,0.0
223,2025-10-22,3190,3073,0.0
223,2025-10-23,3202,3211,0.0
223,2025-10-24,3133,3183,0.0
223,2025-10-25,3203,3259,0.0
223,2025-10-26,3199,3250,0.0
223,2025-10-27,3144,3139,0.0
223,2025-10-28,3019,2984,0.0
223,2025-10-29,3014,2965,0.0
223,2025-10-30,2932,3002,0.0
223,2025-10-31,3095,3058,0.0
223,2025-11-01,3106,3087,0.0
223,2025-11-02,3082,2970,0.0
223,2025-11-03,3271,3268,0.0
223,2025-11-04,3160,3092,0.0
223,2025-11-05,3171,3199,0.0
223,2025-11-06,3212,3137,0.0
223,2025-11-07,3210,3179,0.0
223,2025-11-08,3175,3124,0.0
223,2025-11-09,3201,3160,0.0
223,2025-11-10,3081,3114,0.0
224,2025-09-16,27686,27682,0.0
224,2025-09-17,30255,29456,0.0
224,2025-09-18,29294,28948,0.0
224,2025-09-19,29332,28360,0.0
224,2025-09-20,30614,29561,0.0
224,2025-09-21,29841,29362,0.0
224,2025-09-22,27807,27555,0.0
224,2025-09-23,28775,28934,0.0
224,2025-09-24,27940,28300,0.0
224,2025-09-25,29190,29177,0.0
224,2025-09-26,29889,30161,0.0
224,2025-09-27,30259,29507,0.0
224,2025-09-28,30174,29076,0.0
224,2025-09-29,30782,30068,0.0
224,2025-09-30,30448,29790,0.0
224,2025-10-01,29484,28456,0.0
224,2025-10-02,29319,29171,0.0
224,2025-10-03,29102,28640,0.0
224,2025-10-04,30194,30373,0.0
224,2025-10-05,29045,28794,0.0
224,2025-10-06,29125,28390,0.0
224,2025-10-07,27815,27775,0.0
224,2025-10-08,29904,29696,0.0
224,2025-10-09,30498,30342,0.0
224,2025-10-10,29549,29874,0.0
224,2025-10-11,29117,29269,0.0
224,2025-10-12,28386,28437,0.0
224,2025-10-13,27215,27630,0.0
224,2025-10-14,27909,28449,0.0
224,2025-10-15,27103,27643,0.0
224,2025-10-16,30269,29381,0.0
224,2025-10-17,29444,28642,0.0
224,2025-10-18,29202,29275,0.0
224,2025-10-19,28699,28281,0.0
224,2025-10-20,29326,29756,0.0
224,2025-10-21,27851,28240,0.0
224,2025-10-22,28423,28469,0.0
224,2025-10-23,29169,28054,0.0
224,2025-10-24,27890,28543,0.0
224,2025-10-25,27411,28194,0.0
224,2025-10-26,27572,27528,0.0
224,2025-10-27,28350,28120,0.0
224,2025-10-28,29611,28728,0.0
224,2025-10-29,28472,28750,0.0
224,2025-10-30,30187,29214,0.0
224,2025-10-31,28145,28894,0.0
224,2025-11-01,27978,28313,0.0
224,2025-11-02,30163,30160,0.0
224,2025-11-03,29025,29661,0.0
224,2025-11-04,27074,27748,0.0
224,2025-11-05,29340,29866,0.0
224,2025-11-06,28899,29698,0.0
224,2025-11-07,30501,29877,0.0
224,2025-11-08,28372,28419,0.0
224,2025-11-09,29635,29797,0.0
224,2025-11-10,30154,29572,0.0
225,2025-09-16,4746,4657,0.0
225,2025-09-17,4529,4384,0.0
225,2025-09-18,4616,4503,0.0
225,2025-09-19,4603,4641,0.0
225,2025-09-20,4467,4535,0.0
225,2025-09-21,4687,4555,0.0
225,2025-09-22,4639,4548,0.0
225,2025-09-23,4364,4467,0.0
225,2025-09-24,4670,4708,0.0
225,2025-09-25,4479,4376,0.0
225,2025-09-26,4777,4725,0.0
225,2025-09-27,4744,4727,0.0
225,2025-09-28,4679,4820,0.0
225,2025-09-29,4535,4395,0.0
225,2025-09-30,4877,4736,0.0
225,2025-10-01,4538,4407,0.0
225,2025-10-02,4820,4783,0.0
225,2025-10-03,4582,4541,0.0
225,2025-10-04,4896,4735,0.0
225,2025-10-05,4697,4643,0.0
225,2025-10-06,4522,4417,0.0
225,2025-10-07,4808,4651,0.0
225,2025-10-08,4471,4381,0.0
225,2025-10-09,4396,4419,0.0
225,2025-10-10,4626,4737,0.0
225,2025-10-11,4585,4466,0.0
225,2025-10-12,4712,4553,0.0
225,2025-10-13,4597,4594,0.0
225,2025-10-14,4707,4590,0.0
225,2025-10-15,4627,4610,0.0
225,2025-10-16,4713,4644,0.0
225,2025-10-17,4661,4755,0.0
225,2025-10-18,4800,4709,0.0
225,2025-10-19,4926,4754,0.0
225,2025-10-20,4962,4802,0.0
225,2025-10-21,4959,4818,0.0
225,2025-10-22,4648,4786,0.0
225,2025-10-23,4728,4640,0.0
225,2025-10-24,4689,4806,0.0
225,2025-10-25,4667,4737,0.0
225,2025-10-26,4342,4453,0.0
225,2025-10-27,4484,4439,0.0
225,2025-10-28,4526,4622,0.0
225,2025-10-29,4888,4719,0.0
225,2025-10-30,4616,4670,0.0
225,2025-10-31,4915,4744,0.0
225,2025-11-01,4691,4675,0.0
225,2025-11-02,4742,4580,0.0
225,2025-11-03,4597,4619,0.0
225,2025-11-04,4678,4693,0.0
225,2025-11-05,4313,4367,0.0
225,2025-11-06,4386,4395,0.0
225,2025-11-07,4963,4799,0.0
225,2025-11-08,4475,4554,0.0
225,2025-11-09,4593,4424,0.0
225,2025-11-10,4345,4469,0.0
226,2025-09-16,24309,24954,0.0
226,2025-09-17,25899,24909,0.0
226,2025-09-18,24160,24776,0.0
226,2025-09-19,24816,24398,0.0
226,2025-09-20,24517,25063,0.0
226,2025-09-21,24814,24134,0.0
226,2025-09-22,23690,24280,0.0
226,2025-09-23,26704,26153,0.0
226,2025-09-24,26453,25942,0.0
226,2025-09-25,26322,25525,0.0
226,2025-09-26,24842,24533,0.0
226,2025-09-27,24152,24793,0.0
226,2025-09-28,26135,25855,0.0
226,2025-09-29,26046,25440,0.0
226,2025-09-30,24945,24124,0.0
226,2025-10-01,25149,24532,0.0
226,2025-10-02,26692,26033,0.0
226,2025-10-03,24906,25060,0.0
226,2025-10-04,25653,25248,0.0
226,2025-10-05,26433,26110,0.0
226,2025-10-06,23481,24025,0.0
226,2025-10-07,25219,24950,0.0
226,2025-10-08,25317,25899,0.0
226,2025-10-09,24823,24096,0.0
226,2025-10-10,23815,24052,0.0
226,2025-10-11,23689,24138,0.0
226,2025-10-12,26695,26100,0.0
226,2025-10-13,24600,23989,0.0
226,2025-10-14,25400,25957,0.0
226,2025-10-15,26990,26350,0.0
226,2025-10-16,26750,25914,0.0
226,2025-10-17,25541,25859,0.0
226,2025-10-18,26784,26093,0.0
226,2025-10-19,26551,25744,0.0
226,2025-10-20,25699,25235,0.0
226,2025-10-21,23520,24070,0.0
226,2025-10-22,26727,26096,0.0
226,2025-10-23,25120,25397,0.0
226,2025-10-24,25108,25402,0.0
226,2025-10-25,25905,26044,0.0
226,2025-10-26,24940,25690,0.0
226,2025-10-27,25544,24813,0.0
226,2025-10-28,26087,25239,0.0
226,2025-10-29,24281,24306,0.0
226,2025-10-30,25526,24636,0.0
226,2025-10-31,25419,25473,0.0
226,2025-11-01,25161,25534,0.0
226,2025-11-02,26291,26076,0.0
226,2025-11-03,24316,24076,0.0
226,2025-11-04,25204,25509,0.0
226,2025-11-05,24476,24744,0.0
226,2025-11-06,26058,25634,0.0
226,2025-11-07,24639,24880,0.0
226,2025-11-08,27418,26489,0.0
226,2025-11-09,25087,25062,0.0
226,2025-11-10,24262,24455,0.0
227,2025-09-16,27337,27138,0.0
227,2025-09-17,28642,28293,0.0
227,2025-09-18,25732,26160,0.0
227,2025-09-19,28277,27250,0.0
227,2025-09-20,26605,26236,0.0
227,2025-09-21,27382,26923,0.0
227,2025-09-22,26217,25938,0.0
227,2025-09-23,27962,26956,0.0
227,2025-09-24,26989,26957,0.0
227,2025-09-25,26202,26273,0.0
227,2025-09-26,25867,25921,0.0
227,2025-09-27,26556,26247,0.0
227,2025-09-28,27339,27394,0.0
227,2025-09-29,28845,27740,0.0
227,2025-09-30,26256,26979,0.0
227,2025-10-01,28735,27933,0.0
227,2025-10-02,26085,26331,0.0
227,2025-10-03,28005,27255,0.0
227,2025-10-04,27775,28456,0.0
227,2025-10-05,28209,28519,0.0
227,2025-10-06,27753,27924,0.0
227,2025-10-07,25973,26775,0.0
227,2025-10-08,27507,26742,0.0
227,2025-10-09,25712,26389,0.0
227,2025-10-10,27614,26825,0.0
227,2025-10-11,28767,28375,0.0
227,2025-10-12,27799,27992,0.0
227,2025-10-13,26063,26641,0.0
227,2025-10-14,26775,27570,0.0
227,2025-10-15,27323,27709,0.0
227,2025-10-16,27267,27856,0.0
227,2025-10-17,28655,28307,0.0
227,2025-10-18,28696,28398,0.0
227,2025-10-19,25825,26197,0.0
227,2025-10-20,28575,27646,0.0
227,2025-10-21,28953,28101,0.0
227,2025-10-22,27985,27295,0.0
227,2025-10-23,29184,28239,0.0
227,2025-10-24,28696,28287,0.0
227,2025-10-25,26925,26311,0.0
227,2025-10-26,25597,26304,0.0
227,2025-10-27,27344,27347,0.0
227,2025-10-28,27188,27597,0.0
227,2025-10-29,28427,27933,0.0
227,2025-10-30,25361,25942,0.0
227,2025-10-31,27419,26943,0.0
227,2025-11-01,26510,27013,0.0
227,2025-11-02,27755,27580,0.0
227,2025-11-03,28493,27751,0.0
227,2025-11-04,28639,28550,0.0
227,2025-11-05,29138,28263,0.0
227,2025-11-06,27352,26719,0.0
227,2025-11-07,26625,26432,0.0
227,2025-11-08,27733,27607,0.0
227,2025-11-09,26159,26406,0.0
227,2025-11-10,25803,26218,0.0
228,2025-09-16,4426,4285,0.0
228,2025-09-17,4271,4198,0.0
228,2025-09-18,4058,4023,0.0
228,2025-09-19,4146,3991,0.0
228,2025-09-20,4096,4115,0.0
228,2025-09-21,4125,4097,0.0
228,2025-09-22,3902,3891,0.0
228,2025-09-23,4002,4050,0.0
228,2025-09-24,4263,4262,0.0
228,2025-09-25,4186,4106,0.0
228,2025-09-26,4318,4285,0.0
228,2025-09-27,4139,4177,0.0
228,2025-09-28,4184,4071,0.0
228,2025-09-29,4022,3941,0.0
228,2025-09-30,4071,4016,0.0
228,2025-10-01,4126,4232,0.0
228,2025-10-02,4197,4261,0.0
228,2025-10-03,4171,4135,0.0
228,2025-10-04,4110,4206,0.0
228,2025-10-05,4129,4050,0.0
228,2025-10-06,4059,4156,0.0
228,2025-10-07,4023,4009,0.0
228,2025-10-08,4049,3921,0.0
228,2025-10-09,4097,3996,0.0
228,2025-10-10,4097,4223,0.0
228,2025-10-11,3928,4046,0.0
228,2025-10-12,3962,4005,0.0
228,2025-10-13,4125,4210,0.0
228,2025-10-14,4319,4269,0.0
228,2025-10-15,4055,4077,0.0
228,2025-10-16,3928,3972,0.0
228,2025-10-17,4106,4213,0.0
228,2025-10-18,4042,3927,0.0
228,2025-10-19,4145,4236,0.0
228,2025-10-20,4163,4223,0.0
228,2025-10-21,4344,4209,0.0
228,2025-10-22,4094,3955,0.0
228,2025-10-23,4141,4140,0.0
228,2025-10-24,3788,3898,0.0
228,2025-10-25,3865,3972,0.0
228,2025-10-26,4037,3980,0.0
228,2025-10-27,4096,4133,0.0
228,2025-10-28,4160,4179,0.0
228,2025-10-29,4301,4221,0.0
228,2025-10-30,4227,4144,0.0
228,2025-10-31,4189,4102,0.0
228,2025-11-01,4168,4269,0.0
228,2025-11-02,3932,3910,0.0
228,2025-11-03,4353,4269,0.0
228,2025-11-04,4060,3935,0.0
228,2025-11-05,3990,3951,0.0
228,2025-11-06,4026,3977,0.0
228,2025-11-07,4266,4264,0.0
228,2025-11-08,4113,4089,0.0
228,2025-11-09,4201,4243,0.0
228,2025-11-10,4119,3974,0.0
229,2025-09-16,17256,17641,0.0
229,2025-09-17,18176,18434,0.0
229,2025-09-18,17209,17410,0.0
229,2025-09-19,17909,17361,0.0
229,2025-09-20,18615,18587,0.0
229,2025-09-21,19392,18671,0.0
229,2025-09-22,19534,18938,0.0
229,2025-09-23,18918,18791,0.0
229,2025-09-24,18060,17901,0.0
229,2025-09-25,18958,18902,0.0
229,2025-09-26,17953,18173,0.0
229,2025-09-27,17776,18038,0.0
229,2025-09-28,19705,19128,0.0
229,2025-09-29,17266,17358,0.0
229,2025-09-30,18465,18156,0.0
229,2025-10-01,18247,17590,0.0
229,2025-10-02,18886,18339,0.0
229,2025-10-03,18552,18915,0.0
229,2025-10-04,18267,18590,0.0
229,2025-10-05,17691,17556,0.0
229,2025-10-06,18219,17723,0.0
229,2025-10-07,18635,18094,0.0
229,2025-10-08,18291,17637,0.0
229,2025-10-09,17971,17813,0.0
229,2025-10-10,18128,18114,0.0
229,2025-10-11,18076,17729,0.0
229,2025-10-12,18593,18888,0.0
229,2025-10-13,19276,18653,0.0
229,2025-10-14,18316,18405,0.0
229,2025-10-15,18903,18376,0.0
229,2025-10-16,17687,17403,0.0
229,2025-10-17,18505,18540,0.0
229,2025-10-18,18913,18955,0.0
229,2025-10-19,19293,19140,0.0
229,2025-10-20,17290,17705,0.0
229,2025-10-21,18099,17819,0.0
229,2025-10-22,19015,18286,0.0
229,2025-10-23,18775,18391,0.0
229,2025-10-24,18202,17503,0.0
229,2025-10-25,19234,18536,0.0
229,2025-10-26,19519,18792,0.0
229,2025-10-27,17521,17617,0.0
229,2025-10-28,17346,17552,0.0
229,2025-10-29,19284,18703,0.0
229,2025-10-30,18631,18581,0.0
229,2025-10-31,18686,18627,0.0
229,2025-11-01,18473,18632,0.0
229,2025-11-02,19445,18776,0.0
229,2025-11-03,18833,19069,0.0
229,2025-11-04,18159,18594,0.0
229,2025-11-05,18776,18393,0.0
229,2025-11-06,19333,18683,0.0
229,2025-11-07,19322,18807,0.0
229,2025-11-08,18742,18381,0.0
229,2025-11-09,17260,17469,0.0
229,2025-11-10,18149,18383,0.0
230,2025-09-16,10222,10391,0.0
230,2025-09-17,10973,10722,0.0
230,2025-09-18,11064,10704,0.0
230,2025-09-19,10578,10470,0.0
230,2025-09-20,10719,10741,0.0
230,2025-09-21,10854,10806,0.0
230,2025-09-22,10773,10669,0.0
230,2025-09-23,10450,10356,0.0
230,2025-09-24,10912,10612,0.0
230,2025-09-25,11403,11358,0.0
230,2025-09-26,10387,10653,0.0
230,2025-09-27,11630,11356,0.0
230,2025-09-28,10562,10871,0.0
230,2025-09-29,10685,10600,0.0
230,2025-09-30,10812,10810,0.0
230,2025-10-01,10275,10495,0.0
230,2025-10-02,11150,11013,0.0
230,2025-10-03,10763,10717,0.0
230,2025-10-04,10260,10308,0.0
230,2025-10-05,10124,10367,0.0
230,2025-10-06,10774,10640,0.0
230,2025-10-07,10347,10278,0.0
230,2025-10-08,10976,11089,0.0
230,2025-10-09,10538,10550,0.0
230,2025-10-10,11245,11098,0.0
230,2025-10-11,10783,10911,0.0
230,2025-10-12,9981,10281,0.0
230,2025-10-13,11542,11307,0.0
230,2025-10-14,11026,11288,0.0
230,2025-10-15,11534,11260,0.0
230,2025-10-16,10641,10776,0.0
230,2025-10-17,10747,10616,0.0
230,2025-10-18,11300,11144,0.0
230,2025-10-19,11449,11312,0.0
230,2025-10-20,11190,11258,0.0
230,2025-10-21,10836,10994,0.0
230,2025-10-22,10467,10770,0.0
230,2025-10-23,11071,10690,0.0
230,2025-10-24,10875,10697,0.0
230,2025-10-25,10139,10318,0.0
230,2025-10-26,10585,10406,0.0
230,2025-10-27,11391,11102,0.0
230,2025-10-28,10768,10746,0.0
230,2025-10-29,10315,10466,0.0
230,2025-10-30,11091,11142,0.0
230,2025-10-31,10857,10753,0.0
230,2025-11-01,10367,10567,0.0
230,2025-11-02,11290,11343,0.0
230,2025-11-03,10937,11192,0.0
230,2025-11-04,10832,10670,0.0
230,2025-11-05,11141,10947,0.0
230,2025-11-06,11012,11226,0.0
230,2025-11-07,10433,10406,0.0
230,2025-11-08,10799,10612,0.0
230,2025-11-09,11328,11180,0.0
230,2025-11-10,10846,10818,0.0
231,2025-09-16,15417,15208,0.0
231,2025-09-17,16015,15571,0.0
231,2025-09-18,16272,15842,0.0
231,2025-09-19,15645,15559,0.0
231,2025-09-20,15898,15763,0.0
231,2025-09-21,16019,15785,0.0
231,2025-09-22,15317,14976,0.0
231,2025-09-23,15814,15460,0.0
231,2025-09-24,15424,15236,0.0
231,2025-09-25,15426,15515,0.0
231,2025-09-26,16889,16275,0.0
231,2025-09-27,16667,16225,0.0
231,2025-09-28,15110,15255,0.0
231,2025-09-29,15511,15226,0.0
231,2025-09-30,15809,15351,0.0
231,2025-10-01,15478,15001,0.0
231,2025-10-02,15108,15157,0.0
231,2025-10-03,15658,15695,0.0
231,2025-10-04,16175,16180,0.0
231,2025-10-05,16349,15855,0.0
231,2025-10-06,16605,16175,0.0
231,2025-10-07,16072,15735,0.0
231,2025-10-08,15776,15529,0.0
231,2025-10-09,16424,16208,0.0
231,2025-10-10,16683,16448,0.0
231,2025-10-11,15811,15469,0.0
231,2025-10-12,16660,16192,0.0
231,2025-10-13,16045,16262,0.0
231,2025-10-14,16822,16277,0.0
231,2025-10-15,16293,16047,0.0
231,2025-10-16,14645,14958,0.0
231,2025-10-17,15546,15616,0.0
231,2025-10-18,15649,15938,0.0
231,2025-10-19,15490,15350,0.0
231,2025-10-20,16188,15744,0.0
231,2025-10-21,16266,16301,0.0
231,2025-10-22,15555,15327,0.0
231,2025-10-23,15773,15293,0.0
231,2025-10-24,15877,15470,0.0
231,2025-10-25,16543,16400,0.0
231,2025-10-26,16055,15678,0.0
231,2025-10-27,14830,15281,0.0
231,2025-10-28,15827,16067,0.0
231,2025-10-29,15492,15554,0.0
231,2025-10-30,15784,16054,0.0
231,2025-10-31,7381,15560,0.0
231,2025-11-01,8059,16454,0.0
231,2025-11-02,7982,16015,0.0
231,2025-11-03,7809,16147,0.0
231,2025-11-04,7749,15641,0.0
231,2025-11-05,7612,16182,0.0
231,2025-11-06,7481,15473,0.0
231,2025-11-07,7922,15528,0.0
231,2025-11-08,7869,16475,0.0
231,2025-11-09,7221,14967,0.0
231,2025-11-10,7658,16181,0.0
232,2025-09-16,5329,5166,0.0
232,2025-09-17,5439,5406,0.0
232,2025-09-18,5264,5256,0.0
232,2025-09-19,5333,5418,0.0
232,2025-09-20,5377,5197,0.0
232,2025-09-21,5170,5092,0.0
232,2025-09-22,5572,5364,0.0
232,2025-09-23,5581,5403,0.0
232,2025-09-24,5194,5082,0.0
232,2025-09-25,5610,5449,0.0
232,2025-09-26,5224,5056,0.0
232,2025-09-27,5407,5276,0.0
232,2025-09-28,5069,5128,0.0
232,2025-09-29,4882,4981,0.0
232,2025-09-30,5446,5253,0.0
232,2025-10-01,5125,4989,0.0
232,2025-10-02,5119,4964,0.0
232,2025-10-03,5252,5180,0.0
232,2025-10-04,5250,5231,0.0
232,2025-10-05,5357,5264,0.0
232,2025-10-06,4996,5109,0.0
232,2025-10-07,5294,5262,0.0
232,2025-10-08,5260,5248,0.0
232,2025-10-09,5237,5223,0.0
232,2025-10-10,5617,5403,0.0
232,2025-10-11,4855,4998,0.0
232,2025-10-12,5349,5417,0.0
232,2025-10-13,5301,5295,0.0
232,2025-10-14,5386,5447,0.0
232,2025-10-15,5098,5063,0.0
232,2025-10-16,5412,5446,0.0
232,2025-10-17,5481,5302,0.0
232,2025-10-18,5437,5311,0.0
232,2025-10-19,5043,5050,0.0
232,2025-10-20,5346,5332,0.0
232,2025-10-21,5355,5198,0.0
232,2025-10-22,5199,5198,0.0
232,2025-10-23,5304,5285,0.0
232,2025-10-24,5414,5236,0.0
232,2025-10-25,5639,5444,0.0
232,2025-10-26,5138,5078,0.0
232,2025-10-27,5544,5434,0.0
232,2025-10-28,5409,5250,0.0
232,2025-10-29,5100,5210,0.0
232,2025-10-30,5200,5265,0.0
232,2025-10-31,5516,5456,0.0
232,2025-11-01,5192,5006,0.0
232,2025-11-02,5170,5061,0.0
232,2025-11-03,5389,5213,0.0
232,2025-11-04,5369,5186,0.0
232,2025-11-05,5279,5315,0.0
232,2025-11-06,5080,4959,0.0
232,2025-11-07,5405,5349,0.0
232,2025-11-08,5420,5346,0.0
232,2025-11-09,5291,5142,0.0
232,2025-11-10,5552,5380,0.0
233,2025-09-16,6350,6423,0.0
233,2025-09-17,6685,6443,0.0
233,2025-09-18,6694,6542,0.0
233,2025-09-19,6387,6445,0.0
233,2025-09-20,6651,6727,0.0
233,2025-09-21,6415,6251,0.0
233,2025-09-22,6639,6598,0.0
233,2025-09-23,6397,6382,0.0
233,2025-09-24,6727,6528,0.0
233,2025-09-25,6220,6109,0.0
233,2025-09-26,6212,6273,0.0
233,2025-09-27,6092,6223,0.0
233,2025-09-28,5952,6111,0.0
233,2025-09-29,6254,6394,0.0
233,2025-09-30,6627,6429,0.0
233,2025-10-01,6777,6609,0.0
233,2025-10-02,6433,6269,0.0
233,2025-10-03,6290,6157,0.0
233,2025-10-04,6466,6438,0.0
233,2025-10-05,6569,6427,0.0
233,2025-10-06,6201,6272,0.0
233,2025-10-07,6061,6131,0.0
233,2025-10-08,6532,6472,0.0
233,2025-10-09,6528,6581,0.0
233,2025-10-10,6140,6233,0.0
233,2025-10-11,6395,6506,0.0
233,2025-10-12,6689,6674,0.0
233,2025-10-13,6650,6647,0.0
233,2025-10-14,6375,6203,0.0
233,2025-10-15,6694,6606,0.0
233,2025-10-16,6201,6337,0.0
233,2025-10-17,6586,6690,0.0
233,2025-10-18,6018,6188,0.0
233,2025-10-19,6764,6527,0.0
233,2025-10-20,6218,6230,0.0
233,2025-10-21,6304,6490,0.0
233,2025-10-22,6905,6689,0.0
233,2025-10-23,6690,6724,0.0
233,2025-10-24,6691,6727,0.0
233,2025-10-25,6358,6123,0.0
233,2025-10-26,6561,6485,0.0
233,2025-10-27,6445,6281,0.0
233,2025-10-28,6300,6143,0.0
233,2025-10-29,6290,6402,0.0
233,2025-10-30,6333,6121,0.0
233,2025-10-31,6597,6731,0.0
233,2025-11-01,6320,6242,0.0
233,2025-11-02,6756,6696,0.0
233,2025-11-03,6105,6292,0.0
233,2025-11-04,6426,6531,0.0
233,2025-11-05,6601,6554,0.0
233,2025-11-06,6700,6549,0.0
233,2025-11-07,6417,6437,0.0
233,2025-11-08,6302,6140,0.0
233,2025-11-09,6227,6184,0.0
233,2025-11-10,6587,6468,0.0
234,2025-09-16,17467,16898,0.0
234,2025-09-17,17970,17325,0.0
234,2025-09-18,17418,17592,0.0
234,2025-09-19,18027,17434,0.0
234,2025-09-20,18062,17657,0.0
234,2025-09-21,17183,17161,0.0
234,2025-09-22,18957,18463,0.0
234,2025-09-23,17913,18269,0.0
234,2025-09-24,17876,18001,0.0
234,2025-09-25,18021,18267,0.0
234,2025-09-26,16885,16949,0.0
234,2025-09-27,16731,17056,0.0
234,2025-09-28,18468,18151,0.0
234,2025-09-29,18114,17571,0.0
234,2025-09-30,16848,17032,0.0
234,2025-10-01,18395,18491,0.0
234,2025-10-02,17216,17126,0.0
234,2025-10-03,17858,17942,0.0
234,2025-10-04,18494,18168,0.0
234,2025-10-05,18415,17969,0.0
234,2025-10-06,17950,18400,0.0
234,2025-10-07,17426,17230,0.0
234,2025-10-08,17623,17018,0.0
234,2025-10-09,18077,18084,0.0
234,2025-10-10,17869,17380,0.0
234,2025-10-11,17952,18111,0.0
234,2025-10-12,17011,16982,0.0
234,2025-10-13,17261,16825,0.0
234,2025-10-14,17658,17319,0.0
234,2025-10-15,17991,17834,0.0
234,2025-10-16,17663,18060,0.0
234,2025-10-17,16731,16853,0.0
234,2025-10-18,18136,17956,0.0
234,2025-10-19,17880,18058,0.0
234,2025-10-20,17921,18421,0.0
234,2025-10-21,17929,18448,0.0
234,2025-10-22,18423,18444,0.0
234,2025-10-23,17322,17422,0.0
234,2025-10-24,18509,18167,0.0
234,2025-10-25,18041,18321,0.0
234,2025-10-26,17031,16937,0.0
234,2025-10-27,17671,18137,0.0
234,2025-10-28,16717,17069,0.0
234,2025-10-29,17394,17382,0.0
234,2025-10-30,18301,18278,0.0
234,2025-10-31,18707,18450,0.0
234,2025-11-01,17619,17815,0.0
234,2025-11-02,16999,17301,0.0
234,2025-11-03,17354,17022,0.0
234,2025-11-04,17163,17061,0.0
234,2025-11-05,17662,17837,0.0
234,2025-11-06,18125,17652,0.0
234,2025-11-07,16915,16867,0.0
234,2025-11-08,18138,18056,0.0
234,2025-11-09,18951,18378,0.0
234,2025-11-10,17509,17302,0.0
235,2025-04-24,55037,54501,0.0
235,2025-04-25,53784,54407,0.0
235,2025-04-26,51310,51282,0.0
235,2025-04-27,52497,52822,0.0
235,2025-04-28,51193,52333,0.0
235,2025-04-29,50432,50735,0.0
235,2025-04-30,53035,52955,0.0
235,2025-05-01,53910,52576,0.0
235,2025-05-02,53658,54707,0.0
235,2025-05-03,52100,53146,0.0
235,2025-05-04,57056,55591,0.0
235,2025-05-05,56242,54268,0.0
235,2025-05-06,54140,55402,0.0
235,2025-05-07,50990,52381,0.0
235,2025-05-08,51523,51858,0.0
235,2025-05-09,55420,55705,0.0
235,2025-05-10,52652,52893,0.0
235,2025-05-11,54663,55858,0.0
235,2025-05-12,52509,51660,0.0
235,2025-05-13,55008,53151,0.0
235,2025-05-14,54024,52784,0.0
235,2025-05-15,55315,53839,0.0
235,2025-05-16,54366,54854,0.0
235,2025-05-17,51324,52798,0.0
235,2025-05-18,50517,50999,0.0
235,2025-05-19,56028,54199,0.0
235,2025-05-20,52280,51074,0.0
235,2025-05-21,51911,51809,0.0
235,2025-05-22,50662,50822,0.0
235,2025-05-23,52786,51868,0.0
235,2025-05-24,51661,50768,0.0
235,2025-05-25,55329,53332,0.0
235,2025-05-26,53894,54192,0.0
235,2025-05-27,51102,52556,0.0
235,2025-05-28,50166,50993,0.0
235,2025-05-29,52985,51498,0.0
235,2025-05-30,50242,50752,0.0
235,2025-05-31,55463,54482,0.0
235,2025-06-01,54778,52884,0.0
235,2025-06-02,53921,55419,0.0
235,2025-06-03,55194,53469,0.0
235,2025-06-04,55951,55600,0.0
236,2025-04-24,14902,14335,0.0
236,2025-04-25,14662,14557,0.0
236,2025-04-26,15524,15669,0.0
236,2025-04-27,14411,14390,0.0
236,2025-04-28,15751,15399,0.0
236,2025-04-29,14616,14613,0.0
236,2025-04-30,16054,15561,0.0
236,2025-05-01,15752,15349,0.0
236,2025-05-02,14807,14689,0.0
236,2025-05-03,14794,14519,0.0
236,2025-05-04,15128,15389,0.0
236,2025-05-05,14967,14961,0.0
236,2025-05-06,15161,15464,0.0
236,2025-05-07,15379,15512,0.0
236,2025-05-08,15030,15212,0.0
236,2025-05-09,15015,15266,0.0
236,2025-05-10,14707,14982,0.0
236,2025-05-11,15257,14850,0.0
236,2025-05-12,15431,15417,0.0
236,2025-05-13,14278,14380,0.0
236,2025-05-14,15228,14952,0.0
236,2025-05-15,15101,14694,0.0
236,2025-05-16,14677,14494,0.0
236,2025-05-17,14866,14909,0.0
236,2025-05-18,15265,15638,0.0
236,2025-05-19,15277,15463,0.0
236,2025-05-20,15201,15430,0.0
236,2025-05-21,14937,14743,0.0
236,2025-05-22,14383,14731,0.0
236,2025-05-23,15239,14845,0.0
236,2025-05-24,14762,14534,0.0
236,2025-05-25,15488,15652,0.0
236,2025-05-26,15641,15428,0.0
236,2025-05-27,14411,14257,0.0
236,2025-05-28,15222,15088,0.0
236,2025-05-29,15330,15388,0.0
236,2025-05-30,14992,14826,0.0
236,2025-05-31,15710,15452,0.0
236,2025-06-01,15188,15586,0.0
236,2025-06-02,15292,15047,0.0
236,2025-06-03,15539,15105,0.0
236,2025-06-04,14975,14605,0.0
237,2025-04-24,33865,33394,0.0
237,2025-04-25,32037,32138,0.0
237,2025-04-26,31219,32064,0.0
237,2025-04-27,33692,33048,0.0
237,2025-04-28,32754,32851,0.0
237,2025-04-29,33484,33519,0.0
237,2025-04-30,34981,33660,0.0
237,2025-05-01,33114,33546,0.0
237,2025-05-02,31573,31798,0.0
237,2025-05-03,33790,32734,0.0
237,2025-05-04,33128,33196,0.0
237,2025-05-05,34500,33216,0.0
237,2025-05-06,32639,32738,0.0
237,2025-05-07,30612,30776,0.0
237,2025-05-08,33722,32609,0.0
237,2025-05-09,32606,32616,0.0
237,2025-05-10,33285,33674,0.0
237,2025-05-11,30112,30677,0.0
237,2025-05-12,31569,31957,0.0
237,2025-05-13,30984,31374,0.0
237,2025-05-14,30546,30842,0.0
237,2025-05-15,31369,31364,0.0
237,2025-05-16,31949,31001,0.0
237,2025-05-17,31623,32408,0.0
237,2025-05-18,32943,32717,0.0
237,2025-05-19,32713,31875,0.0
237,2025-05-20,31151,31578,0.0
237,2025-05-21,32061,32308,0.0
237,2025-05-22,34808,33495,0.0
237,2025-05-23,32802,32170,0.0
237,2025-05-24,32930,31881,0.0
237,2025-05-25,31590,32136,0.0
237,2025-05-26,33733,33067,0.0
237,2025-05-27,30383,30868,0.0
237,2025-05-28,34086,32953,0.0
237,2025-05-29,34178,32929,0.0
237,2025-05-30,30197,31046,0.0
237,2025-05-31,31906,31684,0.0
237,2025-06-01,33766,33241,0.0
237,2025-06-02,32766,31867,0.0
237,2025-06-03,32335,33285,0.0
237,2025-06-04,32299,31690,0.0
238,2025-04-24,3979,3927,0.0
238,2025-04-25,3917,4006,0.0
238,2025-04-26,4255,4289,0.0
238,2025-04-27,4013,3906,0.0
238,2025-04-28,4029,3890,0.0
238,2025-04-29,4203,4187,0.0
238,2025-04-30,4126,4038,0.0
238,2025-05-01,4003,4063,0.0
238,2025-05-02,4072,4195,0.0
238,2025-05-03,4428,4288,0.0
238,2025-05-04,4020,4113,0.0
238,2025-05-05,4034,4027,0.0
238,2025-05-06,4375,4225,0.0
238,2025-05-07,4200,4296,0.0
238,2025-05-08,4172,4229,0.0
238,2025-05-09,3880,3988,0.0
238,2025-05-10,4120,4069,0.0
238,2025-05-11,3873,3923,0.0
238,2025-05-12,4051,4056,0.0
238,2025-05-13,3896,3905,0.0
238,2025-05-14,3993,4052,0.0
238,2025-05-15,4426,4284,0.0
238,2025-05-16,3872,3897,0.0
238,2025-05-17,4083,3990,0.0
238,2025-05-18,3997,4026,0.0
238,2025-05-19,4270,4273,0.0
238,2025-05-20,4299,4164,0.0
238,2025-05-21,4246,4253,0.0
238,2025-05-22,4035,3947,0.0
238,2025-05-23,4015,3934,0.0
238,2025-05-24,4154,4281,0.0
238,2025-05-25,4374,4234,0.0
238,2025-05-26,4412,4266,0.0
238,2025-05-27,3938,3905,0.0
238,2025-05-28,4060,4018,0.0
238,2025-05-29,4359,4204,0.0
238,2025-05-30,4071,3922,0.0
238,2025-05-31,4262,4235,0.0
238,2025-06-01,4176,4169,0.0
238,2025-06-02,3899,3962,0.0
238,2025-06-03,4159,4215,0.0
238,2025-06-04,4145,4217,0.0
239,2025-04-24,54101,52306,0.0
239,2025-04-25,53177,53764,0.0
239,2025-04-26,52263,52665,0.0
239,2025-04-27,56321,56709,0.0
239,2025-04-28,53820,53250,0.0
239,2025-04-29,54502,53463,0.0
239,2025-04-30,54983,55971,0.0
239,2025-05-01,54429,54052,0.0
239,2025-05-02,52459,52821,0.0
239,2025-05-03,40439,56921,6.8
239,2025-05-04,54688,56118,0.0
239,2025-05-05,52457,53952,0.0
239,2025-05-06,52997,53778,0.0
239,2025-05-07,54550,53447,0.0
239,2025-05-08,53476,52250,0.0
239,2025-05-09,57410,56062,0.0
239,2025-05-10,53505,52506,0.0
239,2025-05-11,54184,53764,0.0
239,2025-05-12,55602,53497,0.0
239,2025-05-13,54224,55769,0.0
239,2025-05-14,56902,56768,0.0
239,2025-05-15,52872,52827,0.0
239,2025-05-16,58116,57018,0.0
239,2025-05-17,58670,56802,0.0
239,2025-05-18,56356,57223,0.0
239,2025-05-19,53890,52723,0.0
239,2025-05-20,55860,54271,0.0
239,2025-05-21,55639,55541,0.0
239,2025-05-22,52460,52734,0.0
239,2025-05-23,55252,56004,0.0
239,2025-05-24,54507,56070,0.0
239,2025-05-25,57188,56178,0.0
239,2025-05-26,57107,56471,0.0
239,2025-05-27,54022,53574,0.0
239,2025-05-28,53601,53379,0.0
239,2025-05-29,54417,54960,0.0
239,2025-05-30,54700,53631,0.0
239,2025-05-31,55916,56085,0.0
239,2025-06-01,57135,57671,0.0
239,2025-06-02,55181,56282,0.0
239,2025-06-03,56150,54241,0.0
239,2025-06-04,44540,54315,5.0
240,2025-04-24,5908,5933,0.0
240,2025-04-25,6089,6105,0.0
240,2025-04-26,6129,6112,0.0
240,2025-04-27,5636,5680,0.0
240,2025-04-28,5905,5701,0.0
240,2025-04-29,5849,5983,0.0
240,2025-04-30,5503,5609,0.0
240,2025-05-01,6013,6142,0.0
240,2025-05-02,5901,5819,0.0
240,2025-05-03,6292,6158,0.0
240,2025-05-04,5724,5850,0.0
240,2025-05-05,5774,5605,0.0
240,2025-05-06,6041,6176,0.0
240,2025-05-07,6251,6057,0.0
240,2025-05-08,5597,5595,0.0
240,2025-05-09,6032,5941,0.0
240,2025-05-10,5758,5596,0.0
240,2025-05-11,6031,5978,0.0
240,2025-05-12,5944,6107,0.0
240,2025-05-13,6121,5888,0.0
240,2025-05-14,5683,5692,0.0
240,2025-05-15,5967,6141,0.0
240,2025-05-16,6142,5986,0.0
240,2025-05-17,5906,5867,0.0
240,2025-05-18,5910,5885,0.0
240,2025-05-19,5604,5757,0.0
240,2025-05-20,5735,5672,0.0
240,2025-05-21,5652,5670,0.0
240,2025-05-22,5864,5655,0.0
240,2025-05-23,5936,5975,0.0
240,2025-05-24,6090,5947,0.0
240,2025-05-25,5837,5849,0.0
240,2025-05-26,6077,5858,0.0
240,2025-05-27,6249,6160,0.0
240,2025-05-28,5975,6003,0.0
240,2025-05-29,5712,5659,0.0
240,2025-05-30,5757,5692,0.0
240,2025-05-31,5935,6103,0.0
240,2025-06-01,5851,5664,0.0
240,2025-06-02,5738,5830,0.0
240,2025-06-03,6202,6023,0.0
240,2025-06-04,6087,6028,0.0
241,2025-04-24,8730,8712,0.0
241,2025-04-25,9121,9057,0.0
241,2025-04-26,8349,8501,0.0
241,2025-04-27,8595,8555,0.0
241,2025-04-28,8720,8697,0.0
241,2025-04-29,9166,8928,0.0
241,2025-04-30,8756,8629,0.0
241,2025-05-01,9021,8951,0.0
241,2025-05-02,9085,8897,0.0
241,2025-05-03,8956,8914,0.0
241,2025-05-04,9026,8712,0.0
241,2025-05-05,8686,8673,0.0
241,2025-05-06,9282,9008,0.0
241,2025-05-07,9187,9064,0.0
241,2025-05-08,8890,8950,0.0
241,2025-05-09,8541,8670,0.0
241,2025-05-10,8949,8976,0.0
241,2025-05-11,8595,8571,0.0
241,2025-05-12,9099,9149,0.0
241,2025-05-13,9265,9005,0.0
241,2025-05-14,8572,8799,0.0
241,2025-05-15,8920,9031,0.0
241,2025-05-16,8611,8800,0.0
241,2025-05-17,9014,8975,0.0
241,2025-05-18,9409,9318,0.0
241,2025-05-19,8736,8648,0.0
241,2025-05-20,8381,8494,0.0
241,2025-05-21,8799,8679,0.0
241,2025-05-22,9035,8956,0.0
241,2025-05-23,8786,9032,0.0
241,2025-05-24,8983,8920,0.0
241,2025-05-25,9356,9158,0.0
241,2025-05-26,8636,8670,0.0
241,2025-05-27,8869,8619,0.0
241,2025-05-28,8663,8508,0.0
241,2025-05-29,8810,8707,0.0
241,2025-05-30,8972,8898,0.0
241,2025-05-31,8601,8571,0.0
241,2025-06-01,8455,8601,0.0
241,2025-06-02,9154,9052,0.0
241,2025-06-03,8977,9125,0.0
241,2025-06-04,8480,8666,0.0
242,2025-04-24,4283,4126,0.0
242,2025-04-25,3814,3894,0.0
242,2025-04-26,3993,3990,0.0
242,2025-04-27,4168,4168,0.0
242,2025-04-28,3788,3903,0.0
242,2025-04-29,4143,4080,0.0
242,2025-04-30,4087,3981,0.0
242,2025-05-01,4179,4063,0.0
242,2025-05-02,3833,3936,0.0
242,2025-05-03,4085,4070,0.0
242,2025-05-04,4203,4118,0.0
242,2025-05-05,4026,3989,0.0
242,2025-05-06,4106,4172,0.0
242,2025-05-07,3955,3890,0.0
242,2025-05-08,3945,3888,0.0
242,2025-05-09,4123,4176,0.0
242,2025-05-10,3981,4082,0.0
242,2025-05-11,3835,3818,0.0
242,2025-05-12,4212,4166,0.0
242,2025-05-13,3833,3825,0.0
242,2025-05-14,3777,3819,0.0
242,2025-05-15,4057,3958,0.0
242,2025-05-16,4030,3955,0.0
242,2025-05-17,4266,4203,0.0
242,2025-05-18,3981,4050,0.0
242,2025-05-19,3970,4036,0.0
242,2025-05-20,3951,3957,0.0
242,2025-05-21,4101,3990,0.0
242,2025-05-22,3894,4014,0.0
242,2025-05-23,3781,3812,0.0
242,2025-05-24,3953,3914,0.0
242,2025-05-25,4134,4037,0.0
242,2025-05-26,4045,3912,0.0
242,2025-05-27,4027,4120,0.0
242,2025-05-28,3826,3926,0.0
242,2025-05-29,4241,4118,0.0
242,2025-05-30,3955,3910,0.0
242,2025-05-31,3852,3917,0.0
242,2025-06-01,3893,3851,0.0
242,2025-06-02,3990,3848,0.0
242,2025-06-03,3859,3834,0.0
242,2025-06-04,4095,4062,0.0
243,2025-04-24,15720,15735,0.0
243,2025-04-25,14751,14554,0.0
243,2025-04-26,16113,15536,0.0
243,2025-04-27,15732,15269,0.0
243,2025-04-28,15786,15852,0.0
243,2025-04-29,15067,15182,0.0
243,2025-04-30,16131,15726,0.0
243,2025-05-01,14160,14517,0.0
243,2025-05-02,14730,14439,0.0
243,2025-05-03,14821,15075,0.0
243,2025-05-04,15319,15355,0.0
243,2025-05-05,16133,15649,0.0
243,2025-05-06,15636,15794,0.0
243,2025-05-07,15234,14964,0.0
243,2025-05-08,15665,15806,0.0
243,2025-05-09,15309,14812,0.0
243,2025-05-10,14951,14387,0.0
243,2025-05-11,14313,14569,0.0
243,2025-05-12,15240,15455,0.0
243,2025-05-13,15715,15325,0.0
243,2025-05-14,14873,14600,0.0
243,2025-05-15,14627,14813,0.0
243,2025-05-16,15751,15684,0.0
243,2025-05-17,15086,14754,0.0
243,2025-05-18,14661,14800,0.0
243,2025-05-19,14429,14476,0.0
243,2025-05-20,15888,15327,0.0
243,2025-05-21,15686,15784,0.0
243,2025-05-22,14501,14457,0.0
243,2025-05-23,15258,15013,0.0
243,2025-05-24,15139,14760,0.0
243,2025-05-25,15829,15674,0.0
243,2025-05-26,14679,15050,0.0
243,2025-05-27,15514,14923,0.0
243,2025-05-28,14853,14892,0.0
243,2025-05-29,14958,15339,0.0
243,2025-05-30,15837,15502,0.0
243,2025-05-31,14201,14640,0.0
243,2025-06-01,14403,14543,0.0
243,2025-06-02,14392,14484,0.0
243,2025-06-03,15847,15753,0.0
243,2025-06-04,14670,14765,0.0
244,2025-04-24,23420,23257,0.0
244,2025-04-25,21154,21619,0.0
244,2025-04-26,22701,22760,0.0
244,2025-04-27,18372,22462,5.1
244,2025-04-28,21938,22093,0.0
244,2025-04-29,21229,21393,0.0
244,2025-04-30,21457,21964,0.0
244,2025-05-01,20881,21266,0.0
244,2025-05-02,22281,21810,0.0
244,2025-05-03,21896,22435,0.0
244,2025-05-04,22987,22581,0.0
244,2025-05-05,22727,22485,0.0
244,2025-05-06,21555,21766,0.0
244,2025-05-07,21944,22275,0.0
244,2025-05-08,23583,23139,0.0
244,2025-05-09,21998,21767,0.0
244,2025-05-10,20987,21146,0.0
244,2025-05-11,22291,22715,0.0
244,2025-05-12,21040,21229,0.0
244,2025-05-13,23320,22572,0.0
244,2025-05-14,23324,23313,0.0
244,2025-05-15,22172,22031,0.0
244,2025-05-16,22853,22671,0.0
244,2025-05-17,22523,22912,0.0
244,2025-05-18,22513,22151,0.0
244,2025-05-19,24098,23251,0.0
244,2025-05-20,21563,21741,0.0
244,2025-05-21,22661,23156,0.0
244,2025-05-22,23318,22734,0.0
244,2025-05-23,20742,21345,0.0
244,2025-05-24,23240,23097,0.0
244,2025-05-25,22866,22978,0.0
244,2025-05-26,22859,23280,0.0
244,2025-05-27,23398,23212,0.0
244,2025-05-28,21910,21462,0.0
244,2025-05-29,22158,21694,0.0
244,2025-05-30,22930,22988,0.0
244,2025-05-31,22343,21485,0.0
244,2025-06-01,23031,23219,0.0
244,2025-06-02,22167,21487,0.0
244,2025-06-03,21239,21221,0.0
244,2025-06-04,21758,21825,0.0
245,2025-04-24,42832,41412,0.0
245,2025-04-25,44922,43388,0.0
245,2025-04-26,43780,43582,0.0
245,2025-04-27,45323,44453,0.0
245,2025-04-28,45215,43560,0.0
245,2025-04-29,44471,44253,0.0
245,2025-04-30,42070,42011,0.0
245,2025-05-01,41970,40788,0.0
245,2025-05-02,40121,40720,0.0
245,2025-05-03,41858,40647,0.0
245,2025-05-04,44254,43122,0.0
245,2025-05-05,42735,41185,0.0
245,2025-05-06,42237,41155,0.0
245,2025-05-07,41813,41803,0.0
245,2025-05-08,44374,43413,0.0
245,2025-05-09,43833,43102,0.0
245,2025-05-10,45053,43780,0.0
245,2025-05-11,42383,41566,0.0
245,2025-05-12,42291,41505,0.0
245,2025-05-13,42377,41290,0.0
245,2025-05-14,44904,44444,0.0
245,2025-05-15,44882,43243,0.0
245,2025-05-16,43440,43347,0.0
245,2025-05-17,44923,44768,0.0
245,2025-05-18,42877,43346,0.0
245,2025-05-19,43931,42517,0.0
245,2025-05-20,42133,43190,0.0
245,2025-05-21,43474,44071,0.0
245,2025-05-22,43863,43100,0.0
245,2025-05-23,42580,41928,0.0
245,2025-05-24,40922,40811,0.0
245,2025-05-25,35727,43366,4.8
245,2025-05-26,43491,43655,0.0
245,2025-05-27,42850,41838,0.0
245,2025-05-28,43631,43180,0.0
245,2025-05-29,41367,42047,0.0
245,2025-05-30,44620,44659,0.0
245,2025-05-31,41827,42902,0.0
245,2025-06-01,35112,40879,3.6
245,2025-06-02,41260,41761,0.0
245,2025-06-03,42186,41263,0.0
245,2025-06-04,40723,40998,0.0
246,2025-04-24,5682,5532,0.0
246,2025-04-25,5595,5488,0.0
246,2025-04-26,5345,5278,0.0
246,2025-04-27,5187,5311,0.0
246,2025-04-28,5365,5280,0.0
246,2025-04-29,5655,5467,0.0
246,2025-04-30,5278,5104,0.0
246,2025-05-01,5248,5255,0.0
246,2025-05-02,5095,5213,0.0
246,2025-05-03,5758,5589,0.0
246,2025-05-04,5418,5495,0.0
246,2025-05-05,5203,5095,0.0
246,2025-05-06,5646,5483,0.0
246,2025-05-07,5286,5353,0.0
246,2025-05-08,5610,5584,0.0
246,2025-05-09,5112,5217,0.0
246,2025-05-10,5439,5554,0.0
246,2025-05-11,5380,5359,0.0
246,2025-05-12,5703,5555,0.0
246,2025-05-13,5830,5622,0.0
246,2025-05-14,5511,5602,0.0
246,2025-05-15,5297,5206,0.0
246,2025-05-16,5293,5150,0.0
246,2025-05-17,5358,5326,0.0
246,2025-05-18,5736,5558,0.0
246,2025-05-19,5587,5440,0.0
246,2025-05-20,5264,5213,0.0
246,2025-05-21,5443,5254,0.0
246,2025-05-22,5460,5455,0.0
246,2025-05-23,5684,5560,0.0
246,2025-05-24,5343,5154,0.0
246,2025-05-25,5502,5326,0.0
246,2025-05-26,5358,5401,0.0
246,2025-05-27,5477,5549,0.0
246,2025-05-28,5374,5206,0.0
246,2025-05-29,5285,5415,0.0
246,2025-05-30,5409,5218,0.0
246,2025-05-31,5789,5571,0.0
246,2025-06-01,5573,5360,0.0
246,2025-06-02,5121,5219,0.0
246,2025-06-03,5630,5482,0.0
246,2025-06-04,5572,5610,0.0
247,2025-04-24,17065,16533,0.0
247,2025-04-25,15374,15820,0.0
247,2025-04-26,16138,15594,0.0
247,2025-04-27,16246,15834,0.0
247,2025-04-28,16315,16328,0.0
247,2025-04-29,15527,15589,0.0
247,2025-04-30,15086,15511,0.0
247,2025-05-01,15290,15687,0.0
247,2025-05-02,15457,15849,0.0
247,2025-05-03,16296,16166,0.0
247,2025-05-04,7423,15864,0.0
247,2025-05-05,7820,16128,0.0
247,2025-05-06,8028,16305,0.0
247,2025-05-07,8195,16466,0.0
247,2025-05-08,7318,15543,0.0
247,2025-05-09,8077,16371,0.0
247,2025-05-10,8592,16826,0.0
247,2025-05-11,7391,15647,0.0
247,2025-05-12,7261,15743,0.0
247,2025-05-13,7770,16244,0.0
247,2025-05-14,7452,15771,0.0
247,2025-05-15,7460,15608,0.0
247,2025-05-16,7527,15546,0.0
247,2025-05-17,7158,15472,0.0
247,2025-05-18,7869,15442,0.0
247,2025-05-19,7332,15913,0.0
247,2025-05-20,7462,15819,0.0
247,2025-05-21,8186,16999,0.0
247,2025-05-22,7755,15932,0.0
247,2025-05-23,15773,16206,0.0
247,2025-05-24,16277,15677,0.0
247,2025-05-25,16834,16542,0.0
247,2025-05-26,16207,16019,0.0
247,2025-05-27,17445,17056,0.0
247,2025-05-28,16547,16506,0.0
247,2025-05-29,16800,16730,0.0
247,2025-05-30,15886,16288,0.0
247,2025-05-31,17283,16887,0.0
247,2025-06-01,16533,16384,0.0
247,2025-06-02,16416,16338,0.0
247,2025-06-03,16652,16176,0.0
247,2025-06-04,16628,16634,0.0
248,2025-04-24,3402,3290,0.0
248,2025-04-25,3121,3168,0.0
248,2025-04-26,3104,3056,0.0
248,2025-04-27,3137,3186,0.0
248,2025-04-28,3221,3198,0.0
248,2025-04-29,3261,3220,0.0
248,2025-04-30,3107,3029,0.0
248,2025-05-01,3103,3087,0.0
248,2025-05-02,3019,3052,0.0
248,2025-05-03,3085,3124,0.0
248,2025-05-04,3326,3310,0.0
248,2025-05-05,3122,3042,0.0
248,2025-05-06,3228,3160,0.0
248,2025-05-07,3168,3104,0.0
248,2025-05-08,3326,3301,0.0
248,2025-05-09,3228,3321,0.0
248,2025-05-10,3176,3143,0.0
248,2025-05-11,3203,3230,0.0
248,2025-05-12,3176,3217,0.0
248,2025-05-13,3219,3294,0.0
248,2025-05-14,3260,3177,0.0
248,2025-05-15,3347,3303,0.0
248,2025-05-16,3252,3328,0.0
248,2025-05-17,3136,3091,0.0
248,2025-05-18,3052,3060,0.0
248,2025-05-19,2141,3104,0.0
248,2025-05-20,2107,3076,0.0
248,2025-05-21,2087,3073,0.0
248,2025-05-22,2128,3194,0.0
248,2025-05-23,2256,3315,0.0
248,2025-05-24,2113,3115,0.0
248,2025-05-25,2195,3160,0.0
248,2025-05-26,2035,3033,0.0
248,2025-05-27,2248,3217,0.0
248,2025-05-28,2228,3078,0.0
248,2025-05-29,2192,3104,0.0
248,2025-05-30,2191,3300,0.0
248,2025-05-31,2221,3221,0.0
248,2025-06-01,2343,3255,0.0
248,2025-06-02,2220,3100,0.0
248,2025-06-03,3401,3285,0.0
248,2025-06-04,3318,3313,0.0
249,2025-04-24,19816,19696,0.0
249,2025-04-25,19430,19451,0.0
249,2025-04-26,21007,20244,0.0
249,2025-04-27,20257,20103,0.0
249,2025-04-28,19517,18859,0.0
249,2025-04-29,20363,19962,0.0
249,2025-04-30,20865,20097,0.0
249,2025-05-01,19032,18598,0.0
249,2025-05-02,19511,20059,0.0
249,2025-05-03,18880,18555,0.0
249,2025-05-04,19825,20038,0.0
249,2025-05-05,19761,19502,0.0
249,2025-05-06,21239,20464,0.0
249,2025-05-07,19586,19113,0.0
249,2025-05-08,18964,19403,0.0
249,2025-05-09,19915,19586,0.0
249,2025-05-10,19789,20379,0.0
249,2025-05-11,19796,20270,0.0
249,2025-05-12,21211,20461,0.0
249,2025-05-13,19501,19335,0.0
249,2025-05-14,18884,19354,0.0
249,2025-05-15,19516,18828,0.0
249,2025-05-16,20045,20039,0.0
249,2025-05-17,20203,20386,0.0
249,2025-05-18,19991,19895,0.0
249,2025-05-19,19527,19346,0.0
249,2025-05-20,19621,20109,0.0
249,2025-05-21,20269,19517,0.0
249,2025-05-22,18612,18564,0.0
249,2025-05-23,18923,19174,0.0
249,2025-05-24,20374,19890,0.0
249,2025-05-25,19281,18975,0.0
249,2025-05-26,19885,19442,0.0
249,2025-05-27,19761,20177,0.0
249,2025-05-28,20368,20045,0.0
249,2025-05-29,19925,19735,0.0
249,2025-05-30,20355,20278,0.0
249,2025-05-31,20362,20120,0.0
249,2025-06-01,18465,18955,0.0
249,2025-06-02,19508,19046,0.0
249,2025-06-03,20266,19539,0.0
249,2025-06-04,18997,19443,0.0
250,2025-04-24,4576,4515,0.0
250,2025-04-25,4412,4390,0.0
250,2025-04-26,4222,4309,0.0
250,2025-04-27,4300,4257,0.0
250,2025-04-28,4376,4505,0.0
250,2025-04-29,4440,4538,0.0
250,2025-04-30,4232,4159,0.0
250,2025-05-01,4492,4467,0.0
250,2025-05-02,4150,4192,0.0
250,2025-05-03,4145,4248,0.0
250,2025-05-04,4276,4298,0.0
250,2025-05-05,4337,4355,0.0
250,2025-05-06,4242,4335,0.0
250,2025-05-07,4576,4524,0.0
250,2025-05-08,4156,4143,0.0
250,2025-05-09,4476,4526,0.0
250,2025-05-10,4228,4219,0.0
250,2025-05-11,4411,4287,0.0
250,2025-05-12,4415,4430,0.0
250,2025-05-13,4513,4556,0.0
250,2025-05-14,4588,4474,0.0
250,2025-05-15,4269,4299,0.0
250,2025-05-16,4478,4514,0.0
250,2025-05-17,4294,4223,0.0
250,2025-05-18,4173,4280,0.0
250,2025-05-19,4068,4162,0.0
250,2025-05-20,4585,4534,0.0
250,2025-05-21,4075,4193,0.0
250,2025-05-22,4330,4346,0.0
250,2025-05-23,4253,4308,0.0
250,2025-05-24,4200,4156,0.0
250,2025-05-25,4387,4512,0.0
250,2025-05-26,4478,4559,0.0
250,2025-05-27,4169,4205,0.0
250,2025-05-28,4610,4474,0.0
250,2025-05-29,4564,4562,0.0
250,2025-05-30,4403,4461,0.0
250,2025-05-31,4495,4377,0.0
250,2025-06-01,4343,4271,0.0
250,2025-06-02,4185,4187,0.0
250,2025-06-03,4545,4552,0.0
250,2025-06-04,4429,4466,0.0
251,2025-04-24,56399,55688,0.0
251,2025-04-25,56025,54635,0.0
251,2025-04-26,57502,55942,0.0
251,2025-04-27,60582,59152,0.0
251,2025-04-28,56071,57169,0.0
251,2025-04-29,55239,54491,0.0
251,2025-04-30,59159,57458,0.0
251,2025-05-01,53880,54328,0.0
251,2025-05-02,54968,56128,0.0
251,2025-05-03,55350,56131,0.0
251,2025-05-04,57063,57966,0.0
251,2025-05-05,57438,57824,0.0
251,2025-05-06,52793,54308,0.0
251,2025-05-07,58658,59124,0.0
251,2025-05-08,57809,57488,0.0
251,2025-05-09,57521,56720,0.0
251,2025-05-10,57955,58651,0.0
251,2025-05-11,54031,55179,0.0
251,2025-05-12,57112,56934,0.0
251,2025-05-13,57071,55707,0.0
251,2025-05-14,56969,55547,0.0
251,2025-05-15,53892,54450,0.0
251,2025-05-16,57012,57181,0.0
251,2025-05-17,54700,55845,0.0
251,2025-05-18,60134,57977,0.0
251,2025-05-19,55087,55334,0.0
251,2025-05-20,58367,59199,0.0
251,2025-05-21,57551,57863,0.0
251,2025-05-22,55694,54267,0.0
251,2025-05-23,57924,59198,0.0
251,2025-05-24,38158,59049,0.0
251,2025-05-25,39999,58316,0.0
251,2025-05-26,35844,58456,0.0
251,2025-05-27,26695,59770,7.7
251,2025-05-28,39431,58385,0.0
251,2025-05-29,35402,54966,0.0
251,2025-05-30,37950,59496,0.0
251,2025-05-31,37122,55839,0.0
251,2025-06-01,34888,54472,0.0
251,2025-06-02,36156,58852,0.0
251,2025-06-03,40182,58577,0.0
251,2025-06-04,38116,57554,0.0
252,2025-04-24,28453,27480,0.0
252,2025-04-25,26880,27187,0.0
252,2025-04-26,28008,27759,0.0
252,2025-04-27,27929,27436,0.0
252,2025-04-28,28459,29149,0.0
252,2025-04-29,27810,27497,0.0
252,2025-04-30,27463,27491,0.0
252,2025-05-01,28577,27615,0.0
252,2025-05-02,29828,29275,0.0
252,2025-05-03,28298,27749,0.0
252,2025-05-04,28234,28180,0.0
252,2025-05-05,27401,28015,0.0
252,2025-05-06,26613,27060,0.0
252,2025-05-07,28105,27563,0.0
252,2025-05-08,29206,28607,0.0
252,2025-05-09,28231,28806,0.0
252,2025-05-10,27316,27126,0.0
252,2025-05-11,28105,28675,0.0
252,2025-05-12,28109,27207,0.0
252,2025-05-13,27667,27340,0.0
252,2025-05-14,30217,29327,0.0
252,2025-05-15,27129,27040,0.0
252,2025-05-16,29008,29049,0.0
252,2025-05-17,29480,28910,0.0
252,2025-05-18,26580,26866,0.0
252,2025-05-19,28433,27849,0.0
252,2025-05-20,27477,27032,0.0
252,2025-05-21,27299,27816,0.0
252,2025-05-22,29603,29447,0.0
252,2025-05-23,28779,27738,0.0
252,2025-05-24,29768,28744,0.0
252,2025-05-25,28993,28250,0.0
252,2025-05-26,27187,26859,0.0
252,2025-05-27,28242,27574,0.0
252,2025-05-28,28820,28407,0.0
252,2025-05-29,28883,29417,0.0
252,2025-05-30,28970,28774,0.0
252,2025-05-31,28352,28948,0.0
252,2025-06-01,29061,28133,0.0
252,2025-06-02,27964,27266,0.0
252,2025-06-03,28029,27649,0.0
252,2025-06-04,28980,29316,0.0
253,2025-04-24,12091,12263,0.0
253,2025-04-25,12095,11725,0.0
253,2025-04-26,12666,12356,0.0
253,2025-04-27,11827,11752,0.0
253,2025-04-28,12384,12393,0.0
253,2025-04-29,12276,12488,0.0
253,2025-04-30,11472,11540,0.0
253,2025-05-01,11258,11492,0.0
253,2025-05-02,11700,11690,0.0
253,2025-05-03,12421,12572,0.0
253,2025-05-04,12819,12644,0.0
253,2025-05-05,12181,11957,0.0
253,2025-05-06,12683,12297,0.0
253,2025-05-07,12405,12446,0.0
253,2025-05-08,12084,11753,0.0
253,2025-05-09,11984,11928,0.0
253,2025-05-10,11731,11791,0.0
253,2025-05-11,12372,11921,0.0
253,2025-05-12,11816,12178,0.0
253,2025-05-13,11963,12163,0.0
253,2025-05-14,12117,12295,0.0
253,2025-05-15,12044,11928,0.0
253,2025-05-16,11783,11744,0.0
253,2025-05-17,11869,12034,0.0
253,2025-05-18,12096,11766,0.0
253,2025-05-19,12705,12231,0.0
253,2025-05-20,13058,12566,0.0
253,2025-05-21,11469,11594,0.0
253,2025-05-22,11804,11902,0.0
253,2025-05-23,12823,12419,0.0
253,2025-05-24,12255,12040,0.0
253,2025-05-25,12346,11942,0.0
253,2025-05-26,12758,12573,0.0
253,2025-05-27,11342,11671,0.0
253,2025-05-28,11606,11513,0.0
253,2025-05-29,12213,12062,0.0
253,2025-05-30,11951,12169,0.0
253,2025-05-31,11756,11594,0.0
253,2025-06-01,12165,12402,0.0
253,2025-06-02,12595,12513,0.0
253,2025-06-03,12366,11911,0.0
253,2025-06-04,12532,12695,0.0
254,2025-04-24,28441,27912,0.0
254,2025-04-25,27337,26695,0.0
254,2025-04-26,28146,28584,0.0
254,2025-04-27,29616,28845,0.0
254,2025-04-28,28665,27762,0.0
254,2025-04-29,27371,27303,0.0
254,2025-04-30,27627,27566,0.0
254,2025-05-01,27241,26879,0.0
254,2025-05-02,28136,28601,0.0
254,2025-05-03,28061,27823,0.0
254,2025-05-04,22294,28725,0.0
254,2025-05-05,21269,27116,0.0
254,2025-05-06,19375,27263,0.0
254,2025-05-07,20542,28535,0.0
254,2025-05-08,21132,28955,0.0
254,2025-05-09,20867,26462,0.0
254,2025-05-10,20907,27845,0.0
254,2025-05-11,20449,27300,0.0
254,2025-05-12,21245,27674,0.0
254,2025-05-13,20464,27831,0.0
254,2025-05-14,20814,26345,0.0
254,2025-05-15,20891,28418,0.0
254,2025-05-16,19361,26451,0.0
254,2025-05-17,21935,28850,0.0
254,2025-05-18,19467,27019,0.0
254,2025-05-19,20129,27138,0.0
254,2025-05-20,20399,27565,0.0
254,2025-05-21,21728,28979,0.0
254,2025-05-22,20605,28857,0.0
254,2025-05-23,20633,28243,0.0
254,2025-05-24,20205,28530,0.0
254,2025-05-25,22152,28136,0.0
254,2025-05-26,20532,28166,0.0
254,2025-05-27,22205,28221,0.0
254,2025-05-28,22112,28844,0.0
254,2025-05-29,19870,27681,0.0
254,2025-05-30,20826,28167,0.0
254,2025-05-31,22076,28007,0.0
254,2025-06-01,20181,27922,0.0
254,2025-06-02,20095,27511,0.0
254,2025-06-03,22694,28957,0.0
254,2025-06-04,21144,27378,0.0
255,2025-04-24,8515,8619,0.0
255,2025-04-25,9285,9203,0.0
255,2025-04-26,9374,9217,0.0
255,2025-04-27,9341,9254,0.0
255,2025-04-28,9500,9219,0.0
255,2025-04-29,9168,8914,0.0
255,2025-04-30,8763,8834,0.0
255,2025-05-01,9038,9268,0.0
255,2025-05-02,8932,9173,0.0
255,2025-05-03,9323,9003,0.0
255,2025-05-04,8801,8976,0.0
255,2025-05-05,9374,9045,0.0
255,2025-05-06,9305,9179,0.0
255,2025-05-07,9154,9141,0.0
255,2025-05-08,8929,9000,0.0
255,2025-05-09,9213,9463,0.0
255,2025-05-10,8688,8781,0.0
255,2025-05-11,9239,8979,0.0
255,2025-05-12,9095,9200,0.0
255,2025-05-13,9603,9491,0.0
255,2025-05-14,9130,8823,0.0
255,2025-05-15,9315,9436,0.0
255,2025-05-16,8905,8833,0.0
255,2025-05-17,8366,8624,0.0
255,2025-05-18,8892,8770,0.0
255,2025-05-19,9259,9314,0.0
255,2025-05-20,9181,8926,0.0
255,2025-05-21,8969,8750,0.0
255,2025-05-22,9221,9219,0.0
255,2025-05-23,9377,9273,0.0
255,2025-05-24,9551,9288,0.0
255,2025-05-25,5832,8788,0.0
255,2025-05-26,6155,9245,0.0
255,2025-05-27,5512,8777,0.0
255,2025-05-28,5589,9038,0.0
255,2025-05-29,5393,8941,0.0
255,2025-05-30,5508,8756,0.0
255,2025-05-31,5597,9360,0.0
255,2025-06-01,5388,9088,0.0
255,2025-06-02,9128,9185,0.0
255,2025-06-03,9174,8904,0.0
255,2025-06-04,9019,8921,0.0
256,2025-04-24,14614,14914,0.0
256,2025-04-25,14948,15041,0.0
256,2025-04-26,14894,15333,0.0
256,2025-04-27,16142,15750,0.0
256,2025-04-28,15425,14958,0.0
256,2025-04-29,15334,15268,0.0
256,2025-04-30,15349,15372,0.0
256,2025-05-01,15041,14763,0.0
256,2025-05-02,15584,15835,0.0
256,2025-05-03,15441,15835,0.0
256,2025-05-04,15221,15419,0.0
256,2025-05-05,14644,14738,0.0
256,2025-05-06,15109,14942,0.0
256,2025-05-07,15590,15266,0.0
256,2025-05-08,15687,15484,0.0
256,2025-05-09,15728,15126,0.0
256,2025-05-10,15430,15122,0.0
256,2025-05-11,16155,15571,0.0
256,2025-05-12,15492,15099,0.0
256,2025-05-13,14444,14865,0.0
256,2025-05-14,15658,15715,0.0
256,2025-05-15,15199,14827,0.0
256,2025-05-16,15979,15961,0.0
256,2025-05-17,15953,15566,0.0
256,2025-05-18,15384,15770,0.0
256,2025-05-19,14982,14920,0.0
256,2025-05-20,15288,14750,0.0
256,2025-05-21,14709,14576,0.0
256,2025-05-22,16036,15707,0.0
256,2025-05-23,15305,14813,0.0
256,2025-05-24,15658,15148,0.0
256,2025-05-25,14324,14571,0.0
256,2025-05-26,15102,15178,0.0
256,2025-05-27,14971,14908,0.0
256,2025-05-28,14503,14945,0.0
256,2025-05-29,16316,15718,0.0
256,2025-05-30,14644,14636,0.0
256,2025-05-31,15301,15607,0.0
256,2025-06-01,15226,14918,0.0
256,2025-06-02,15029,15194,0.0
256,2025-06-03,14736,14806,0.0
256,2025-06-04,14242,14616,0.0
257,2025-04-24,11053,10822,0.0
257,2025-04-25,10762,10731,0.0
257,2025-04-26,11236,11020,0.0
257,2025-04-27,10766,10963,0.0
257,2025-04-28,10823,11050,0.0
257,2025-04-29,11023,10911,0.0
257,2025-04-30,11542,11249,0.0
257,2025-05-01,10734,10450,0.0
257,2025-05-02,11038,11128,0.0
257,2025-05-03,10714,11034,0.0
257,2025-05-04,10970,11210,0.0
257,2025-05-05,10807,11031,0.0
257,2025-05-06,10471,10574,0.0
257,2025-05-07,11342,11277,0.0
257,2025-05-08,10710,10769,0.0
257,2025-05-09,10620,10355,0.0
257,2025-05-10,11309,11000,0.0
257,2025-05-11,11055,11307,0.0
257,2025-05-12,10854,10689,0.0
257,2025-05-13,10306,10620,0.0
257,2025-05-14,11278,11185,0.0
257,2025-05-15,11359,11243,0.0
257,2025-05-16,11143,11164,0.0
257,2025-05-17,10664,10754,0.0
257,2025-05-18,11251,11274,0.0
257,2025-05-19,11611,11302,0.0
257,2025-05-20,10952,10710,0.0
257,2025-05-21,10748,10791,0.0
257,2025-05-22,10715,10712,0.0
257,2025-05-23,11190,11331,0.0
257,2025-05-24,10375,10660,0.0
257,2025-05-25,10680,11004,0.0
257,2025-05-26,11589,11198,0.0
257,2025-05-27,10532,10750,0.0
257,2025-05-28,10551,10625,0.0
257,2025-05-29,10624,10809,0.0
257,2025-05-30,10618,10898,0.0
257,2025-05-31,10896,10814,0.0
257,2025-06-01,10657,10882,0.0
257,2025-06-02,10476,10433,0.0
257,2025-06-03,11026,11079,0.0
257,2025-06-04,10076,10283,0.0
258,2025-04-24,8889,9114,0.0
258,2025-04-25,8485,8525,0.0
258,2025-04-26,8920,8641,0.0
258,2025-04-27,9155,8907,0.0
258,2025-04-28,9225,9066,0.0
258,2025-04-29,9104,9102,0.0
258,2025-04-30,8585,8829,0.0
258,2025-05-01,8792,8762,0.0
258,2025-05-02,9143,8875,0.0
258,2025-05-03,8803,8709,0.0
258,2025-05-04,8789,8567,0.0
258,2025-05-05,8552,8662,0.0
258,2025-05-06,8728,8659,0.0
258,2025-05-07,9380,9291,0.0
258,2025-05-08,8395,8507,0.0
258,2025-05-09,9085,9313,0.0
258,2025-05-10,9176,8943,0.0
258,2025-05-11,8995,8847,0.0
258,2025-05-12,8852,8964,0.0
258,2025-05-13,8880,8934,0.0
258,2025-05-14,9075,9112,0.0
258,2025-05-15,8951,8998,0.0
258,2025-05-16,8361,8556,0.0
258,2025-05-17,8883,9033,0.0
258,2025-05-18,9111,8799,0.0
258,2025-05-19,9131,8957,0.0
258,2025-05-20,9254,9327,0.0
258,2025-05-21,9618,9275,0.0
258,2025-05-22,8793,8937,0.0
258,2025-05-23,8739,8569,0.0
258,2025-05-24,8685,8801,0.0
258,2025-05-25,8848,8868,0.0
258,2025-05-26,9482,9359,0.0
258,2025-05-27,9252,9371,0.0
258,2025-05-28,9212,8974,0.0
258,2025-05-29,9039,8807,0.0
258,2025-05-30,9255,8969,0.0
258,2025-05-31,8691,8550,0.0
258,2025-06-01,9460,9314,0.0
258,2025-06-02,9034,9099,0.0
258,2025-06-03,9411,9108,0.0
258,2025-06-04,9268,9159,0.0
259,2025-04-24,21800,20972,0.0
259,2025-04-25,20964,20273,0.0
259,2025-04-26,20023,20257,0.0
259,2025-04-27,20936,20684,0.0
259,2025-04-28,21316,21328,0.0
259,2025-04-29,20423,20193,0.0
259,2025-04-30,21982,21301,0.0
259,2025-05-01,20065,20271,0.0
259,2025-05-02,21735,21098,0.0
259,2025-05-03,20675,20594,0.0
259,2025-05-04,9793,20373,0.0
259,2025-05-05,10578,20628,0.0
259,2025-05-06,10342,19575,0.0
259,2025-05-07,10258,19658,0.0
259,2025-05-08,11128,21058,0.0
259,2025-05-09,9752,19548,0.0
259,2025-05-10,10695,20778,0.0
259,2025-05-11,10594,20029,0.0
259,2025-05-12,10643,20771,0.0
259,2025-05-13,9255,19409,0.0
259,2025-05-14,10402,20738,0.0
259,2025-05-15,10177,21258,0.0
259,2025-05-16,20696,21147,0.0
259,2025-05-17,19457,19544,0.0
259,2025-05-18,19409,19950,0.0
259,2025-05-19,20903,21016,0.0
259,2025-05-20,19652,20013,0.0
259,2025-05-21,20721,19943,0.0
259,2025-05-22,20056,19698,0.0
259,2025-05-23,19607,20078,0.0
259,2025-05-24,20651,20681,0.0
259,2025-05-25,19555,19823,0.0
259,2025-05-26,19805,19465,0.0
259,2025-05-27,19397,19775,0.0
259,2025-05-28,19243,19652,0.0
259,2025-05-29,20220,20490,0.0
259,2025-05-30,20134,19420,0.0
259,2025-05-31,19864,20400,0.0
259,2025-06-01,20965,21136,0.0
259,2025-06-02,21585,21101,0.0
259,2025-06-03,19442,19949,0.0
259,2025-06-04,19308,19679,0.0
260,2025-04-24,49365,49823,0.0
260,2025-04-25,48156,47957,0.0
260,2025-04-26,48242,47195,0.0
260,2025-04-27,50417,48669,0.0
260,2025-04-28,51194,50449,0.0
260,2025-04-29,46963,46842,0.0
260,2025-04-30,49549,49991,0.0
260,2025-05-01,47770,46222,0.0
260,2025-05-02,47801,47009,0.0
260,2025-05-03,48245,47337,0.0
260,2025-05-04,49654,48540,0.0
260,2025-05-05,47580,48283,0.0
260,2025-05-06,46518,46479,0.0
260,2025-05-07,50510,50765,0.0
260,2025-05-08,50246,50667,0.0
260,2025-05-09,48713,47037,0.0
260,2025-05-10,47812,47814,0.0
260,2025-05-11,50574,50044,0.0
260,2025-05-12,50631,49114,0.0
260,2025-05-13,51189,50208,0.0
260,2025-05-14,50407,50701,0.0
260,2025-05-15,51801,50199,0.0
260,2025-05-16,45827,46409,0.0
260,2025-05-17,50426,49764,0.0
260,2025-05-18,48490,47770,0.0
260,2025-05-19,47857,48333,0.0
260,2025-05-20,51179,50208,0.0
260,2025-05-21,49318,50366,0.0
260,2025-05-22,49893,50629,0.0
260,2025-05-23,49819,50957,0.0
260,2025-05-24,48904,49550,0.0
260,2025-05-25,50753,50635,0.0
260,2025-05-26,47790,46573,0.0
260,2025-05-27,49411,49436,0.0
260,2025-05-28,49263,50664,0.0
260,2025-05-29,50212,49434,0.0
260,2025-05-30,48317,49648,0.0
260,2025-05-31,46591,47384,0.0
260,2025-06-01,46847,47383,0.0
260,2025-06-02,49996,48901,0.0
260,2025-06-03,47921,47392,0.0
260,2025-06-04,51825,50650,0.0
261,2025-04-24,30727,32322,1.5
261,2025-04-25,34200,34170,0.0
261,2025-04-26,32834,33470,0.0
261,2025-04-27,34912,34721,0.0
261,2025-04-28,34284,34006,0.0
261,2025-04-29,32893,32500,0.0
261,2025-04-30,31775,31902,0.0
261,2025-05-01,31107,31970,0.0
261,2025-05-02,32702,32239,0.0
261,2025-05-03,34953,33928,0.0
261,2025-05-04,32914,32875,0.0
261,2025-05-05,32449,32173,0.0
261,2025-05-06,35555,34993,0.0
261,2025-05-07,32258,32687,0.0
261,2025-05-08,31903,32384,0.0
261,2025-05-09,33819,33938,0.0
261,2025-05-10,35216,34631,0.0
261,2025-05-11,35574,34349,0.0
261,2025-05-12,34993,34227,0.0
261,2025-05-13,33511,33425,0.0
261,2025-05-14,33250,31997,0.0
261,2025-05-15,34253,34403,0.0
261,2025-05-16,33839,33672,0.0
261,2025-05-17,34311,33663,0.0
261,2025-05-18,34359,34408,0.0
261,2025-05-19,24250,34342,7.3
261,2025-05-20,33911,33267,0.0
261,2025-05-21,33992,34589,0.0
261,2025-05-22,34108,33901,0.0
261,2025-05-23,32691,32385,0.0
261,2025-05-24,33973,34219,0.0
261,2025-05-25,33856,33735,0.0
261,2025-05-26,33964,33285,0.0
261,2025-05-27,33281,33151,0.0
261,2025-05-28,34547,34899,0.0
261,2025-05-29,32959,33839,0.0
261,2025-05-30,32772,32507,0.0
261,2025-05-31,33053,33641,0.0
261,2025-06-01,32873,32439,0.0
261,2025-06-02,34072,34754,0.0
261,2025-06-03,32726,32325,0.0
261,2025-06-04,33218,34165,0.0
262,2025-04-24,20300,19593,0.0
262,2025-04-25,19099,19503,0.0
262,2025-04-26,20279,20274,0.0
262,2025-04-27,20047,20189,0.0
262,2025-04-28,20906,20849,0.0
262,2025-04-29,20810,20484,0.0
262,2025-04-30,19375,19031,0.0
262,2025-05-01,19307,19294,0.0
262,2025-05-02,19769,19766,0.0
262,2025-05-03,19778,19426,0.0
262,2025-05-04,20898,20342,0.0
262,2025-05-05,19850,20018,0.0
262,2025-05-06,21113,20468,0.0
262,2025-05-07,19069,19636,0.0
262,2025-05-08,20114,20248,0.0
262,2025-05-09,19416,19351,0.0
262,2025-05-10,19709,19275,0.0
262,2025-05-11,20117,19637,0.0
262,2025-05-12,19104,19472,0.0
262,2025-05-13,21165,20745,0.0
262,2025-05-14,20746,20193,0.0
262,2025-05-15,21198,20437,0.0
262,2025-05-16,20181,20543,0.0
262,2025-05-17,19245,19485,0.0
262,2025-05-18,19780,19778,0.0
262,2025-05-19,20413,20894,0.0
262,2025-05-20,19578,19156,0.0
262,2025-05-21,19937,20008,0.0
262,2025-05-22,20286,19754,0.0
262,2025-05-23,20153,20025,0.0
262,2025-05-24,21722,20915,0.0
262,2025-05-25,20510,20769,0.0
262,2025-05-26,18915,19474,0.0
262,2025-05-27,20803,20333,0.0
262,2025-05-28,20390,20895,0.0
262,2025-05-29,20430,20581,0.0
262,2025-05-30,18904,19077,0.0
262,2025-05-31,20531,20372,0.0
262,2025-06-01,19031,19477,0.0
262,2025-06-02,16454,19518,4.2
262,2025-06-03,18767,19253,0.0
262,2025-06-04,20654,19970,0.0
263,2025-04-24,29473,29339,0.0
263,2025-04-25,28968,29340,0.0
263,2025-04-26,26857,26629,0.0
263,2025-04-27,29785,29079,0.0
263,2025-04-28,28320,28863,0.0
263,2025-04-29,26554,27225,0.0
263,2025-04-30,27791,27651,0.0
263,2025-05-01,27590,28380,0.0
263,2025-05-02,26546,26901,0.0
263,2025-05-03,26307,26827,0.0
263,2025-05-04,28429,28902,0.0
263,2025-05-05,28683,28751,0.0
263,2025-05-06,26411,26809,0.0
263,2025-05-07,28958,28286,0.0
263,2025-05-08,26616,27093,0.0
263,2025-05-09,26574,27307,0.0
263,2025-05-10,29433,29187,0.0
263,2025-05-11,26823,26720,0.0
263,2025-05-12,27738,28366,0.0
263,2025-05-13,29495,29137,0.0
263,2025-05-14,27875,26896,0.0
263,2025-05-15,28659,27984,0.0
263,2025-05-16,28933,29155,0.0
263,2025-05-17,27161,26660,0.0
263,2025-05-18,29096,28556,0.0
263,2025-05-19,28864,28412,0.0
263,2025-05-20,27451,26844,0.0
263,2025-05-21,29126,29057,0.0
263,2025-05-22,29941,29098,0.0
263,2025-05-23,27854,27110,0.0
263,2025-05-24,27229,27488,0.0
263,2025-05-25,29008,29400,0.0
263,2025-05-26,28750,28052,0.0
263,2025-05-27,27600,26941,0.0
263,2025-05-28,28430,27498,0.0
263,2025-05-29,28033,27475,0.0
263,2025-05-30,27298,26940,0.0
263,2025-05-31,27813,26786,0.0
263,2025-06-01,28735,28170,0.0
263,2025-06-02,27155,27974,0.0
263,2025-06-03,27342,27144,0.0
263,2025-06-04,26578,27335,0.0
264,2025-04-24,11686,12008,0.0
264,2025-04-25,13098,12602,0.0
264,2025-04-26,12413,12788,0.0
264,2025-04-27,12387,11965,0.0
264,2025-04-28,12588,12416,0.0
264,2025-04-29,12467,12748,0.0
264,2025-04-30,11962,12185,0.0
264,2025-05-01,11953,11746,0.0
264,2025-05-02,13176,12789,0.0
264,2025-05-03,11862,12043,0.0
264,2025-05-04,11706,12003,0.0
264,2025-05-05,12870,12645,0.0
264,2025-05-06,12063,12271,0.0
264,2025-05-07,11673,11897,0.0
264,2025-05-08,13200,12806,0.0
264,2025-05-09,11570,11853,0.0
264,2025-05-10,12418,12411,0.0
264,2025-05-11,12167,11920,0.0
264,2025-05-12,13099,12634,0.0
264,2025-05-13,11969,12192,0.0
264,2025-05-14,12049,11841,0.0
264,2025-05-15,12491,12210,0.0
264,2025-05-16,11918,11855,0.0
264,2025-05-17,12857,12854,0.0
264,2025-05-18,12953,12630,0.0
264,2025-05-19,11868,11883,0.0
264,2025-05-20,12078,11937,0.0
264,2025-05-21,11669,11948,0.0
264,2025-05-22,12005,12032,0.0
264,2025-05-23,12038,12261,0.0
264,2025-05-24,12219,11926,0.0
264,2025-05-25,12084,12422,0.0
264,2025-05-26,12257,12561,0.0
264,2025-05-27,12558,12132,0.0
264,2025-05-28,11918,11744,0.0
264,2025-05-29,12154,11730,0.0
264,2025-05-30,12111,11811,0.0
264,2025-05-31,12758,12676,0.0
264,2025-06-01,11825,12138,0.0
264,2025-06-02,12712,12696,0.0
264,2025-06-03,11676,12035,0.0
264,2025-06-04,12296,12391,0.0
265,2025-04-24,9031,9041,0.0
265,2025-04-25,9066,9305,0.0
265,2025-04-26,9040,8993,0.0
265,2025-04-27,8752,8643,0.0
265,2025-04-28,8919,9191,0.0
265,2025-04-29,8497,8619,0.0
265,2025-04-30,8857,8845,0.0
265,2025-05-01,8552,8634,0.0
265,2025-05-02,9119,8808,0.0
265,2025-05-03,9342,9409,0.0
265,2025-05-04,9188,9415,0.0
265,2025-05-05,9017,9009,0.0
265,2025-05-06,9103,8999,0.0
265,2025-05-07,9028,8722,0.0
265,2025-05-08,8475,8621,0.0
265,2025-05-09,9359,9093,0.0
265,2025-05-10,8492,8608,0.0
265,2025-05-11,9069,9278,0.0
265,2025-05-12,8548,8773,0.0
265,2025-05-13,9143,9408,0.0
265,2025-05-14,9348,9081,0.0
265,2025-05-15,8929,9157,0.0
265,2025-05-16,8390,8625,0.0
265,2025-05-17,8882,8961,0.0
265,2025-05-18,8973,9208,0.0
265,2025-05-19,9488,9351,0.0
265,2025-05-20,9298,9028,0.0
265,2025-05-21,8464,8678,0.0
265,2025-05-22,8716,8954,0.0
265,2025-05-23,9522,9448,0.0
265,2025-05-24,9384,9111,0.0
265,2025-05-25,9409,9101,0.0
265,2025-05-26,9505,9169,0.0
265,2025-05-27,9183,9407,0.0
265,2025-05-28,9048,8828,0.0
265,2025-05-29,9024,9266,0.0
265,2025-05-30,8986,8877,0.0
265,2025-05-31,9133,9218,0.0
265,2025-06-01,9414,9089,0.0
265,2025-06-02,8846,8707,0.0
265,2025-06-03,8486,8710,0.0
265,2025-06-04,9833,9457,0.0
266,2025-04-24,7354,7435,0.0
266,2025-04-25,7278,7143,0.0
266,2025-04-26,7250,7118,0.0
266,2025-04-27,6831,6837,0.0
266,2025-04-28,7085,6878,0.0
266,2025-04-29,7382,7313,0.0
266,2025-04-30,6655,6814,0.0
266,2025-05-01,6720,6853,0.0
266,2025-05-02,7018,7022,0.0
266,2025-05-03,7382,7131,0.0
266,2025-05-04,7593,7327,0.0
266,2025-05-05,7215,7417,0.0
266,2025-05-06,7301,7182,0.0
266,2025-05-07,7396,7489,0.0
266,2025-05-08,7263,7004,0.0
266,2025-05-09,6938,6902,0.0
266,2025-05-10,6898,6883,0.0
266,2025-05-11,7527,7306,0.0
266,2025-05-12,7248,7441,0.0
266,2025-05-13,7351,7246,0.0
266,2025-05-14,6856,6977,0.0
266,2025-05-15,7192,7125,0.0
266,2025-05-16,7193,7292,0.0
266,2025-05-17,7521,7485,0.0
266,2025-05-18,7495,7228,0.0
266,2025-05-19,7138,6922,0.0
266,2025-05-20,7126,7028,0.0
266,2025-05-21,7297,7275,0.0
266,2025-05-22,7075,7286,0.0
266,2025-05-23,7334,7425,0.0
266,2025-05-24,7289,7197,0.0
266,2025-05-25,7074,7088,0.0
266,2025-05-26,7503,7357,0.0
266,2025-05-27,7000,7060,0.0
266,2025-05-28,7027,6976,0.0
266,2025-05-29,7084,6963,0.0
266,2025-05-30,7077,7014,0.0
266,2025-05-31,7523,7354,0.0
266,2025-06-01,7251,7293,0.0
266,2025-06-02,7268,7181,0.0
266,2025-06-03,7321,7258,0.0
266,2025-06-04,7337,7349,0.0
267,2025-04-24,23228,23681,0.0
267,2025-04-25,26141,25181,0.0
267,2025-04-26,25865,25158,0.0
267,2025-04-27,26185,25358,0.0
267,2025-04-28,23542,23214,0.0
267,2025-04-29,23559,24107,0.0
267,2025-04-30,24650,24970,0.0
267,2025-05-01,24214,24755,0.0
267,2025-05-02,23490,23986,0.0
267,2025-05-03,24130,23697,0.0
267,2025-05-04,24346,23911,0.0
267,2025-05-05,25002,24086,0.0
267,2025-05-06,24970,25019,0.0
267,2025-05-07,24264,24096,0.0
267,2025-05-08,24305,23550,0.0
267,2025-05-09,23816,23765,0.0
267,2025-05-10,23685,23958,0.0
267,2025-05-11,25375,24874,0.0
267,2025-05-12,26176,25368,0.0
267,2025-05-13,24795,25193,0.0
267,2025-05-14,24104,23281,0.0
267,2025-05-15,23360,23901,0.0
267,2025-05-16,24485,23720,0.0
267,2025-05-17,24825,23884,0.0
267,2025-05-18,23831,23481,0.0
267,2025-05-19,25273,24611,0.0
267,2025-05-20,23974,23803,0.0
267,2025-05-21,25689,24943,0.0
267,2025-05-22,24219,24305,0.0
267,2025-05-23,24024,23258,0.0
267,2025-05-24,23694,23375,0.0
267,2025-05-25,24539,23740,0.0
267,2025-05-26,24666,24559,0.0
267,2025-05-27,25499,24681,0.0
267,2025-05-28,24260,24501,0.0
267,2025-05-29,26285,25483,0.0
267,2025-05-30,23716,24148,0.0
267,2025-05-31,23226,23597,0.0
267,2025-06-01,25401,24578,0.0
267,2025-06-02,24748,23987,0.0
267,2025-06-03,25428,25049,0.0
267,2025-06-04,25030,25151,0.0
268,2025-04-24,2776,2850,0.0
268,2025-04-25,2803,2866,0.0
268,2025-04-26,2880,2780,0.0
268,2025-04-27,3028,3007,0.0
268,2025-04-28,2934,2924,0.0
268,2025-04-29,3122,3019,0.0
268,2025-04-30,2956,3037,0.0
268,2025-05-01,2999,2921,0.0
268,2025-05-02,2938,2974,0.0
268,2025-05-03,2876,2766,0.0
268,2025-05-04,2813,2799,0.0
268,2025-05-05,2841,2846,0.0
268,2025-05-06,3082,2974,0.0
268,2025-05-07,2978,2956,0.0
268,2025-05-08,3147,3031,0.0
268,2025-05-09,2950,2975,0.0
268,2025-05-10,3058,2943,0.0
268,2025-05-11,3043,2942,0.0
268,2025-05-12,2797,2881,0.0
268,2025-05-13,2935,2872,0.0
268,2025-05-14,2927,2868,0.0
268,2025-05-15,3030,2941,0.0
268,2025-05-16,2850,2888,0.0
268,2025-05-17,2764,2788,0.0
268,2025-05-18,3071,2991,0.0
268,2025-05-19,2983,2909,0.0
268,2025-05-20,3049,3036,0.0
268,2025-05-21,2911,2871,0.0
268,2025-05-22,2699,2781,0.0
268,2025-05-23,2955,2886,0.0
268,2025-05-24,2745,2761,0.0
268,2025-05-25,2742,2806,0.0
268,2025-05-26,2881,2970,0.0
268,2025-05-27,2831,2879,0.0
268,2025-05-28,2747,2832,0.0
268,2025-05-29,2943,3023,0.0
268,2025-05-30,2931,2921,0.0
268,2025-05-31,2994,2916,0.0
268,2025-06-01,3114,3038,0.0
268,2025-06-02,2840,2824,0.0
268,2025-06-03,2964,3027,0.0
268,2025-06-04,2797,2872,0.0
269,2025-04-24,8588,8803,0.0
269,2025-04-25,8525,8414,0.0
269,2025-04-26,8855,8891,0.0
269,2025-04-27,8933,8816,0.0
269,2025-04-28,8977,8860,0.0
269,2025-04-29,8743,8550,0.0
269,2025-04-30,8561,8302,0.0
269,2025-05-01,9023,8717,0.0
269,2025-05-02,8316,8400,0.0
269,2025-05-03,8288,8382,0.0
269,2025-05-04,8320,8569,0.0
269,2025-05-05,8546,8306,0.0
269,2025-05-06,8786,8619,0.0
269,2025-05-07,8774,8778,0.0
269,2025-05-08,8432,8477,0.0
269,2025-05-09,9013,8957,0.0
269,2025-05-10,8610,8675,0.0
269,2025-05-11,8652,8395,0.0
269,2025-05-12,9060,8727,0.0
269,2025-05-13,8501,8344,0.0
269,2025-05-14,8777,8582,0.0
269,2025-05-15,8796,8594,0.0
269,2025-05-16,8279,8185,0.0
269,2025-05-17,8502,8571,0.0
269,2025-05-18,8891,8866,0.0
269,2025-05-19,9022,8890,0.0
269,2025-05-20,8410,8542,0.0
269,2025-05-21,8185,8429,0.0
269,2025-05-22,8308,8195,0.0
269,2025-05-23,8777,8681,0.0
269,2025-05-24,8802,8621,0.0
269,2025-05-25,8754,8824,0.0
269,2025-05-26,8585,8358,0.0
269,2025-05-27,8145,8364,0.0
269,2025-05-28,8858,8533,0.0
269,2025-05-29,8041,8275,0.0
269,2025-05-30,8590,8635,0.0
269,2025-05-31,8692,8704,0.0
269,2025-06-01,8748,8776,0.0
269,2025-06-02,8775,8521,0.0
269,2025-06-03,8698,8742,0.0
269,2025-06-04,8782,8498,0.0
270,2025-04-24,15950,15434,0.0
270,2025-04-25,14821,15190,0.0
270,2025-04-26,15298,15707,0.0
270,2025-04-27,14862,15180,0.0
270,2025-04-28,15094,15409,0.0
270,2025-04-29,16617,16358,0.0
270,2025-04-30,16409,16298,0.0
270,2025-05-01,15036,15357,0.0
270,2025-05-02,15178,15017,0.0
270,2025-05-03,16066,16156,0.0
270,2025-05-04,15646,15426,0.0
270,2025-05-05,15389,15449,0.0
270,2025-05-06,16343,15928,0.0
270,2025-05-07,15679,15633,0.0
270,2025-05-08,16183,15849,0.0
270,2025-05-09,15195,15623,0.0
270,2025-05-10,16901,16368,0.0
270,2025-05-11,16698,16136,0.0
270,2025-05-12,16207,16328,0.0
270,2025-05-13,16336,16271,0.0
270,2025-05-14,16246,16098,0.0
270,2025-05-15,16398,16063,0.0
270,2025-05-16,15787,15440,0.0
270,2025-05-17,16105,16402,0.0
270,2025-05-18,16664,16090,0.0
270,2025-05-19,16016,15579,0.0
270,2025-05-20,16663,16249,0.0
270,2025-05-21,15535,15957,0.0
270,2025-05-22,16560,16135,0.0
270,2025-05-23,16741,16259,0.0
270,2025-05-24,16096,15918,0.0
270,2025-05-25,15078,15351,0.0
270,2025-05-26,16544,16252,0.0
270,2025-05-27,16298,16299,0.0
270,2025-05-28,15656,15901,0.0
270,2025-05-29,16062,15987,0.0
270,2025-05-30,16569,16390,0.0
270,2025-05-31,15343,15144,0.0
270,2025-06-01,16402,15965,0.0
270,2025-06-02,14887,14981,0.0
270,2025-06-03,15327,15801,0.0
270,2025-06-04,15817,15459,0.0
271,2025-04-24,17792,17443,0.0
271,2025-04-25,16395,16564,0.0
271,2025-04-26,17017,16655,0.0
271,2025-04-27,17137,17269,0.0
271,2025-04-28,9388,15986,0.0
271,2025-04-29,10519,16999,0.0
271,2025-04-30,9869,16676,0.0
271,2025-05-01,9834,16428,0.0
271,2025-05-02,9813,16568,0.0
271,2025-05-03,9753,17078,0.0
271,2025-05-04,9570,15907,0.0
271,2025-05-05,9109,16462,0.0
271,2025-05-06,9468,17191,0.0
271,2025-05-07,9776,17349,0.0
271,2025-05-08,9289,16751,0.0
271,2025-05-09,9754,16699,0.0
271,2025-05-10,9720,16741,0.0
271,2025-05-11,17647,17377,0.0
271,2025-05-12,18053,17363,0.0
271,2025-05-13,15963,16236,0.0
271,2025-05-14,16440,16350,0.0
271,2025-05-15,17230,16895,0.0
271,2025-05-16,17277,17214,0.0
271,2025-05-17,16371,15951,0.0
271,2025-05-18,17292,17517,0.0
271,2025-05-19,17370,17002,0.0
271,2025-05-20,16788,17232,0.0
271,2025-05-21,15862,16016,0.0
271,2025-05-22,16540,16288,0.0
271,2025-05-23,17587,17316,0.0
271,2025-05-24,15748,16172,0.0
271,2025-05-25,16393,16881,0.0
271,2025-05-26,15981,16242,0.0
271,2025-05-27,17338,16773,0.0
271,2025-05-28,17373,17013,0.0
271,2025-05-29,16413,16840,0.0
271,2025-05-30,17267,16682,0.0
271,2025-05-31,18095,17427,0.0
271,2025-06-01,16716,16635,0.0
271,2025-06-02,16312,16272,0.0
271,2025-06-03,17133,17149,0.0
271,2025-06-04,16421,16390,0.0
272,2025-04-24,3059,3077,0.0
272,2025-04-25,3135,3038,0.0
272,2025-04-26,3234,3131,0.0
272,2025-04-27,3267,3226,0.0
272,2025-04-28,3093,3037,0.0
272,2025-04-29,3275,3199,0.0
272,2025-04-30,2921,2989,0.0
272,2025-05-01,3027,3037,0.0
272,2025-05-02,3013,3038,0.0
272,2025-05-03,3228,3142,0.0
272,2025-05-04,3079,3016,0.0
272,2025-05-05,3087,3032,0.0
272,2025-05-06,3107,2999,0.0
272,2025-05-07,3192,3207,0.0
272,2025-05-08,3195,3278,0.0
272,2025-05-09,3098,3079,0.0
272,2025-05-10,3196,3119,0.0
272,2025-05-11,2991,3052,0.0
272,2025-05-12,3224,3224,0.0
272,2025-05-13,3092,3094,0.0
272,2025-05-14,2976,3007,0.0
272,2025-05-15,3054,3012,0.0
272,2025-05-16,3154,3069,0.0
272,2025-05-17,3127,3110,0.0
272,2025-05-18,3192,3266,0.0
272,2025-05-19,3400,3274,0.0
272,2025-05-20,3078,3050,0.0
272,2025-05-21,3304,3180,0.0
272,2025-05-22,3253,3248,0.0
272,2025-05-23,3215,3115,0.0
272,2025-05-24,3073,3156,0.0
272,2025-05-25,3068,3151,0.0
272,2025-05-26,3351,3261,0.0
272,2025-05-27,3163,3182,0.0
272,2025-05-28,3144,3205,0.0
272,2025-05-29,3160,3086,0.0
272,2025-05-30,1755,3115,0.0
272,2025-05-31,1734,3024,0.0
272,2025-06-01,1755,3141,0.0
272,2025-06-02,1791,3213,0.0
272,2025-06-03,1687,3000,0.0
272,2025-06-04,1832,3232,0.0
273,2025-04-24,4833,4780,0.0
273,2025-04-25,4631,4505,0.0
273,2025-04-26,4538,4651,0.0
273,2025-04-27,4576,4607,0.0
273,2025-04-28,4765,4661,0.0
273,2025-04-29,4672,4723,0.0
273,2025-04-30,4786,4798,0.0
273,2025-05-01,4720,4539,0.0
273,2025-05-02,4511,4407,0.0
273,2025-05-03,4464,4344,0.0
273,2025-05-04,4726,4784,0.0
273,2025-05-05,4654,4740,0.0
273,2025-05-06,4925,4743,0.0
273,2025-05-07,4610,4513,0.0
273,2025-05-08,4526,4492,0.0
273,2025-05-09,4365,4346,0.0
273,2025-05-10,4494,4610,0.0
273,2025-05-11,4722,4615,0.0
273,2025-05-12,4336,4362,0.0
273,2025-05-13,4624,4479,0.0
273,2025-05-14,4367,4361,0.0
273,2025-05-15,4816,4652,0.0
273,2025-05-16,4501,4565,0.0
273,2025-05-17,4887,4777,0.0
273,2025-05-18,4836,4681,0.0
273,2025-05-19,4816,4660,0.0
273,2025-05-20,4535,4657,0.0
273,2025-05-21,4627,4552,0.0
273,2025-05-22,4499,4356,0.0
273,2025-05-23,4516,4452,0.0
273,2025-05-24,4621,4535,0.0
273,2025-05-25,4465,4390,0.0
273,2025-05-26,4537,4645,0.0
273,2025-05-27,4431,4564,0.0
273,2025-05-28,4770,4708,0.0
273,2025-05-29,4617,4517,0.0
273,2025-05-30,4509,4561,0.0
273,2025-05-31,4696,4564,0.0
273,2025-06-01,4379,4423,0.0
273,2025-06-02,4786,4762,0.0
273,2025-06-03,4885,4738,0.0
273,2025-06-04,4794,4686,0.0
274,2025-04-24,7703,7671,0.0
274,2025-04-25,7029,7074,0.0
274,2025-04-26,7009,7046,0.0
274,2025-04-27,7540,7296,0.0
274,2025-04-28,5042,7059,0.0
274,2025-04-29,4906,7353,0.0
274,2025-04-30,5052,7276,0.0
274,2025-05-01,4914,7314,0.0
274,2025-05-02,5178,7313,0.0
274,2025-05-03,5506,7665,0.0
274,2025-05-04,5330,7425,0.0
274,2025-05-05,5081,7558,0.0
274,2025-05-06,4893,7308,0.0
274,2025-05-07,4747,7427,0.0
274,2025-05-08,4741,7095,0.0
274,2025-05-09,5134,7644,0.0
274,2025-05-10,4610,7160,0.0
274,2025-05-11,5144,7733,0.0
274,2025-05-12,4703,7200,0.0
274,2025-05-13,4719,7062,0.0
274,2025-05-14,4745,7299,0.0
274,2025-05-15,4995,7445,0.0
274,2025-05-16,4586,7114,0.0
274,2025-05-17,5339,7674,0.0
274,2025-05-18,5096,7552,0.0
274,2025-05-19,5060,7627,0.0
274,2025-05-20,5069,7293,0.0
274,2025-05-21,4900,7232,0.0
274,2025-05-22,5122,7563,0.0
274,2025-05-23,5064,7455,0.0
274,2025-05-24,4801,7153,0.0
274,2025-05-25,5266,7693,0.0
274,2025-05-26,4581,7127,0.0
274,2025-05-27,4961,7199,0.0
274,2025-05-28,4863,7428,0.0
274,2025-05-29,5040,7142,0.0
274,2025-05-30,5326,7608,0.0
274,2025-05-31,5106,7319,0.0
274,2025-06-01,4548,7010,0.0
274,2025-06-02,4770,7363,0.0
274,2025-06-03,5156,7684,0.0
274,2025-06-04,4965,7089,0.0
275,2025-04-24,3000,3009,0.0
275,2025-04-25,2817,2755,0.0
275,2025-04-26,3059,2977,0.0
275,2025-04-27,2975,3015,0.0
275,2025-04-28,3016,2970,0.0
275,2025-04-29,2815,2829,0.0
275,2025-04-30,2803,2730,0.0
275,2025-05-01,2848,2779,0.0
275,2025-05-02,2701,2783,0.0
275,2025-05-03,2785,2788,0.0
275,2025-05-04,2931,2870,0.0
275,2025-05-05,2895,2907,0.0
275,2025-05-06,2920,2949,0.0
275,2025-05-07,2978,2959,0.0
275,2025-05-08,2730,2815,0.0
275,2025-05-09,2920,3009,0.0
275,2025-05-10,2893,2975,0.0
275,2025-05-11,2735,2788,0.0
275,2025-05-12,2725,2766,0.0
275,2025-05-13,2844,2779,0.0
275,2025-05-14,2981,2978,0.0
275,2025-05-15,2898,2789,0.0
275,2025-05-16,2836,2766,0.0
275,2025-05-17,3016,2955,0.0
275,2025-05-18,2831,2752,0.0
275,2025-05-19,2954,2928,0.0
275,2025-05-20,2948,3007,0.0
275,2025-05-21,2966,2884,0.0
275,2025-05-22,2904,2853,0.0
275,2025-05-23,3012,2931,0.0
275,2025-05-24,2905,2874,0.0
275,2025-05-25,3124,3007,0.0
275,2025-05-26,2938,2891,0.0
275,2025-05-27,2869,2916,0.0
275,2025-05-28,2793,2748,0.0
275,2025-05-29,2851,2918,0.0
275,2025-05-30,2893,2948,0.0
275,2025-05-31,2965,2958,0.0
275,2025-06-01,2915,2999,0.0
275,2025-06-02,2892,2851,0.0
275,2025-06-03,2834,2842,0.0
275,2025-06-04,2965,2906,0.0
276,2025-04-24,4613,4597,0.0
276,2025-04-25,4505,4437,0.0
276,2025-04-26,4679,4514,0.0
276,2025-04-27,4545,4518,0.0
276,2025-04-28,4733,4813,0.0
276,2025-04-29,4406,4387,0.0
276,2025-04-30,4585,4669,0.0
276,2025-05-01,4769,4820,0.0
276,2025-05-02,4718,4589,0.0
276,2025-05-03,4586,4655,0.0
276,2025-05-04,4629,4705,0.0
276,2025-05-05,4506,4435,0.0
276,2025-05-06,4465,4522,0.0
276,2025-05-07,4703,4570,0.0
276,2025-05-08,4636,4554,0.0
276,2025-05-09,4761,4631,0.0
276,2025-05-10,4709,4738,0.0
276,2025-05-11,4831,4700,0.0
276,2025-05-12,4429,4549,0.0
276,2025-05-13,4400,4392,0.0
276,2025-05-14,4533,4422,0.0
276,2025-05-15,4683,4547,0.0
276,2025-05-16,4661,4754,0.0
276,2025-05-17,4793,4729,0.0
276,2025-05-18,4650,4594,0.0
276,2025-05-19,4607,4696,0.0
276,2025-05-20,4638,4473,0.0
276,2025-05-21,4465,4442,0.0
276,2025-05-22,4552,4692,0.0
276,2025-05-23,4459,4491,0.0
276,2025-05-24,4604,4592,0.0
276,2025-05-25,4355,4405,0.0
276,2025-05-26,4394,4403,0.0
276,2025-05-27,4702,4566,0.0
276,2025-05-28,4554,4427,0.0
276,2025-05-29,4587,4440,0.0
276,2025-05-30,4700,4799,0.0
276,2025-05-31,4513,4414,0.0
276,2025-06-01,4558,4515,0.0
276,2025-06-02,4737,4791,0.0
276,2025-06-03,4447,4375,0.0
276,2025-06-04,4556,4424,0.0
277,2025-04-24,5246,5292,0.0
277,2025-04-25,5059,5006,0.0
277,2025-04-26,5323,5235,0.0
277,2025-04-27,5229,5293,0.0
277,2025-04-28,5290,5280,0.0
277,2025-04-29,5501,5295,0.0
277,2025-04-30,5174,5305,0.0
277,2025-05-01,5303,5128,0.0
277,2025-05-02,5177,5174,0.0
277,2025-05-03,5080,5231,0.0
277,2025-05-04,5026,4872,0.0
277,2025-05-05,5461,5289,0.0
277,2025-05-06,5255,5158,0.0
277,2025-05-07,5341,5235,0.0
277,2025-05-08,4957,4927,0.0
277,2025-05-09,5129,5210,0.0
277,2025-05-10,5455,5255,0.0
277,2025-05-11,5308,5332,0.0
277,2025-05-12,5006,4950,0.0
277,2025-05-13,5467,5326,0.0
277,2025-05-14,5052,5000,0.0
277,2025-05-15,4991,5089,0.0
277,2025-05-16,4903,4908,0.0
277,2025-05-17,5323,5197,0.0
277,2025-05-18,5208,5215,0.0
277,2025-05-19,4896,4875,0.0
277,2025-05-20,5098,4924,0.0
277,2025-05-21,4950,4869,0.0
277,2025-05-22,5117,4968,0.0
277,2025-05-23,5035,4964,0.0
277,2025-05-24,5080,4905,0.0
277,2025-05-25,4736,4860,0.0
277,2025-05-26,5345,5170,0.0
277,2025-05-27,5086,5098,0.0
277,2025-05-28,5275,5080,0.0
277,2025-05-29,5134,4956,0.0
277,2025-05-30,5010,5005,0.0
277,2025-05-31,4906,4969,0.0
277,2025-06-01,5203,5039,0.0
277,2025-06-02,5108,5089,0.0
277,2025-06-03,5057,5176,0.0
277,2025-06-04,4910,5061,0.0
278,2025-04-24,5767,5600,0.0
278,2025-04-25,5751,5809,0.0
278,2025-04-26,5462,5554,0.0
278,2025-04-27,5523,5504,0.0
278,2025-04-28,5563,5578,0.0
278,2025-04-29,5432,5368,0.0
278,2025-04-30,5589,5660,0.0
278,2025-05-01,5807,5742,0.0
278,2025-05-02,5843,5879,0.0
278,2025-05-03,5877,5692,0.0
278,2025-05-04,5895,5868,0.0
278,2025-05-05,5462,5354,0.0
278,2025-05-06,5837,5868,0.0
278,2025-05-07,5395,5395,0.0
278,2025-05-08,5673,5511,0.0
278,2025-05-09,5610,5402,0.0
278,2025-05-10,5485,5424,0.0
278,2025-05-11,5720,5561,0.0
278,2025-05-12,5830,5877,0.0
278,2025-05-13,5969,5827,0.0
278,2025-05-14,5743,5642,0.0
278,2025-05-15,5530,5497,0.0
278,2025-05-16,5932,5763,0.0
278,2025-05-17,5774,5792,0.0
278,2025-05-18,5657,5587,0.0
278,2025-05-19,5462,5348,0.0
278,2025-05-20,5509,5651,0.0
278,2025-05-21,5671,5824,0.0
278,2025-05-22,5293,5443,0.0
278,2025-05-23,5535,5505,0.0
278,2025-05-24,5825,5840,0.0
278,2025-05-25,5790,5679,0.0
278,2025-05-26,5599,5484,0.0
278,2025-05-27,5915,5748,0.0
278,2025-05-28,5569,5647,0.0
278,2025-05-29,5849,5636,0.0
278,2025-05-30,5385,5444,0.0
278,2025-05-31,5560,5504,0.0
278,2025-06-01,5662,5605,0.0
278,2025-06-02,5441,5406,0.0
278,2025-06-03,5248,5333,0.0
278,2025-06-04,5792,5848,0.0
279,2025-04-24,3879,3849,0.0
279,2025-04-25,3916,3819,0.0
279,2025-04-26,3843,3790,0.0
279,2025-04-27,4129,3980,0.0
279,2025-04-28,3938,4048,0.0
279,2025-04-29,4138,4089,0.0
279,2025-04-30,3752,3865,0.0
279,2025-05-01,3924,3861,0.0
279,2025-05-02,3980,3873,0.0
279,2025-05-03,4001,3996,0.0
279,2025-05-04,3867,3764,0.0
279,2025-05-05,4122,4050,0.0
279,2025-05-06,3889,3970,0.0
279,2025-05-07,4097,4018,0.0
279,2025-05-08,4055,3903,0.0
279,2025-05-09,4142,4142,0.0
279,2025-05-10,3803,3815,0.0
279,2025-05-11,4060,3977,0.0
279,2025-05-12,4110,4142,0.0
279,2025-05-13,3733,3829,0.0
279,2025-05-14,4013,3872,0.0
279,2025-05-15,4032,3972,0.0
279,2025-05-16,4042,3935,0.0
279,2025-05-17,3874,3932,0.0
279,2025-05-18,3987,4026,0.0
279,2025-05-19,3893,3958,0.0
279,2025-05-20,3932,3910,0.0
279,2025-05-21,3972,4048,0.0
279,2025-05-22,4066,4000,0.0
279,2025-05-23,4199,4073,0.0
279,2025-05-24,3895,3821,0.0
279,2025-05-25,3932,3845,0.0
279,2025-05-26,3682,3751,0.0
279,2025-05-27,4029,4118,0.0
279,2025-05-28,4003,3967,0.0
279,2025-05-29,3754,3838,0.0
279,2025-05-30,3896,3780,0.0
279,2025-05-31,3924,3913,0.0
279,2025-06-01,4052,4077,0.0
279,2025-06-02,3921,3928,0.0
279,2025-06-03,3707,3803,0.0
279,2025-06-04,4173,4094,0.0
280,2025-04-24,6868,6757,0.0
280,2025-04-25,6276,6408,0.0
280,2025-04-26,6907,7006,0.0
280,2025-04-27,7096,7046,0.0
280,2025-04-28,6933,6926,0.0
280,2025-04-29,6552,6626,0.0
280,2025-04-30,7091,6996,0.0
280,2025-05-01,6855,6948,0.0
280,2025-05-02,6296,6395,0.0
280,2025-05-03,6746,6742,0.0
280,2025-05-04,6816,6972,0.0
280,2025-05-05,6772,6897,0.0
280,2025-05-06,7031,7010,0.0
280,2025-05-07,6592,6616,0.0
280,2025-05-08,6632,6429,0.0
280,2025-05-09,6802,6575,0.0
280,2025-05-10,6899,6706,0.0
280,2025-05-11,6551,6630,0.0
280,2025-05-12,6716,6594,0.0
280,2025-05-13,6532,6625,0.0
280,2025-05-14,6566,6684,0.0
280,2025-05-15,6865,6928,0.0
280,2025-05-16,7146,7024,0.0
280,2025-05-17,6524,6484,0.0
280,2025-05-18,6673,6480,0.0
280,2025-05-19,6948,6953,0.0
280,2025-05-20,7122,7036,0.0
280,2025-05-21,7070,6935,0.0
280,2025-05-22,6427,6456,0.0
280,2025-05-23,7177,6936,0.0
280,2025-05-24,6623,6677,0.0
280,2025-05-25,7139,6915,0.0
280,2025-05-26,6670,6617,0.0
280,2025-05-27,6622,6673,0.0
280,2025-05-28,6862,6718,0.0
280,2025-05-29,6451,6633,0.0
280,2025-05-30,7003,6891,0.0
280,2025-05-31,6941,6744,0.0
280,2025-06-01,7008,6752,0.0
280,2025-06-02,6561,6527,0.0
280,2025-06-03,6606,6778,0.0
280,2025-06-04,6524,6603,0.0
281,2025-04-24,49596,48474,0.0
281,2025-04-25,50086,51444,0.0
281,2025-04-26,49671,48593,0.0
281,2025-04-27,47285,47914,0.0
281,2025-04-28,47437,48378,0.0
281,2025-04-29,48037,48271,0.0
281,2025-04-30,46034,47275,0.0
281,2025-05-01,52032,50460,0.0
281,2025-05-02,51829,50043,0.0
281,2025-05-03,47281,46931,0.0
281,2025-05-04,52997,51640,0.0
281,2025-05-05,52492,51376,0.0
281,2025-05-06,49997,50177,0.0
281,2025-05-07,47557,47687,0.0
281,2025-05-08,50302,50013,0.0
281,2025-05-09,50646,50526,0.0
281,2025-05-10,48767,47782,0.0
281,2025-05-11,48477,49211,0.0
281,2025-05-12,50558,50110,0.0
281,2025-05-13,49537,49085,0.0
281,2025-05-14,48651,49494,0.0
281,2025-05-15,53007,51426,0.0
281,2025-05-16,49500,50467,0.0
281,2025-05-17,49610,50814,0.0
281,2025-05-18,52136,50358,0.0
281,2025-05-19,47966,46899,0.0
281,2025-05-20,50777,48828,0.0
281,2025-05-21,48996,48132,0.0
281,2025-05-22,50319,48674,0.0
281,2025-05-23,50519,51057,0.0
281,2025-05-24,50928,51325,0.0
281,2025-05-25,48931,47316,0.0
281,2025-05-26,46770,48040,0.0
281,2025-05-27,49918,51359,0.0
281,2025-05-28,48280,49238,0.0
281,2025-05-29,49477,49917,0.0
281,2025-05-30,50973,50909,0.0
281,2025-05-31,48915,49081,0.0
281,2025-06-01,51048,49778,0.0
281,2025-06-02,46885,47855,0.0
281,2025-06-03,48395,47189,0.0
281,2025-06-04,50351,48907,0.0
282,2025-04-24,5263,5224,0.0
282,2025-04-25,5323,5132,0.0
282,2025-04-26,5050,5047,0.0
282,2025-04-27,5552,5456,0.0
282,2025-04-28,5297,5113,0.0
282,2025-04-29,4963,5110,0.0
282,2025-04-30,2538,5253,0.0
282,2025-05-01,2679,5439,0.0
282,2025-05-02,2612,5229,0.0
282,2025-05-03,2776,5371,0.0
282,2025-05-04,2455,5062,0.0
282,2025-05-05,2382,5029,0.0
282,2025-05-06,2584,5225,0.0
282,2025-05-07,2388,5104,0.0
282,2025-05-08,2664,5492,0.0
282,2025-05-09,2474,5028,0.0
282,2025-05-10,2790,5391,0.0
282,2025-05-11,2595,5342,0.0
282,2025-05-12,2682,5448,0.0
282,2025-05-13,2729,5373,0.0
282,2025-05-14,2422,5063,0.0
282,2025-05-15,2544,5447,0.0
282,2025-05-16,2604,5471,0.0
282,2025-05-17,5580,5474,0.0
282,2025-05-18,5231,5141,0.0
282,2025-05-19,5270,5397,0.0
282,2025-05-20,5321,5226,0.0
282,2025-05-21,5148,5219,0.0
282,2025-05-22,5323,5418,0.0
282,2025-05-23,5061,5165,0.0
282,2025-05-24,5330,5182,0.0
282,2025-05-25,4973,5022,0.0
282,2025-05-26,5336,5260,0.0
282,2025-05-27,5656,5471,0.0
282,2025-05-28,5088,5106,0.0
282,2025-05-29,5111,5060,0.0
282,2025-05-30,5508,5355,0.0
282,2025-05-31,5329,5299,0.0
282,2025-06-01,5095,5223,0.0
282,2025-06-02,5442,5239,0.0
282,2025-06-03,5224,5369,0.0
282,2025-06-04,5336,5478,0.0
283,2025-04-24,5272,5107,0.0
283,2025-04-25,5345,5285,0.0
283,2025-04-26,5277,5272,0.0
283,2025-04-27,5185,5220,0.0
283,2025-04-28,5080,5008,0.0
283,2025-04-29,5293,5151,0.0
283,2025-04-30,5571,5423,0.0
283,2025-05-01,5398,5456,0.0
283,2025-05-02,5275,5280,0.0
283,2025-05-03,5144,5103,0.0
283,2025-05-04,5620,5409,0.0
283,2025-05-05,5306,5385,0.0
283,2025-05-06,5352,5178,0.0
283,2025-05-07,4914,5046,0.0
283,2025-05-08,5122,5033,0.0
283,2025-05-09,5147,5227,0.0
283,2025-05-10,5008,5092,0.0
283,2025-05-11,5323,5389,0.0
283,2025-05-12,5382,5370,0.0
283,2025-05-13,5035,4961,0.0
283,2025-05-14,5054,5042,0.0
283,2025-05-15,4996,4966,0.0
283,2025-05-16,5228,5297,0.0
283,2025-05-17,5493,5286,0.0
283,2025-05-18,5511,5391,0.0
283,2025-05-19,5003,5002,0.0
283,2025-05-20,5114,5075,0.0
283,2025-05-21,4984,5057,0.0
283,2025-05-22,5236,5351,0.0
283,2025-05-23,5189,5253,0.0
283,2025-05-24,5046,5086,0.0
283,2025-05-25,5176,5042,0.0
283,2025-05-26,5590,5405,0.0
283,2025-05-27,5201,5106,0.0
283,2025-05-28,5162,5046,0.0
283,2025-05-29,5202,5361,0.0
283,2025-05-30,5332,5303,0.0
283,2025-05-31,5182,5139,0.0
283,2025-06-01,5056,4978,0.0
283,2025-06-02,5534,5474,0.0
283,2025-06-03,4984,5011,0.0
283,2025-06-04,5162,5158,0.0
284,2025-04-24,20266,20888,0.0
284,2025-04-25,19779,20161,0.0
284,2025-04-26,20490,20874,0.0
284,2025-04-27,21069,20464,0.0
284,2025-04-28,19470,19404,0.0
284,2025-04-29,19892,19505,0.0
284,2025-04-30,19729,19076,0.0
284,2025-05-01,20165,19538,0.0
284,2025-05-02,20042,20582,0.0
284,2025-05-03,19636,19286,0.0
284,2025-05-04,19908,20457,0.0
284,2025-05-05,20228,20147,0.0
284,2025-05-06,21075,20522,0.0
284,2025-05-07,19152,19409,0.0
284,2025-05-08,20266,19539,0.0
284,2025-05-09,21287,20807,0.0
284,2025-05-10,21077,20304,0.0
284,2025-05-11,19952,20231,0.0
284,2025-05-12,19268,19369,0.0
284,2025-05-13,19691,19480,0.0
284,2025-05-14,20653,20071,0.0
284,2025-05-15,19894,19996,0.0
284,2025-05-16,20567,20915,0.0
284,2025-05-17,20360,20227,0.0
284,2025-05-18,20059,19523,0.0
284,2025-05-19,19415,19439,0.0
284,2025-05-20,19817,20243,0.0
284,2025-05-21,15930,20569,0.0
284,2025-05-22,14441,19063,0.0
284,2025-05-23,16732,20819,0.0
284,2025-05-24,15434,19938,0.0
284,2025-05-25,14815,20115,0.0
284,2025-05-26,15429,19184,0.0
284,2025-05-27,14302,19371,0.0
284,2025-05-28,14789,19158,0.0
284,2025-05-29,15605,19913,0.0
284,2025-05-30,14985,19888,0.0
284,2025-05-31,15880,20082,0.0
284,2025-06-01,15730,19890,0.0
284,2025-06-02,15009,19451,0.0
284,2025-06-03,15072,19008,0.0
284,2025-06-04,15581,19660,0.0
285,2025-04-24,12455,12370,0.0
285,2025-04-25,12625,12400,0.0
285,2025-04-26,11786,11703,0.0
285,2025-04-27,12639,12208,0.0
285,2025-04-28,12283,12240,0.0
285,2025-04-29,11932,11792,0.0
285,2025-04-30,12265,11837,0.0
285,2025-05-01,11588,11761,0.0
285,2025-05-02,11355,11658,0.0
285,2025-05-03,12246,11870,0.0
285,2025-05-04,11060,11318,0.0
285,2025-05-05,11056,11312,0.0
285,2025-05-06,12024,12018,0.0
285,2025-05-07,11552,11494,0.0
285,2025-05-08,11798,11468,0.0
285,2025-05-09,12525,12434,0.0
285,2025-05-10,11471,11316,0.0
285,2025-05-11,11431,11604,0.0
285,2025-05-12,11736,11789,0.0
285,2025-05-13,11788,12034,0.0
285,2025-05-14,12118,11886,0.0
285,2025-05-15,11478,11468,0.0
285,2025-05-16,12213,11809,0.0
285,2025-05-17,11859,11976,0.0
285,2025-05-18,11784,12104,0.0
285,2025-05-19,11277,11544,0.0
285,2025-05-20,11425,11393,0.0
285,2025-05-21,11529,11622,0.0
285,2025-05-22,11564,11390,0.0
285,2025-05-23,11815,11891,0.0
285,2025-05-24,11865,11497,0.0
285,2025-05-25,12787,12438,0.0
285,2025-05-26,11873,12041,0.0
285,2025-05-27,12085,12449,0.0
285,2025-05-28,12010,11736,0.0
285,2025-05-29,11609,11472,0.0
285,2025-05-30,12553,12321,0.0
285,2025-05-31,11760,12088,0.0
285,2025-06-01,11980,11534,0.0
285,2025-06-02,12119,11976,0.0
285,2025-06-03,11623,11592,0.0
285,2025-06-04,11565,11346,0.0
286,2025-04-24,3213,3293,0.0
286,2025-04-25,3403,3363,0.0
286,2025-04-26,3380,3410,0.0
286,2025-04-27,3214,3250,0.0
286,2025-04-28,3360,3304,0.0
286,2025-04-29,3195,3103,0.0
286,2025-04-30,3480,3401,0.0
286,2025-05-01,3318,3411,0.0
286,2025-05-02,3119,3113,0.0
286,2025-05-03,3331,3359,0.0
286,2025-05-04,3361,3371,0.0
286,2025-05-05,3433,3399,0.0
286,2025-05-06,3171,3216,0.0
286,2025-05-07,3177,3101,0.0
286,2025-05-08,3262,3315,0.0
286,2025-05-09,3151,3244,0.0
286,2025-05-10,3330,3222,0.0
286,2025-05-11,3439,3329,0.0
286,2025-05-12,3035,3108,0.0
286,2025-05-13,3192,3098,0.0
286,2025-05-14,3409,3321,0.0
286,2025-05-15,3395,3379,0.0
286,2025-05-16,3299,3299,0.0
286,2025-05-17,3201,3101,0.0
286,2025-05-18,3489,3388,0.0
286,2025-05-19,3472,3383,0.0
286,2025-05-20,3366,3349,0.0
286,2025-05-21,3245,3239,0.0
286,2025-05-22,3241,3325,0.0
286,2025-05-23,3399,3279,0.0
286,2025-05-24,2103,3195,0.0
286,2025-05-25,2180,3167,0.0
286,2025-05-26,2239,3340,0.0
286,2025-05-27,2096,3177,0.0
286,2025-05-28,2332,3234,0.0
286,2025-05-29,2313,3323,0.0
286,2025-05-30,2328,3388,0.0
286,2025-05-31,2341,3216,0.0
286,2025-06-01,2379,3317,0.0
286,2025-06-02,2165,3113,0.0
286,2025-06-03,2458,3365,0.0
286,2025-06-04,2186,3129,0.0
287,2025-04-24,10174,9883,0.0
287,2025-04-25,10106,9970,0.0
287,2025-04-26,10087,10031,0.0
287,2025-04-27,9529,9709,0.0
287,2025-04-28,9373,9215,0.0
287,2025-04-29,9467,9178,0.0
287,2025-04-30,9314,9249,0.0
287,2025-05-01,9989,9806,0.0
287,2025-05-02,9562,9475,0.0
287,2025-05-03,9560,9601,0.0
287,2025-05-04,9694,9833,0.0
287,2025-05-05,9490,9592,0.0
287,2025-05-06,9264,9272,0.0
287,2025-05-07,9624,9698,0.0
287,2025-05-08,9522,9174,0.0
287,2025-05-09,9835,9572,0.0
287,2025-05-10,9526,9399,0.0
287,2025-05-11,10124,10041,0.0
287,2025-05-12,9644,9875,0.0
287,2025-05-13,8935,9210,0.0
287,2025-05-14,9384,9188,0.0
287,2025-05-15,9558,9548,0.0
287,2025-05-16,9705,9899,0.0
287,2025-05-17,9566,9202,0.0
287,2025-05-18,10082,10087,0.0
287,2025-05-19,9625,9894,0.0
287,2025-05-20,9422,9306,0.0
287,2025-05-21,9854,9867,0.0
287,2025-05-22,9522,9694,0.0
287,2025-05-23,9625,9471,0.0
287,2025-05-24,9537,9301,0.0
287,2025-05-25,10211,9869,0.0
287,2025-05-26,9604,9720,0.0
287,2025-05-27,9985,9946,0.0
287,2025-05-28,10135,10016,0.0
287,2025-05-29,9883,9921,0.0
287,2025-05-30,9873,9728,0.0
287,2025-05-31,10117,9936,0.0
287,2025-06-01,9932,9947,0.0
287,2025-06-02,9348,9419,0.0
287,2025-06-03,9708,9506,0.0
287,2025-06-04,9915,9598,0.0
288,2025-04-24,3532,3500,0.0
288,2025-04-25,3473,3416,0.0
288,2025-04-26,3457,3335,0.0
288,2025-04-27,3112,3193,0.0
288,2025-04-28,3297,3236,0.0
288,2025-04-29,3443,3406,0.0
288,2025-04-30,3394,3412,0.0
288,2025-05-01,3230,3317,0.0
288,2025-05-02,3415,3327,0.0
288,2025-05-03,3267,3238,0.0
288,2025-05-04,3423,3430,0.0
288,2025-05-05,3196,3270,0.0
288,2025-05-06,3134,3180,0.0
288,2025-05-07,3392,3482,0.0
288,2025-05-08,3472,3492,0.0
288,2025-05-09,3186,3271,0.0
288,2025-05-10,3155,3207,0.0
288,2025-05-11,3517,3456,0.0
288,2025-05-12,3231,3223,0.0
288,2025-05-13,3250,3173,0.0
288,2025-05-14,3153,3225,0.0
288,2025-05-15,3509,3505,0.0
288,2025-05-16,3401,3330,0.0
288,2025-05-17,3246,3244,0.0
288,2025-05-18,3293,3176,0.0
288,2025-05-19,3534,3428,0.0
288,2025-05-20,3346,3406,0.0
288,2025-05-21,3349,3414,0.0
288,2025-05-22,3519,3403,0.0
288,2025-05-23,3304,3356,0.0
288,2025-05-24,3397,3477,0.0
288,2025-05-25,3301,3306,0.0
288,2025-05-26,3342,3229,0.0
288,2025-05-27,3286,3185,0.0
288,2025-05-28,3349,3278,0.0
288,2025-05-29,2016,3306,0.0
288,2025-05-30,1990,3251,0.0
288,2025-05-31,1834,3344,0.0
288,2025-06-01,2001,3264,0.0
288,2025-06-02,1896,3285,0.0
288,2025-06-03,1789,3268,0.0
288,2025-06-04,2102,3504,0.0
289,2025-04-24,32236,31036,0.0
289,2025-04-25,32592,32161,0.0
289,2025-04-26,33223,33477,0.0
289,2025-04-27,32008,31491,0.0
289,2025-04-28,30571,30986,0.0
289,2025-04-29,32870,31626,0.0
289,2025-04-30,32755,33396,0.0
289,2025-05-01,33165,32294,0.0
289,2025-05-02,31889,31940,0.0
289,2025-05-03,33040,33283,0.0
289,2025-05-04,33401,34049,0.0
289,2025-05-05,35103,34069,0.0
289,2025-05-06,32952,33170,0.0
289,2025-05-07,32464,32302,0.0
289,2025-05-08,31192,30929,0.0
289,2025-05-09,33202,34063,0.0
289,2025-05-10,33552,32363,0.0
289,2025-05-11,32932,33412,0.0
289,2025-05-12,34238,33931,0.0
289,2025-05-13,31951,32050,0.0
289,2025-05-14,18200,31248,0.0
289,2025-05-15,16788,32021,4.5
289,2025-05-16,19535,32074,0.0
289,2025-05-17,19847,32104,0.0
289,2025-05-18,20659,33782,0.0
289,2025-05-19,19355,33402,0.0
289,2025-05-20,20389,32784,0.0
289,2025-05-21,20463,32806,0.0
289,2025-05-22,20459,31924,0.0
289,2025-05-23,18787,32188,0.0
289,2025-05-24,18461,32135,0.0
289,2025-05-25,19320,31094,0.0
289,2025-05-26,14982,33727,7.4
289,2025-05-27,19998,31136,0.0
289,2025-05-28,19791,32584,0.0
289,2025-05-29,19780,33605,0.0
289,2025-05-30,20050,31758,0.0
289,2025-05-31,20200,31977,0.0
289,2025-06-01,20463,32920,0.0
289,2025-06-02,19470,31254,0.0
289,2025-06-03,18806,31180,0.0
289,2025-06-04,19165,31930,0.0
290,2025-04-24,2538,2451,0.0
290,2025-04-25,2339,2339,0.0
290,2025-04-26,2248,2293,0.0
290,2025-04-27,2518,2447,0.0
290,2025-04-28,2524,2443,0.0
290,2025-04-29,2354,2420,0.0
290,2025-04-30,2436,2495,0.0
290,2025-05-01,2331,2385,0.0
290,2025-05-02,2344,2398,0.0
290,2025-05-03,2408,2406,0.0
290,2025-05-04,2286,2270,0.0
290,2025-05-05,2471,2402,0.0
290,2025-05-06,2406,2319,0.0
290,2025-05-07,2450,2447,0.0
290,2025-05-08,2396,2418,0.0
290,2025-05-09,2495,2413,0.0
290,2025-05-10,2536,2469,0.0
290,2025-05-11,2537,2472,0.0
290,2025-05-12,2389,2375,0.0
290,2025-05-13,2399,2319,0.0
290,2025-05-14,2432,2383,0.0
290,2025-05-15,2313,2382,0.0
290,2025-05-16,2467,2404,0.0
290,2025-05-17,2390,2462,0.0
290,2025-05-18,2460,2380,0.0
290,2025-05-19,2342,2323,0.0
290,2025-05-20,2287,2326,0.0
290,2025-05-21,2407,2340,0.0
290,2025-05-22,2390,2459,0.0
290,2025-05-23,2377,2431,0.0
290,2025-05-24,2286,2349,0.0
290,2025-05-25,2396,2312,0.0
290,2025-05-26,2471,2383,0.0
290,2025-05-27,2427,2362,0.0
290,2025-05-28,2462,2400,0.0
290,2025-05-29,2523,2488,0.0
290,2025-05-30,2558,2497,0.0
290,2025-05-31,2369,2426,0.0
290,2025-06-01,2382,2359,0.0
290,2025-06-02,2568,2488,0.0
290,2025-06-03,2414,2476,0.0
290,2025-06-04,2553,2475,0.0
291,2025-04-24,9717,9367,0.0
291,2025-04-25,8958,8746,0.0
291,2025-04-26,9051,9255,0.0
291,2025-04-27,9114,8930,0.0
291,2025-04-28,8846,8788,0.0
291,2025-04-29,8873,8662,0.0
291,2025-04-30,9099,8858,0.0
291,2025-05-01,9174,9123,0.0
291,2025-05-02,9407,9145,0.0
291,2025-05-03,9069,8906,0.0
291,2025-05-04,8553,8771,0.0
291,2025-05-05,8868,9140,0.0
291,2025-05-06,8553,8818,0.0
291,2025-05-07,9034,8851,0.0
291,2025-05-08,8996,8994,0.0
291,2025-05-09,9227,9064,0.0
291,2025-05-10,9012,8724,0.0
291,2025-05-11,8931,8937,0.0
291,2025-05-12,9728,9449,0.0
291,2025-05-13,8932,8807,0.0
291,2025-05-14,9044,9136,0.0
291,2025-05-15,8616,8667,0.0
291,2025-05-16,8947,9070,0.0
291,2025-05-17,9129,8974,0.0
291,2025-05-18,9114,8976,0.0
291,2025-05-19,9045,9094,0.0
291,2025-05-20,9087,9272,0.0
291,2025-05-21,9742,9411,0.0
291,2025-05-22,9262,9420,0.0
291,2025-05-23,9606,9383,0.0
291,2025-05-24,9248,9519,0.0
291,2025-05-25,9797,9425,0.0
291,2025-05-26,9467,9116,0.0
291,2025-05-27,8883,8846,0.0
291,2025-05-28,9297,8990,0.0
291,2025-05-29,9521,9222,0.0
291,2025-05-30,9445,9354,0.0
291,2025-05-31,9259,8944,0.0
291,2025-06-01,8995,9109,0.0
291,2025-06-02,9090,9292,0.0
291,2025-06-03,9561,9391,0.0
291,2025-06-04,8696,8838,0.0
292,2025-04-24,35572,36577,0.0
292,2025-04-25,37800,36803,0.0
292,2025-04-26,38245,37690,0.0
292,2025-04-27,37979,37671,0.0
292,2025-04-28,36953,38055,0.0
292,2025-04-29,36891,36421,0.0
292,2025-04-30,39260,38801,0.0
292,2025-05-01,36383,36366,0.0
292,2025-05-02,36342,36064,0.0
292,2025-05-03,38918,39160,0.0
292,2025-05-04,37934,38535,0.0
292,2025-05-05,40957,39384,0.0
292,2025-05-06,37973,37863,0.0
292,2025-05-07,37687,36358,0.0
292,2025-05-08,40313,38951,0.0
292,2025-05-09,36298,36083,0.0
292,2025-05-10,26039,39414,0.0
292,2025-05-11,26019,37117,0.0
292,2025-05-12,24745,37207,0.0
292,2025-05-13,25393,37463,0.0
292,2025-05-14,26111,36796,0.0
292,2025-05-15,26651,36813,0.0
292,2025-05-16,25443,38548,0.0
292,2025-05-17,25866,38387,0.0
292,2025-05-18,26387,38247,0.0
292,2025-05-19,26273,37909,0.0
292,2025-05-20,22738,39363,4.4
292,2025-05-21,26476,38141,0.0
292,2025-05-22,25767,36119,0.0
292,2025-05-23,23566,35757,0.0
292,2025-05-24,26010,38543,0.0
292,2025-05-25,23941,35819,0.0
292,2025-05-26,20164,37542,5.4
292,2025-05-27,24981,36586,0.0
292,2025-05-28,26370,36815,0.0
292,2025-05-29,24582,36602,0.0
292,2025-05-30,24099,36234,0.0
292,2025-05-31,26029,37449,0.0
292,2025-06-01,25683,37114,0.0
292,2025-06-02,25986,39497,0.0
292,2025-06-03,27237,39053,0.0
292,2025-06-04,25984,39235,0.0
293,2025-04-24,30114,30107,0.0
293,2025-04-25,30210,30724,0.0
293,2025-04-26,32311,31684,0.0
293,2025-04-27,31103,30937,0.0
293,2025-04-28,31424,32359,0.0
293,2025-04-29,32917,32840,0.0
293,2025-04-30,33468,32434,0.0
293,2025-05-01,33031,32497,0.0
293,2025-05-02,30858,30174,0.0
293,2025-05-03,32894,32278,0.0
293,2025-05-04,32016,31659,0.0
293,2025-05-05,30626,30169,0.0
293,2025-05-06,32072,30977,0.0
293,2025-05-07,32077,32097,0.0
293,2025-05-08,31265,30912,0.0
293,2025-05-09,31461,31425,0.0
293,2025-05-10,32299,33135,0.0
293,2025-05-11,31447,30677,0.0
293,2025-05-12,33879,32754,0.0
293,2025-05-13,32033,32266,0.0
293,2025-05-14,32247,32476,0.0
293,2025-05-15,31514,30359,0.0
293,2025-05-16,31226,30543,0.0
293,2025-05-17,31771,31987,0.0
293,2025-05-18,30354,30672,0.0
293,2025-05-19,31249,31263,0.0
293,2025-05-20,32923,31839,0.0
293,2025-05-21,32243,32415,0.0
293,2025-05-22,31982,31555,0.0
293,2025-05-23,21879,31509,0.0
293,2025-05-24,22921,32729,0.0
293,2025-05-25,22285,32264,0.0
293,2025-05-26,22911,30305,0.0
293,2025-05-27,22872,31285,0.0
293,2025-05-28,21153,30572,0.0
293,2025-05-29,17823,30337,4.9
293,2025-05-30,24433,32400,0.0
293,2025-05-31,21872,30307,0.0
293,2025-06-01,24262,32538,0.0
293,2025-06-02,22172,32249,0.0
293,2025-06-03,23106,32190,0.0
293,2025-06-04,22800,32078,0.0
294,2025-04-24,28504,28024,0.0
294,2025-04-25,28450,27880,0.0
294,2025-04-26,27918,28074,0.0
294,2025-04-27,27527,26800,0.0
294,2025-04-28,27621,26570,0.0
294,2025-04-29,28376,28305,0.0
294,2025-04-30,29090,28641,0.0
294,2025-05-01,27522,26901,0.0
294,2025-05-02,27289,27283,0.0
294,2025-05-03,27586,27480,0.0
294,2025-05-04,29106,28520,0.0
294,2025-05-05,27946,27177,0.0
294,2025-05-06,26624,26823,0.0
294,2025-05-07,27786,28040,0.0
294,2025-05-08,25636,26255,0.0
294,2025-05-09,28015,28726,0.0
294,2025-05-10,27143,26334,0.0
294,2025-05-11,27402,28077,0.0
294,2025-05-12,27793,28580,0.0
294,2025-05-13,28137,28208,0.0
294,2025-05-14,29220,28552,0.0
294,2025-05-15,28031,28586,0.0
294,2025-05-16,25953,26583,0.0
294,2025-05-17,26626,26888,0.0
294,2025-05-18,28632,28489,0.0
294,2025-05-19,27430,26854,0.0
294,2025-05-20,28355,28822,0.0
294,2025-05-21,28513,28228,0.0
294,2025-05-22,27285,27483,0.0
294,2025-05-23,26732,26824,0.0
294,2025-05-24,27889,27800,0.0
294,2025-05-25,26909,27631,0.0
294,2025-05-26,27497,27897,0.0
294,2025-05-27,27772,26993,0.0
294,2025-05-28,29567,28919,0.0
294,2025-05-29,26962,26496,0.0
294,2025-05-30,28342,27931,0.0
294,2025-05-31,27361,26906,0.0
294,2025-06-01,28562,28630,0.0
294,2025-06-02,27993,28181,0.0
294,2025-06-03,28658,28358,0.0
294,2025-06-04,27210,27924,0.0
295,2025-04-24,9268,9328,0.0
295,2025-04-25,9408,9427,0.0
295,2025-04-26,8654,8883,0.0
295,2025-04-27,9143,9168,0.0
295,2025-04-28,9214,9419,0.0
295,2025-04-29,8556,8599,0.0
295,2025-04-30,8823,8930,0.0
295,2025-05-01,9216,9195,0.0
295,2025-05-02,9510,9169,0.0
295,2025-05-03,9455,9312,0.0
295,2025-05-04,9238,8980,0.0
295,2025-05-05,8977,9195,0.0
295,2025-05-06,9262,9305,0.0
295,2025-05-07,9526,9314,0.0
295,2025-05-08,9119,8957,0.0
295,2025-05-09,9261,9132,0.0
295,2025-05-10,8789,8903,0.0
295,2025-05-11,9278,8963,0.0
295,2025-05-12,8797,8676,0.0
295,2025-05-13,9044,8814,0.0
295,2025-05-14,9081,8882,0.0
295,2025-05-15,9176,9156,0.0
295,2025-05-16,8739,8797,0.0
295,2025-05-17,9276,9171,0.0
295,2025-05-18,8373,8610,0.0
295,2025-05-19,8901,9058,0.0
295,2025-05-20,9189,9077,0.0
295,2025-05-21,8720,8616,0.0
295,2025-05-22,8937,9023,0.0
295,2025-05-23,9731,9374,0.0
295,2025-05-24,8852,9120,0.0
295,2025-05-25,8812,8724,0.0
295,2025-05-26,8785,8624,0.0
295,2025-05-27,9224,8881,0.0
295,2025-05-28,9042,8953,0.0
295,2025-05-29,8447,8547,0.0
295,2025-05-30,8692,8920,0.0
295,2025-05-31,9084,9011,0.0
295,2025-06-01,8756,8978,0.0
295,2025-06-02,8442,8651,0.0
295,2025-06-03,8697,8590,0.0
295,2025-06-04,9054,9159,0.0
296,2025-04-24,21762,22334,0.0
296,2025-04-25,22575,22074,0.0
296,2025-04-26,22500,21771,0.0
296,2025-04-27,22129,22561,0.0
296,2025-04-28,21772,22238,0.0
296,2025-04-29,23336,22952,0.0
296,2025-04-30,22389,22762,0.0
296,2025-05-01,22302,22750,0.0
296,2025-05-02,21791,21521,0.0
296,2025-05-03,23042,22230,0.0
296,2025-05-04,21530,21257,0.0
296,2025-05-05,22430,22805,0.0
296,2025-05-06,22071,22100,0.0
296,2025-05-07,21861,21713,0.0
296,2025-05-08,21394,21641,0.0
296,2025-05-09,21919,22542,0.0
296,2025-05-10,22414,22706,0.0
296,2025-05-11,21770,22246,0.0
296,2025-05-12,22590,22193,0.0
296,2025-05-13,21896,21727,0.0
296,2025-05-14,23743,23112,0.0
296,2025-05-15,22262,21777,0.0
296,2025-05-16,21552,22200,0.0
296,2025-05-17,22657,22448,0.0
296,2025-05-18,22715,22104,0.0
296,2025-05-19,22401,21589,0.0
296,2025-05-20,22262,22016,0.0
296,2025-05-21,23629,23141,0.0
296,2025-05-22,23406,22767,0.0
296,2025-05-23,22068,21564,0.0
296,2025-05-24,21813,22011,0.0
296,2025-05-25,23420,23184,0.0
296,2025-05-26,23089,23007,0.0
296,2025-05-27,23678,23089,0.0
296,2025-05-28,22858,22139,0.0
296,2025-05-29,20507,21029,0.0
296,2025-05-30,22028,22244,0.0
296,2025-05-31,22913,23212,0.0
296,2025-06-01,22080,21283,0.0
296,2025-06-02,22257,22429,0.0
296,2025-06-03,21492,21950,0.0
296,2025-06-04,23132,22448,0.0
297,2025-04-24,24824,24827,0.0
297,2025-04-25,25412,25698,0.0
297,2025-04-26,24041,23944,0.0
297,2025-04-27,25213,24292,0.0
297,2025-04-28,25463,25210,0.0
297,2025-04-29,25671,24791,0.0
297,2025-04-30,23885,23592,0.0
297,2025-05-01,25109,24555,0.0
297,2025-05-02,24816,24319,0.0
297,2025-05-03,24762,24873,0.0
297,2025-05-04,25033,24659,0.0
297,2025-05-05,25515,25346,0.0
297,2025-05-06,24962,24828,0.0
297,2025-05-07,26034,25584,0.0
297,2025-05-08,25235,24476,0.0
297,2025-05-09,25004,25330,0.0
297,2025-05-10,24294,23986,0.0
297,2025-05-11,25419,25719,0.0
297,2025-05-12,26185,25657,0.0
297,2025-05-13,23810,24433,0.0
297,2025-05-14,24852,24150,0.0
297,2025-05-15,23829,23980,0.0
297,2025-05-16,24127,24046,0.0
297,2025-05-17,23767,23751,0.0
297,2025-05-18,24116,24611,0.0
297,2025-05-19,24604,24456,0.0
297,2025-05-20,25286,25367,0.0
297,2025-05-21,26259,25619,0.0
297,2025-05-22,24110,24711,0.0
297,2025-05-23,17083,24640,0.0
297,2025-05-24,16569,24575,0.0
297,2025-05-25,17742,24686,0.0
297,2025-05-26,17216,23675,0.0
297,2025-05-27,16441,24825,0.0
297,2025-05-28,16394,23433,0.0
297,2025-05-29,16171,24812,0.0
297,2025-05-30,16309,24225,0.0
297,2025-05-31,15701,23929,0.0
297,2025-06-01,16336,24259,0.0
297,2025-06-02,16339,25157,0.0
297,2025-06-03,15600,23914,0.0
297,2025-06-04,16002,23818,0.0
298,2025-04-24,11690,11707,0.0
298,2025-04-25,11510,11265,0.0
298,2025-04-26,11371,10948,0.0
298,2025-04-27,11634,11795,0.0
298,2025-04-28,12002,11611,0.0
298,2025-04-29,11375,11115,0.0
298,2025-04-30,11540,11726,0.0
298,2025-05-01,11352,11541,0.0
298,2025-05-02,11414,11269,0.0
298,2025-05-03,12074,11663,0.0
298,2025-05-04,10940,10758,0.0
298,2025-05-05,11624,11651,0.0
298,2025-05-06,11620,11560,0.0
298,2025-05-07,10949,11191,0.0
298,2025-05-08,10950,11289,0.0
298,2025-05-09,11494,11446,0.0
298,2025-05-10,11466,11305,0.0
298,2025-05-11,11228,10900,0.0
298,2025-05-12,11488,11273,0.0
298,2025-05-13,11502,11698,0.0
298,2025-05-14,10786,10789,0.0
298,2025-05-15,11646,11250,0.0
298,2025-05-16,11778,11654,0.0
298,2025-05-17,11957,11715,0.0
298,2025-05-18,11526,11200,0.0
298,2025-05-19,11591,11478,0.0
298,2025-05-20,11752,11304,0.0
298,2025-05-21,11034,11114,0.0
298,2025-05-22,11386,11729,0.0
298,2025-05-23,11161,11461,0.0
298,2025-05-24,6877,11146,0.0
298,2025-05-25,6911,11531,0.0
298,2025-05-26,7000,10912,0.0
298,2025-05-27,7601,11835,0.0
298,2025-05-28,7791,11609,0.0
298,2025-05-29,6474,10827,0.0
298,2025-05-30,7616,11427,0.0
298,2025-05-31,7483,11514,0.0
298,2025-06-01,6761,11137,0.0
298,2025-06-02,6876,10914,0.0
298,2025-06-03,6799,11003,0.0
298,2025-06-04,6882,11079,0.0
299,2025-04-24,15275,15659,0.0
299,2025-04-25,15283,15208,0.0
299,2025-04-26,15438,15424,0.0
299,2025-04-27,16466,16326,0.0
299,2025-04-28,16693,16354,0.0
299,2025-04-29,16072,16375,0.0
299,2025-04-30,15124,15245,0.0
299,2025-05-01,16866,16351,0.0
299,2025-05-02,16297,15833,0.0
299,2025-05-03,15466,15905,0.0
299,2025-05-04,15188,15112,0.0
299,2025-05-05,15493,15602,0.0
299,2025-05-06,15720,15976,0.0
299,2025-05-07,14952,15412,0.0
299,2025-05-08,16042,16084,0.0
299,2025-05-09,15849,15796,0.0
299,2025-05-10,15846,16085,0.0
299,2025-05-11,16258,16324,0.0
299,2025-05-12,17012,16649,0.0
299,2025-05-13,16278,16369,0.0
299,2025-05-14,16217,15751,0.0
299,2025-05-15,15375,15390,0.0
299,2025-05-16,16342,15951,0.0
299,2025-05-17,15846,15971,0.0
299,2025-05-18,16485,16343,0.0
299,2025-05-19,15822,15392,0.0
299,2025-05-20,16415,15929,0.0
299,2025-05-21,15710,15816,0.0
299,2025-05-22,16488,15986,0.0
299,2025-05-23,15262,15560,0.0
299,2025-05-24,16608,16012,0.0
299,2025-05-25,15326,15455,0.0
299,2025-05-26,15131,15484,0.0
299,2025-05-27,16266,15778,0.0
299,2025-05-28,14906,15157,0.0
299,2025-05-29,16272,15692,0.0
299,2025-05-30,15514,15749,0.0
299,2025-05-31,16370,16565,0.0
299,2025-06-01,16209,16468,0.0
299,2025-06-02,16713,16314,0.0
299,2025-06-03,16326,15774,0.0
299,2025-06-04,15654,15952,0.0
300,2025-04-24,26052,25625,0.0
300,2025-04-25,28277,28175,0.0
300,2025-04-26,27467,27608,0.0
300,2025-04-27,26979,26380,0.0
300,2025-04-28,27198,28034,0.0
300,2025-04-29,27137,26688,0.0
300,2025-04-30,27538,28125,0.0
300,2025-05-01,26871,27350,0.0
300,2025-05-02,27350,27152,0.0
300,2025-05-03,26495,27188,0.0
300,2025-05-04,27632,26921,0.0
300,2025-05-05,26692,26854,0.0
300,2025-05-06,27867,27191,0.0
300,2025-05-07,25525,26275,0.0
300,2025-05-08,26388,25732,0.0
300,2025-05-09,28127,28052,0.0
300,2025-05-10,26089,25816,0.0
300,2025-05-11,25991,25821,0.0
300,2025-05-12,26441,25733,0.0
300,2025-05-13,28499,28104,0.0
300,2025-05-14,25938,25546,0.0
300,2025-05-15,26893,26458,0.0
300,2025-05-16,27155,26339,0.0
300,2025-05-17,26469,27222,0.0
300,2025-05-18,26224,26784,0.0
300,2025-05-19,28055,27174,0.0
300,2025-05-20,26743,26334,0.0
300,2025-05-21,26753,26393,0.0
300,2025-05-22,28394,27790,0.0
300,2025-05-23,25750,25611,0.0
300,2025-05-24,27228,26559,0.0
300,2025-05-25,26762,26810,0.0
300,2025-05-26,26145,26375,0.0
300,2025-05-27,27393,26802,0.0
300,2025-05-28,26055,26440,0.0
300,2025-05-29,28510,27840,0.0
300,2025-05-30,26917,27238,0.0
300,2025-05-31,28086,27729,0.0
300,2025-06-01,27827,27304,0.0
300,2025-06-02,24899,25595,0.0
300,2025-06-03,28367,28047,0.0
300,2025-06-04,27807,28113,0.0
301,2025-04-24,18948,18340,0.0
301,2025-04-25,19230,18794,0.0
301,2025-04-26,18474,18489,0.0
301,2025-04-27,18033,17526,0.0
301,2025-04-28,17847,18386,0.0
301,2025-04-29,17728,18134,0.0
301,2025-04-30,18425,18252,0.0
301,2025-05-01,17493,17470,0.0
301,2025-05-02,19602,19074,0.0
301,2025-05-03,17636,17547,0.0
301,2025-05-04,18038,18077,0.0
301,2025-05-05,18493,18359,0.0
301,2025-05-06,17117,17368,0.0
301,2025-05-07,18881,18331,0.0
301,2025-05-08,17474,17534,0.0
301,2025-05-09,17207,17511,0.0
301,2025-05-10,17559,18031,0.0
301,2025-05-11,18890,19028,0.0
301,2025-05-12,17562,17616,0.0
301,2025-05-13,17552,17539,0.0
301,2025-05-14,18278,17735,0.0
301,2025-05-15,17733,18141,0.0
301,2025-05-16,18370,18161,0.0
301,2025-05-17,18578,18918,0.0
301,2025-05-18,19535,19058,0.0
301,2025-05-19,19236,19029,0.0
301,2025-05-20,18971,18501,0.0
301,2025-05-21,18881,18227,0.0
301,2025-05-22,18265,18349,0.0
301,2025-05-23,18779,18517,0.0
301,2025-05-24,18398,18159,0.0
301,2025-05-25,17804,17758,0.0
301,2025-05-26,18447,18720,0.0
301,2025-05-27,17930,17507,0.0
301,2025-05-28,18961,18967,0.0
301,2025-05-29,18705,19047,0.0
301,2025-05-30,18315,17819,0.0
301,2025-05-31,18393,17796,0.0
301,2025-06-01,17665,18097,0.0
301,2025-06-02,17330,17819,0.0
301,2025-06-03,18436,18011,0.0
301,2025-06-04,17855,17854,0.0
302,2025-04-24,28831,29001,0.0
302,2025-04-25,28126,27527,0.0
302,2025-04-26,29239,28300,0.0
302,2025-04-27,29539,29197,0.0
302,2025-04-28,27250,27364,0.0
302,2025-04-29,29247,28755,0.0
302,2025-04-30,30441,29502,0.0
302,2025-05-01,30489,29452,0.0
302,2025-05-02,28095,27844,0.0
302,2025-05-03,29642,29483,0.0
302,2025-05-04,28246,28839,0.0
302,2025-05-05,30210,29424,0.0
302,2025-05-06,28845,28814,0.0
302,2025-05-07,30246,29219,0.0
302,2025-05-08,27389,27614,0.0
302,2025-05-09,28400,28308,0.0
302,2025-05-10,29056,28505,0.0
302,2025-05-11,27908,27464,0.0
302,2025-05-12,29546,29530,0.0
302,2025-05-13,28010,27128,0.0
302,2025-05-14,28572,29098,0.0
302,2025-05-15,27202,27664,0.0
302,2025-05-16,27587,28126,0.0
302,2025-05-17,28621,28708,0.0
302,2025-05-18,29219,29815,0.0
302,2025-05-19,30091,29490,0.0
302,2025-05-20,27417,27848,0.0
302,2025-05-21,28459,29082,0.0
302,2025-05-22,29349,29523,0.0
302,2025-05-23,28411,28122,0.0
302,2025-05-24,30641,29603,0.0
302,2025-05-25,29734,29324,0.0
302,2025-05-26,28946,28086,0.0
302,2025-05-27,29568,29695,0.0
302,2025-05-28,27436,27294,0.0
302,2025-05-29,29930,28965,0.0
302,2025-05-30,27796,27609,0.0
302,2025-05-31,26762,27564,0.0
302,2025-06-01,27529,28235,0.0
302,2025-06-02,26786,27211,0.0
302,2025-06-03,29469,28992,0.0
302,2025-06-04,28194,28629,0.0
303,2025-04-24,2604,2665,0.0
303,2025-04-25,2533,2584,0.0
303,2025-04-26,2530,2526,0.0
303,2025-04-27,2573,2495,0.0
303,2025-04-28,2652,2649,0.0
303,2025-04-29,2576,2575,0.0
303,2025-04-30,2734,2699,0.0
303,2025-05-01,2753,2685,0.0
303,2025-05-02,2709,2681,0.0
303,2025-05-03,2662,2602,0.0
303,2025-05-04,2649,2646,0.0
303,2025-05-05,2673,2614,0.0
303,2025-05-06,2560,2611,0.0
303,2025-05-07,2591,2621,0.0
303,2025-05-08,2578,2515,0.0
303,2025-05-09,2639,2628,0.0
303,2025-05-10,2731,2719,0.0
303,2025-05-11,2731,2657,0.0
303,2025-05-12,2588,2593,0.0
303,2025-05-13,2670,2619,0.0
303,2025-05-14,2782,2698,0.0
303,2025-05-15,2549,2567,0.0
303,2025-05-16,2574,2576,0.0
303,2025-05-17,2673,2660,0.0
303,2025-05-18,2413,2482,0.0
303,2025-05-19,2590,2647,0.0
303,2025-05-20,2754,2689,0.0
303,2025-05-21,2627,2617,0.0
303,2025-05-22,2525,2541,0.0
303,2025-05-23,2694,2606,0.0
303,2025-05-24,2529,2511,0.0
303,2025-05-25,2486,2545,0.0
303,2025-05-26,2809,2706,0.0
303,2025-05-27,2649,2595,0.0
303,2025-05-28,2508,2567,0.0
303,2025-05-29,2484,2465,0.0
303,2025-05-30,2465,2497,0.0
303,2025-05-31,2428,2493,0.0
303,2025-06-01,2622,2592,0.0
303,2025-06-02,2729,2654,0.0
303,2025-06-03,2724,2689,0.0
303,2025-06-04,2572,2481,0.0
304,2025-04-24,22668,22788,0.0
304,2025-04-25,21966,21604,0.0
304,2025-04-26,23174,23085,0.0
304,2025-04-27,21510,21615,0.0
304,2025-04-28,23589,22977,0.0
304,2025-04-29,21481,21256,0.0
304,2025-04-30,23179,22788,0.0
304,2025-05-01,21359,22001,0.0
304,2025-05-02,22267,22656,0.0
304,2025-05-03,21597,21712,0.0
304,2025-05-04,20797,21382,0.0
304,2025-05-05,23280,22517,0.0
304,2025-05-06,22339,21759,0.0
304,2025-05-07,23110,22294,0.0
304,2025-05-08,21654,21390,0.0
304,2025-05-09,22572,21816,0.0
304,2025-05-10,22616,22289,0.0
304,2025-05-11,23426,22996,0.0
304,2025-05-12,23957,23202,0.0
304,2025-05-13,22299,22826,0.0
304,2025-05-14,20892,21165,0.0
304,2025-05-15,21194,21213,0.0
304,2025-05-16,21292,21143,0.0
304,2025-05-17,21970,22134,0.0
304,2025-05-18,22649,22360,0.0
304,2025-05-19,21838,21108,0.0
304,2025-05-20,21973,22433,0.0
304,2025-05-21,21292,21152,0.0
304,2025-05-22,23011,22128,0.0
304,2025-05-23,22872,22993,0.0
304,2025-05-24,21937,21947,0.0
304,2025-05-25,21926,21179,0.0
304,2025-05-26,22159,21998,0.0
304,2025-05-27,21421,21937,0.0
304,2025-05-28,23354,22563,0.0
304,2025-05-29,21311,21714,0.0
304,2025-05-30,21591,21570,0.0
304,2025-05-31,22015,21189,0.0
304,2025-06-01,22472,22075,0.0
304,2025-06-02,23529,22742,0.0
304,2025-06-03,21727,21502,0.0
304,2025-06-04,22375,23051,0.0
305,2025-04-24,39572,38274,0.0
305,2025-04-25,38258,37636,0.0
305,2025-04-26,39555,39407,0.0
305,2025-04-27,40241,38862,0.0
305,2025-04-28,39205,39488,0.0
305,2025-04-29,41036,40226,0.0
305,2025-04-30,23068,37601,0.0
305,2025-05-01,23615,38231,0.0
305,2025-05-02,26301,40160,0.0
305,2025-05-03,25840,39555,0.0
305,2025-05-04,25364,37942,0.0
305,2025-05-05,19512,37915,5.7
305,2025-05-06,25689,38097,0.0
305,2025-05-07,24124,37860,0.0
305,2025-05-08,20014,38351,5.3
305,2025-05-09,24199,37170,0.0
305,2025-05-10,26374,39179,0.0
305,2025-05-11,24309,38613,0.0
305,2025-05-12,27547,40198,0.0
305,2025-05-13,25846,38345,0.0
305,2025-05-14,23577,37013,0.0
305,2025-05-15,24053,37896,0.0
305,2025-05-16,24677,40348,0.0
305,2025-05-17,23899,37069,0.0
305,2025-05-18,24885,37396,0.0
305,2025-05-19,24864,40365,0.0
305,2025-05-20,27261,40803,0.0
305,2025-05-21,36572,37697,0.0
305,2025-05-22,39419,38404,0.0
305,2025-05-23,36997,37018,0.0
305,2025-05-24,36765,37067,0.0
305,2025-05-25,41502,40793,0.0
305,2025-05-26,36711,36975,0.0
305,2025-05-27,36933,37624,0.0
305,2025-05-28,38126,39152,0.0
305,2025-05-29,37913,38022,0.0
305,2025-05-30,40505,40591,0.0
305,2025-05-31,37954,38086,0.0
305,2025-06-01,39071,37687,0.0
305,2025-06-02,30484,37418,4.8
305,2025-06-03,38393,38756,0.0
305,2025-06-04,38843,39912,0.0
306,2025-04-24,11282,11146,0.0
306,2025-04-25,11003,11055,0.0
306,2025-04-26,11359,11226,0.0
306,2025-04-27,11021,11358,0.0
306,2025-04-28,11193,10900,0.0
306,2025-04-29,11344,11335,0.0
306,2025-04-30,10774,10619,0.0
306,2025-05-01,10685,10694,0.0
306,2025-05-02,10666,10541,0.0
306,2025-05-03,10986,10708,0.0
306,2025-05-04,10383,10566,0.0
306,2025-05-05,10640,10477,0.0
306,2025-05-06,11550,11332,0.0
306,2025-05-07,11737,11307,0.0
306,2025-05-08,11496,11539,0.0
306,2025-05-09,10615,10901,0.0
306,2025-05-10,10700,10470,0.0
306,2025-05-11,10530,10630,0.0
306,2025-05-12,11228,11417,0.0
306,2025-05-13,10770,10762,0.0
306,2025-05-14,11265,11083,0.0
306,2025-05-15,10494,10540,0.0
306,2025-05-16,10544,10612,0.0
306,2025-05-17,11622,11395,0.0
306,2025-05-18,11277,11125,0.0
306,2025-05-19,11528,11209,0.0
306,2025-05-20,11016,10828,0.0
306,2025-05-21,10554,10580,0.0
306,2025-05-22,11563,11484,0.0
306,2025-05-23,11292,11219,0.0
306,2025-05-24,11342,11022,0.0
306,2025-05-25,10853,10573,0.0
306,2025-05-26,11354,11055,0.0
306,2025-05-27,10833,10971,0.0
306,2025-05-28,11140,11398,0.0
306,2025-05-29,10286,10519,0.0
306,2025-05-30,10535,10735,0.0
306,2025-05-31,11003,11217,0.0
306,2025-06-01,11597,11539,0.0
306,2025-06-02,11877,11508,0.0
306,2025-06-03,10535,10527,0.0
306,2025-06-04,10852,10670,0.0
307,2025-04-24,5046,5175,0.0
307,2025-04-25,5418,5247,0.0
307,2025-04-26,5031,5090,0.0
307,2025-04-27,5322,5145,0.0
307,2025-04-28,4953,4963,0.0
307,2025-04-29,5126,4961,0.0
307,2025-04-30,4847,4978,0.0
307,2025-05-01,4907,4803,0.0
307,2025-05-02,5186,5251,0.0
307,2025-05-03,5282,5202,0.0
307,2025-05-04,5180,5004,0.0
307,2025-05-05,5202,5034,0.0
307,2025-05-06,4890,4905,0.0
307,2025-05-07,5010,4858,0.0
307,2025-05-08,5114,5029,0.0
307,2025-05-09,5270,5233,0.0
307,2025-05-10,5147,5064,0.0
307,2025-05-11,4980,4845,0.0
307,2025-05-12,5175,5274,0.0
307,2025-05-13,5227,5038,0.0
307,2025-05-14,5265,5283,0.0
307,2025-05-15,4803,4806,0.0
307,2025-05-16,4709,4833,0.0
307,2025-05-17,5253,5129,0.0
307,2025-05-18,5067,4961,0.0
307,2025-05-19,5350,5195,0.0
307,2025-05-20,5265,5159,0.0
307,2025-05-21,5238,5080,0.0
307,2025-05-22,5425,5231,0.0
307,2025-05-23,4888,5013,0.0
307,2025-05-24,4885,4937,0.0
307,2025-05-25,5043,4953,0.0
307,2025-05-26,5385,5299,0.0
307,2025-05-27,4739,4862,0.0
307,2025-05-28,5197,5039,0.0
307,2025-05-29,5294,5133,0.0
307,2025-05-30,5048,4873,0.0
307,2025-05-31,5237,5067,0.0
307,2025-06-01,5170,5282,0.0
307,2025-06-02,4886,5015,0.0
307,2025-06-03,5144,4949,0.0
307,2025-06-04,5317,5203,0.0
308,2025-04-24,4410,4412,0.0
308,2025-04-25,4277,4286,0.0
308,2025-04-26,4723,4602,0.0
308,2025-04-27,4342,4230,0.0
308,2025-04-28,4542,4457,0.0
308,2025-04-29,4530,4592,0.0
308,2025-04-30,4325,4327,0.0
308,2025-05-01,4403,4519,0.0
308,2025-05-02,4257,4300,0.0
308,2025-05-03,4517,4595,0.0
308,2025-05-04,4276,4378,0.0
308,2025-05-05,4579,4443,0.0
308,2025-05-06,4342,4377,0.0
308,2025-05-07,4581,4472,0.0
308,2025-05-08,4187,4229,0.0
308,2025-05-09,4536,4397,0.0
308,2025-05-10,4653,4475,0.0
308,2025-05-11,4627,4470,0.0
308,2025-05-12,4331,4374,0.0
308,2025-05-13,4431,4294,0.0
308,2025-05-14,4386,4488,0.0
308,2025-05-15,4586,4426,0.0
308,2025-05-16,4330,4207,0.0
308,2025-05-17,4392,4376,0.0
308,2025-05-18,4645,4517,0.0
308,2025-05-19,4360,4353,0.0
308,2025-05-20,4439,4540,0.0
308,2025-05-21,4652,4621,0.0
308,2025-05-22,4445,4494,0.0
308,2025-05-23,4531,4565,0.0
308,2025-05-24,4266,4312,0.0
308,2025-05-25,4369,4407,0.0
308,2025-05-26,4436,4496,0.0
308,2025-05-27,4457,4475,0.0
308,2025-05-28,4524,4455,0.0
308,2025-05-29,4465,4522,0.0
308,2025-05-30,4242,4228,0.0
308,2025-05-31,4526,4527,0.0
308,2025-06-01,4518,4606,0.0
308,2025-06-02,4341,4221,0.0
308,2025-06-03,4616,4497,0.0
308,2025-06-04,4439,4328,0.0
309,2025-04-24,2452,2483,0.0
309,2025-04-25,2630,2606,0.0
309,2025-04-26,2612,2677,0.0
309,2025-04-27,2660,2644,0.0
309,2025-04-28,2687,2664,0.0
309,2025-04-29,2459,2487,0.0
309,2025-04-30,2559,2526,0.0
309,2025-05-01,2594,2671,0.0
309,2025-05-02,2616,2575,0.0
309,2025-05-03,2639,2608,0.0
309,2025-05-04,1680,2613,0.0
309,2025-05-05,1663,2599,0.0
309,2025-05-06,1580,2586,0.0
309,2025-05-07,1646,2729,0.0
309,2025-05-08,1733,2641,0.0
309,2025-05-09,1637,2527,0.0
309,2025-05-10,1651,2728,0.0
309,2025-05-11,1600,2638,0.0
309,2025-05-12,1657,2491,0.0
309,2025-05-13,1742,2671,0.0
309,2025-05-14,1803,2699,0.0
309,2025-05-15,1668,2528,0.0
309,2025-05-16,1688,2651,0.0
309,2025-05-17,1662,2489,0.0
309,2025-05-18,1849,2743,0.0
309,2025-05-19,1638,2496,0.0
309,2025-05-20,1617,2535,0.0
309,2025-05-21,1658,2521,0.0
309,2025-05-22,1635,2513,0.0
309,2025-05-23,1724,2569,0.0
309,2025-05-24,1603,2627,0.0
309,2025-05-25,2778,2712,0.0
309,2025-05-26,2690,2732,0.0
309,2025-05-27,2540,2584,0.0
309,2025-05-28,2585,2573,0.0
309,2025-05-29,2740,2667,0.0
309,2025-05-30,2664,2705,0.0
309,2025-05-31,2812,2715,0.0
309,2025-06-01,2473,2528,0.0
309,2025-06-02,2517,2512,0.0
309,2025-06-03,2600,2506,0.0
309,2025-06-04,2501,2528,0.0
310,2025-04-24,6931,6824,0.0
310,2025-04-25,6568,6702,0.0
310,2025-04-26,6994,6964,0.0
310,2025-04-27,6809,6609,0.0
310,2025-04-28,7121,6948,0.0
310,2025-04-29,6534,6589,0.0
310,2025-04-30,6696,6613,0.0
310,2025-05-01,6653,6649,0.0
310,2025-05-02,6587,6563,0.0
310,2025-05-03,6902,6797,0.0
310,2025-05-04,6998,6907,0.0
310,2025-05-05,6390,6521,0.0
310,2025-05-06,6913,6711,0.0
310,2025-05-07,7006,6939,0.0
310,2025-05-08,6908,6712,0.0
310,2025-05-09,7363,7103,0.0
310,2025-05-10,6659,6488,0.0
310,2025-05-11,6894,6735,0.0
310,2025-05-12,7118,6991,0.0
310,2025-05-13,4722,6824,0.0
310,2025-05-14,4967,6968,0.0
310,2025-05-15,4449,6688,0.0
310,2025-05-16,4852,6820,0.0
310,2025-05-17,4604,6724,0.0
310,2025-05-18,4509,6842,0.0
310,2025-05-19,4732,6775,0.0
310,2025-05-20,4994,7104,0.0
310,2025-05-21,4330,6588,0.0
310,2025-05-22,4370,6557,0.0
310,2025-05-23,4853,6921,0.0
310,2025-05-24,4418,6628,0.0
310,2025-05-25,4465,6811,0.0
310,2025-05-26,4723,7132,0.0
310,2025-05-27,4643,6608,0.0
310,2025-05-28,4779,7152,0.0
310,2025-05-29,4585,6845,0.0
310,2025-05-30,4751,6683,0.0
310,2025-05-31,4637,6557,0.0
310,2025-06-01,4681,7048,0.0
310,2025-06-02,4365,6642,0.0
310,2025-06-03,4301,6509,0.0
310,2025-06-04,4571,6657,0.0
311,2025-04-24,6752,6603,0.0
311,2025-04-25,6532,6341,0.0
311,2025-04-26,6754,6521,0.0
311,2025-04-27,6359,6233,0.0
311,2025-04-28,6641,6570,0.0
311,2025-04-29,5970,6047,0.0
311,2025-04-30,6307,6264,0.0
311,2025-05-01,6858,6649,0.0
311,2025-05-02,6331,6432,0.0
311,2025-05-03,6501,6643,0.0
311,2025-05-04,6412,6558,0.0
311,2025-05-05,6292,6158,0.0
311,2025-05-06,6051,6074,0.0
311,2025-05-07,6474,6672,0.0
311,2025-05-08,6397,6323,0.0
311,2025-05-09,6411,6437,0.0
311,2025-05-10,6168,6325,0.0
311,2025-05-11,6260,6211,0.0
311,2025-05-12,6471,6395,0.0
311,2025-05-13,6345,6196,0.0
311,2025-05-14,6133,6322,0.0
311,2025-05-15,6385,6453,0.0
311,2025-05-16,6761,6551,0.0
311,2025-05-17,6149,6100,0.0
311,2025-05-18,6484,6323,0.0
311,2025-05-19,6513,6405,0.0
311,2025-05-20,6219,6234,0.0
311,2025-05-21,6208,6236,0.0
311,2025-05-22,6354,6350,0.0
311,2025-05-23,6284,6049,0.0
311,2025-05-24,6847,6623,0.0
311,2025-05-25,6589,6639,0.0
311,2025-05-26,6623,6582,0.0
311,2025-05-27,6608,6390,0.0
311,2025-05-28,5978,6119,0.0
311,2025-05-29,6501,6464,0.0
311,2025-05-30,6569,6398,0.0
311,2025-05-31,6509,6368,0.0
311,2025-06-01,6503,6552,0.0
311,2025-06-02,6482,6618,0.0
311,2025-06-03,6279,6345,0.0
311,2025-06-04,6774,6525,0.0
312,2025-04-24,24327,23453,0.0
312,2025-04-25,23249,22759,0.0
312,2025-04-26,22535,23115,0.0
312,2025-04-27,23018,22481,0.0
312,2025-04-28,24904,24135,0.0
312,2025-04-29,23661,23987,0.0
312,2025-04-30,22311,22284,0.0
312,2025-05-01,23811,23841,0.0
312,2025-05-02,23862,23755,0.0
312,2025-05-03,23565,23186,0.0
312,2025-05-04,23328,22791,0.0
312,2025-05-05,23538,24093,0.0
312,2025-05-06,22668,23254,0.0
312,2025-05-07,21962,22490,0.0
312,2025-05-08,23885,23024,0.0
312,2025-05-09,22797,22306,0.0
312,2025-05-10,22434,22727,0.0
312,2025-05-11,22191,22691,0.0
312,2025-05-12,23194,22785,0.0
312,2025-05-13,22526,22426,0.0
312,2025-05-14,24121,24058,0.0
312,2025-05-15,23233,23586,0.0
312,2025-05-16,22659,22310,0.0
312,2025-05-17,22962,23507,0.0
312,2025-05-18,21908,22365,0.0
312,2025-05-19,23840,24552,0.0
312,2025-05-20,22458,22549,0.0
312,2025-05-21,24215,24134,0.0
312,2025-05-22,24121,24185,0.0
312,2025-05-23,23901,23868,0.0
312,2025-05-24,22765,23256,0.0
312,2025-05-25,23106,23366,0.0
312,2025-05-26,23825,24304,0.0
312,2025-05-27,23159,22388,0.0
312,2025-05-28,23008,23015,0.0
312,2025-05-29,23303,23793,0.0
312,2025-05-30,23246,23924,0.0
312,2025-05-31,23781,24136,0.0
312,2025-06-01,24556,23708,0.0
312,2025-06-02,21819,22302,0.0
312,2025-06-03,22652,22618,0.0
312,2025-06-04,24736,23951,0.0
313,2025-05-29,4701,4639,0.0
313,2025-05-30,4998,4868,0.0
313,2025-05-31,4397,4526,0.0
313,2025-06-01,4832,4744,0.0
313,2025-06-02,4729,4872,0.0
313,2025-06-03,4589,4698,0.0
313,2025-06-04,4994,4867,0.0
313,2025-06-05,4812,4817,0.0
313,2025-06-06,4934,4765,0.0
313,2025-06-07,4571,4620,0.0
313,2025-06-08,4794,4625,0.0
313,2025-06-09,4929,4741,0.0
313,2025-06-10,4488,4454,0.0
313,2025-06-11,4635,4540,0.0
313,2025-06-12,4609,4433,0.0
313,2025-06-13,4407,4443,0.0
313,2025-06-14,4754,4585,0.0
313,2025-06-15,4716,4833,0.0
313,2025-06-16,4718,4738,0.0
313,2025-06-17,4609,4643,0.0
313,2025-06-18,4594,4422,0.0
313,2025-06-19,4551,4440,0.0
313,2025-06-20,4817,4718,0.0
313,2025-06-21,4818,4697,0.0
313,2025-06-22,4583,4530,0.0
313,2025-06-23,4581,4428,0.0
313,2025-06-24,4472,4537,0.0
313,2025-06-25,3538,4558,0.0
313,2025-06-26,3435,4760,0.0
313,2025-06-27,3532,4598,0.0
313,2025-06-28,3571,4683,0.0
313,2025-06-29,3806,4782,0.0
313,2025-06-30,3435,4619,0.0
313,2025-07-01,4499,4537,0.0
313,2025-07-02,4593,4424,0.0
313,2025-07-03,4578,4435,0.0
313,2025-07-04,4565,4609,0.0
313,2025-07-05,4667,4534,0.0
313,2025-07-06,4673,4663,0.0
313,2025-07-07,4685,4758,0.0
313,2025-07-08,4656,4622,0.0
313,2025-07-09,4522,4606,0.0
313,2025-07-10,4784,4834,0.0
313,2025-07-11,4530,4483,0.0
313,2025-07-12,4567,4615,0.0
313,2025-07-13,4577,4614,0.0
313,2025-07-14,4398,4507,0.0
313,2025-07-15,4509,4636,0.0
313,2025-07-16,4423,4454,0.0
313,2025-07-17,4643,4469,0.0
313,2025-07-18,4541,4467,0.0
313,2025-07-19,4704,4581,0.0
313,2025-07-20,4672,4591,0.0
313,2025-07-21,4512,4472,0.0
313,2025-07-22,4742,4697,0.0
313,2025-07-23,4430,4468,0.0
314,2025-05-29,20534,19825,0.0
314,2025-05-30,21236,20645,0.0
314,2025-05-31,19934,19461,0.0
314,2025-06-01,20602,20313,0.0
314,2025-06-02,20628,20553,0.0
314,2025-06-03,21510,20885,0.0
314,2025-06-04,21038,20701,0.0
314,2025-06-05,21173,20611,0.0
314,2025-06-06,18593,19029,0.0
314,2025-06-07,20130,19405,0.0
314,2025-06-08,20908,20347,0.0
314,2025-06-09,19437,19864,0.0
314,2025-06-10,19331,19273,0.0
314,2025-06-11,19531,19699,0.0
314,2025-06-12,19435,19456,0.0
314,2025-06-13,19519,19707,0.0
314,2025-06-14,19665,19678,0.0
314,2025-06-15,20683,19957,0.0
314,2025-06-16,19948,19308,0.0
314,2025-06-17,19457,19117,0.0
314,2025-06-18,19724,19404,0.0
314,2025-06-19,20604,20490,0.0
314,2025-06-20,21290,20657,0.0
314,2025-06-21,21203,20673,0.0
314,2025-06-22,19769,19491,0.0
314,2025-06-23,20758,20307,0.0
314,2025-06-24,21304,20811,0.0
314,2025-06-25,20604,20366,0.0
314,2025-06-26,20352,19862,0.0
314,2025-06-27,21324,20902,0.0
314,2025-06-28,20176,20663,0.0
314,2025-06-29,20212,19546,0.0
314,2025-06-30,20933,20786,0.0
314,2025-07-01,19738,18989,0.0
314,2025-07-02,19666,20267,0.0
314,2025-07-03,20582,20646,0.0
314,2025-07-04,20050,19458,0.0
314,2025-07-05,20674,20708,0.0
314,2025-07-06,19752,19258,0.0
314,2025-07-07,20516,20067,0.0
314,2025-07-08,20531,19953,0.0
314,2025-07-09,20420,20234,0.0
314,2025-07-10,19501,19436,0.0
314,2025-07-11,20178,20223,0.0
314,2025-07-12,20305,19783,0.0
314,2025-07-13,19846,20091,0.0
314,2025-07-14,20542,19852,0.0
314,2025-07-15,18922,19444,0.0
314,2025-07-16,20237,19649,0.0
314,2025-07-17,20849,20655,0.0
314,2025-07-18,19830,19794,0.0
314,2025-07-19,20676,20089,0.0
314,2025-07-20,19647,19817,0.0
314,2025-07-21,19837,19797,0.0
314,2025-07-22,21199,20452,0.0
314,2025-07-23,19464,19112,0.0
315,2025-05-29,21026,21490,0.0
315,2025-05-30,21815,21913,0.0
315,2025-05-31,21560,21829,0.0
315,2025-06-01,22784,22425,0.0
315,2025-06-02,21547,22034,0.0
315,2025-06-03,23186,22944,0.0
315,2025-06-04,22898,22247,0.0
315,2025-06-05,22619,22737,0.0
315,2025-06-06,22374,22345,0.0
315,2025-06-07,21283,21900,0.0
315,2025-06-08,23051,22696,0.0
315,2025-06-09,22696,23045,0.0
315,2025-06-10,22813,22557,0.0
315,2025-06-11,23000,22145,0.0
315,2025-06-12,23341,22967,0.0
315,2025-06-13,22680,22128,0.0
315,2025-06-14,22983,22899,0.0
315,2025-06-15,20674,21145,0.0
315,2025-06-16,23549,22945,0.0
315,2025-06-17,23184,23121,0.0
315,2025-06-18,21429,21879,0.0
315,2025-06-19,21882,21110,0.0
315,2025-06-20,21360,21886,0.0
315,2025-06-21,22208,22439,0.0
315,2025-06-22,22282,22912,0.0
315,2025-06-23,22753,22451,0.0
315,2025-06-24,22255,22086,0.0
315,2025-06-25,21729,21890,0.0
315,2025-06-26,22400,21549,0.0
315,2025-06-27,22803,23079,0.0
315,2025-06-28,23076,22288,0.0
315,2025-06-29,22580,22694,0.0
315,2025-06-30,22963,22521,0.0
315,2025-07-01,22856,22918,0.0
315,2025-07-02,22476,21978,0.0
315,2025-07-03,21534,21819,0.0
315,2025-07-04,21240,21477,0.0
315,2025-07-05,23704,23249,0.0
315,2025-07-06,21694,22323,0.0
315,2025-07-07,21416,21548,0.0
315,2025-07-08,21419,22066,0.0
315,2025-07-09,22762,22696,0.0
315,2025-07-10,21986,22455,0.0
315,2025-07-11,21785,21386,0.0
315,2025-07-12,21733,21794,0.0
315,2025-07-13,22426,22303,0.0
315,2025-07-14,22075,22660,0.0
315,2025-07-15,21905,21674,0.0
315,2025-07-16,22183,21419,0.0
315,2025-07-17,23984,23248,0.0
315,2025-07-18,21694,21120,0.0
315,2025-07-19,21980,22009,0.0
315,2025-07-20,21406,21138,0.0
315,2025-07-21,23125,22794,0.0
315,2025-07-22,23020,23010,0.0
315,2025-07-23,21205,21452,0.0
316,2025-05-29,23241,22966,0.0
316,2025-05-30,21578,21935,0.0
316,2025-05-31,23068,22983,0.0
316,2025-06-01,21637,21632,0.0
316,2025-06-02,23206,22648,0.0
316,2025-06-03,21145,21370,0.0
316,2025-06-04,21480,21278,0.0
316,2025-06-05,22273,22647,0.0
316,2025-06-06,22339,22994,0.0
316,2025-06-07,22083,22485,0.0
316,2025-06-08,21964,22483,0.0
316,2025-06-09,22601,22313,0.0
316,2025-06-10,21719,21597,0.0
316,2025-06-11,21701,22299,0.0
316,2025-06-12,23320,22801,0.0
316,2025-06-13,21674,21448,0.0
316,2025-06-14,21727,21649,0.0
316,2025-06-15,23053,23048,0.0
316,2025-06-16,23075,22521,0.0
316,2025-06-17,22009,22684,0.0
316,2025-06-18,23493,23153,0.0
316,2025-06-19,22184,22678,0.0
316,2025-06-20,22930,23138,0.0
316,2025-06-21,20832,21372,0.0
316,2025-06-22,22520,22468,0.0
316,2025-06-23,11016,21910,4.5
316,2025-06-24,13591,21195,0.0
316,2025-06-25,13979,22944,0.0
316,2025-06-26,13090,21951,0.0
316,2025-06-27,15086,22646,0.0
316,2025-06-28,13208,21616,0.0
316,2025-06-29,21345,21554,0.0
316,2025-06-30,22376,21928,0.0
316,2025-07-01,23871,23353,0.0
316,2025-07-02,21955,21801,0.0
316,2025-07-03,22112,21671,0.0
316,2025-07-04,22164,21856,0.0
316,2025-07-05,22632,23316,0.0
316,2025-07-06,22924,22892,0.0
316,2025-07-07,21602,22144,0.0
316,2025-07-08,20953,21486,0.0
316,2025-07-09,22551,21918,0.0
316,2025-07-10,22506,22483,0.0
316,2025-07-11,23195,22543,0.0
316,2025-07-12,22097,21681,0.0
316,2025-07-13,22322,22376,0.0
316,2025-07-14,22882,22444,0.0
316,2025-07-15,22744,22615,0.0
316,2025-07-16,22204,22456,0.0
316,2025-07-17,23981,23286,0.0
316,2025-07-18,22322,22202,0.0
316,2025-07-19,23357,23179,0.0
316,2025-07-20,21912,22120,0.0
316,2025-07-21,22146,21502,0.0
316,2025-07-22,23208,22901,0.0
316,2025-07-23,22378,21760,0.0
317,2025-05-29,9255,9056,0.0
317,2025-05-30,8855,9081,0.0
317,2025-05-31,8695,8874,0.0
317,2025-06-01,9147,9254,0.0
317,2025-06-02,9070,9346,0.0
317,2025-06-03,8821,8737,0.0
317,2025-06-04,9084,8869,0.0
317,2025-06-05,9061,8840,0.0
317,2025-06-06,9208,9455,0.0
317,2025-06-07,9008,9012,0.0
317,2025-06-08,9186,8879,0.0
317,2025-06-09,9319,9341,0.0
317,2025-06-10,8619,8687,0.0
317,2025-06-11,8669,8805,0.0
317,2025-06-12,8464,8687,0.0
317,2025-06-13,9561,9267,0.0
317,2025-06-14,9001,8950,0.0
317,2025-06-15,8827,8819,0.0
317,2025-06-16,9644,9352,0.0
317,2025-06-17,9276,9245,0.0
317,2025-06-18,9455,9264,0.0
317,2025-06-19,9605,9244,0.0
317,2025-06-20,8693,8788,0.0
317,2025-06-21,9325,9024,0.0
317,2025-06-22,8631,8640,0.0
317,2025-06-23,8870,8827,0.0
317,2025-06-24,8560,8709,0.0
317,2025-06-25,9856,9520,0.0
317,2025-06-26,9285,9019,0.0
317,2025-06-27,8844,8829,0.0
317,2025-06-28,9460,9351,0.0
317,2025-06-29,8831,8691,0.0
317,2025-06-30,8895,8620,0.0
317,2025-07-01,9624,9471,0.0
317,2025-07-02,9076,8990,0.0
317,2025-07-03,9109,9340,0.0
317,2025-07-04,9469,9389,0.0
317,2025-07-05,9060,8760,0.0
317,2025-07-06,9624,9428,0.0
317,2025-07-07,8365,8615,0.0
317,2025-07-08,8867,9091,0.0
317,2025-07-09,9321,9383,0.0
317,2025-07-10,9564,9455,0.0
317,2025-07-11,9196,9445,0.0
317,2025-07-12,8621,8692,0.0
317,2025-07-13,9163,8841,0.0
317,2025-07-14,8721,8653,0.0
317,2025-07-15,8945,9042,0.0
317,2025-07-16,8887,9120,0.0
317,2025-07-17,9798,9516,0.0
317,2025-07-18,8643,8890,0.0
317,2025-07-19,9177,9426,0.0
317,2025-07-20,9662,9452,0.0
317,2025-07-21,9312,9134,0.0
317,2025-07-22,9425,9492,0.0
317,2025-07-23,9758,9450,0.0
318,2025-05-29,4482,4421,0.0
318,2025-05-30,4790,4617,0.0
318,2025-05-31,4535,4482,0.0
318,2025-06-01,4947,4793,0.0
318,2025-06-02,4972,4848,0.0
318,2025-06-03,4639,4618,0.0
318,2025-06-04,4419,4417,0.0
318,2025-06-05,4781,4816,0.0
318,2025-06-06,4679,4548,0.0
318,2025-06-07,4521,4612,0.0
318,2025-06-08,4387,4520,0.0
318,2025-06-09,4499,4579,0.0
318,2025-06-10,4368,4420,0.0
318,2025-06-11,4567,4516,0.0
318,2025-06-12,4727,4625,0.0
318,2025-06-13,4864,4755,0.0
318,2025-06-14,4655,4550,0.0
318,2025-06-15,4389,4443,0.0
318,2025-06-16,4654,4625,0.0
318,2025-06-17,4784,4761,0.0
318,2025-06-18,4610,4652,0.0
318,2025-06-19,4686,4571,0.0
318,2025-06-20,4631,4651,0.0
318,2025-06-21,4825,4656,0.0
318,2025-06-22,4874,4793,0.0
318,2025-06-23,4596,4621,0.0
318,2025-06-24,4621,4580,0.0
318,2025-06-25,4668,4570,0.0
318,2025-06-26,4981,4804,0.0
318,2025-06-27,4678,4733,0.0
318,2025-06-28,4425,4532,0.0
318,2025-06-29,4923,4739,0.0
318,2025-06-30,4886,4821,0.0
318,2025-07-01,4851,4740,0.0
318,2025-07-02,4706,4685,0.0
318,2025-07-03,4453,4422,0.0
318,2025-07-04,4388,4414,0.0
318,2025-07-05,4419,4451,0.0
318,2025-07-06,4634,4631,0.0
318,2025-07-07,4746,4751,0.0
318,2025-07-08,4548,4630,0.0
318,2025-07-09,4983,4832,0.0
318,2025-07-10,4534,4530,0.0
318,2025-07-11,4528,4584,0.0
318,2025-07-12,4670,4627,0.0
318,2025-07-13,4753,4798,0.0
318,2025-07-14,4760,4600,0.0
318,2025-07-15,4627,4643,0.0
318,2025-07-16,4402,4399,0.0
318,2025-07-17,4430,4430,0.0
318,2025-07-18,4538,4591,0.0
318,2025-07-19,4511,4465,0.0
318,2025-07-20,4834,4670,0.0
318,2025-07-21,4681,4610,0.0
318,2025-07-22,4436,4442,0.0
318,2025-07-23,4389,4510,0.0
319,2025-05-29,6737,6538,0.0
319,2025-05-30,6012,6058,0.0
319,2025-05-31,6075,6048,0.0
319,2025-06-01,6712,6593,0.0
319,2025-06-02,6613,6651,0.0
319,2025-06-03,6506,6381,0.0
319,2025-06-04,6415,6611,0.0
319,2025-06-05,6607,6391,0.0
319,2025-06-06,6111,6220,0.0
319,2025-06-07,6303,6330,0.0
319,2025-06-08,6290,6437,0.0
319,2025-06-09,6564,6346,0.0
319,2025-06-10,6142,6312,0.0
319,2025-06-11,5971,6098,0.0
319,2025-06-12,6683,6547,0.0
319,2025-06-13,6408,6523,0.0
319,2025-06-14,6529,6589,0.0
319,2025-06-15,5974,6046,0.0
319,2025-06-16,6639,6545,0.0
319,2025-06-17,6003,6140,0.0
319,2025-06-18,6751,6513,0.0
319,2025-06-19,6465,6379,0.0
319,2025-06-20,6537,6646,0.0
319,2025-06-21,6674,6658,0.0
319,2025-06-22,6225,6074,0.0
319,2025-06-23,6448,6406,0.0
319,2025-06-24,6411,6529,0.0
319,2025-06-25,6373,6411,0.0
319,2025-06-26,6151,6222,0.0
319,2025-06-27,6614,6598,0.0
319,2025-06-28,6488,6506,0.0
319,2025-06-29,6635,6587,0.0
319,2025-06-30,5980,6152,0.0
319,2025-07-01,6408,6257,0.0
319,2025-07-02,6111,6122,0.0
319,2025-07-03,6348,6303,0.0
319,2025-07-04,6730,6586,0.0
319,2025-07-05,6181,6134,0.0
319,2025-07-06,6486,6458,0.0
319,2025-07-07,6747,6580,0.0
319,2025-07-08,6339,6147,0.0
319,2025-07-09,6282,6455,0.0
319,2025-07-10,6458,6330,0.0
319,2025-07-11,6187,6276,0.0
319,2025-07-12,6222,6263,0.0
319,2025-07-13,6301,6107,0.0
319,2025-07-14,6182,6318,0.0
319,2025-07-15,6066,6088,0.0
319,2025-07-16,6254,6136,0.0
319,2025-07-17,6662,6596,0.0
319,2025-07-18,6625,6384,0.0
319,2025-07-19,6580,6595,0.0
319,2025-07-20,6475,6584,0.0
319,2025-07-21,6364,6536,0.0
319,2025-07-22,6501,6587,0.0
319,2025-07-23,6195,6159,0.0
320,2025-05-29,25625,26303,0.0
320,2025-05-30,25746,26025,0.0
320,2025-05-31,26891,25953,0.0
320,2025-06-01,26318,27097,0.0
320,2025-06-02,26519,26456,0.0
320,2025-06-03,27846,27423,0.0
320,2025-06-04,28104,27360,0.0
320,2025-06-05,29243,28331,0.0
320,2025-06-06,28714,27643,0.0
320,2025-06-07,26499,26698,0.0
320,2025-06-08,29584,28523,0.0
320,2025-06-09,28694,28053,0.0
320,2025-06-10,25187,25915,0.0
320,2025-06-11,27712,28113,0.0
320,2025-06-12,26421,25903,0.0
320,2025-06-13,29028,28494,0.0
320,2025-06-14,25923,26652,0.0
320,2025-06-15,27666,27182,0.0
320,2025-06-16,25879,26670,0.0
320,2025-06-17,28693,27632,0.0
320,2025-06-18,28767,28139,0.0
320,2025-06-19,26319,26244,0.0
320,2025-06-20,26608,26335,0.0
320,2025-06-21,25905,26209,0.0
320,2025-06-22,28496,27993,0.0
320,2025-06-23,26404,26036,0.0
320,2025-06-24,28280,27386,0.0
320,2025-06-25,27708,26795,0.0
320,2025-06-26,28189,27284,0.0
320,2025-06-27,22483,25966,3.3
320,2025-06-28,17622,26787,0.0
320,2025-06-29,15998,26400,2.3
320,2025-06-30,17944,27361,0.0
320,2025-07-01,12789,26219,7.7
320,2025-07-02,17372,26119,0.0
320,2025-07-03,27428,27192,0.0
320,2025-07-04,26564,25936,0.0
320,2025-07-05,27823,28259,0.0
320,2025-07-06,26756,27346,0.0
320,2025-07-07,27036,26878,0.0
320,2025-07-08,25990,26246,0.0
320,2025-07-09,26828,25908,0.0
320,2025-07-10,29556,28564,0.0
320,2025-07-11,26699,26802,0.0
320,2025-07-12,27380,26480,0.0
320,2025-07-13,26489,27009,0.0
320,2025-07-14,27614,26943,0.0
320,2025-07-15,27532,26622,0.0
320,2025-07-16,27638,27567,0.0
320,2025-07-17,28722,27738,0.0
320,2025-07-18,25621,26031,0.0
320,2025-07-19,26326,26441,0.0
320,2025-07-20,26324,26305,0.0
320,2025-07-21,27230,26454,0.0
320,2025-07-22,28382,27578,0.0
320,2025-07-23,28362,28594,0.0
321,2025-05-29,26577,26968,0.0
321,2025-05-30,27801,26969,0.0
321,2025-05-31,27638,27641,0.0
321,2025-06-01,28700,28247,0.0
321,2025-06-02,27926,27419,0.0
321,2025-06-03,26836,26942,0.0
321,2025-06-04,27730,27848,0.0
321,2025-06-05,29404,28288,0.0
321,2025-06-06,27194,27573,0.0
321,2025-06-07,27678,27476,0.0
321,2025-06-08,28798,27921,0.0
321,2025-06-09,26370,25925,0.0
321,2025-06-10,27712,28001,0.0
321,2025-06-11,28421,27677,0.0
321,2025-06-12,26684,26081,0.0
321,2025-06-13,25415,26194,0.0
321,2025-06-14,19768,27146,6.8
321,2025-06-15,25887,26642,0.0
321,2025-06-16,27204,26982,0.0
321,2025-06-17,27232,27069,0.0
321,2025-06-18,27275,26855,0.0
321,2025-06-19,27161,27094,0.0
321,2025-06-20,26938,26958,0.0
321,2025-06-21,18296,26357,0.0
321,2025-06-22,18395,25957,0.0
321,2025-06-23,20967,28410,0.0
321,2025-06-24,19944,25917,0.0
321,2025-06-25,19570,27964,0.0
321,2025-06-26,19120,27060,0.0
321,2025-06-27,14362,27222,6.5
321,2025-06-28,18164,25808,0.0
321,2025-06-29,20881,27961,0.0
321,2025-06-30,19158,26310,0.0
321,2025-07-01,21412,27661,0.0
321,2025-07-02,21113,28188,0.0
321,2025-07-03,19173,25830,0.0
321,2025-07-04,20691,26883,0.0
321,2025-07-05,20462,27221,0.0
321,2025-07-06,19333,27396,0.0
321,2025-07-07,20585,26803,0.0
321,2025-07-08,19075,26675,0.0
321,2025-07-09,20342,27908,0.0
321,2025-07-10,19519,26225,0.0
321,2025-07-11,20602,27455,0.0
321,2025-07-12,19237,25822,0.0
321,2025-07-13,20182,27242,0.0
321,2025-07-14,20761,27477,0.0
321,2025-07-15,20053,27770,0.0
321,2025-07-16,19966,27038,0.0
321,2025-07-17,21674,27968,0.0
321,2025-07-18,20513,26469,0.0
321,2025-07-19,20560,26664,0.0
321,2025-07-20,21292,28287,0.0
321,2025-07-21,19084,26296,0.0
321,2025-07-22,20397,27169,0.0
321,2025-07-23,14790,26927,6.6
322,2025-05-29,4663,4788,0.0
322,2025-05-30,4687,4630,0.0
322,2025-05-31,4569,4504,0.0
322,2025-06-01,4676,4608,0.0
322,2025-06-02,4458,4368,0.0
322,2025-06-03,4655,4568,0.0
322,2025-06-04,4725,4812,0.0
322,2025-06-05,4801,4688,0.0
322,2025-06-06,4697,4566,0.0
322,2025-06-07,4602,4702,0.0
322,2025-06-08,4749,4606,0.0
322,2025-06-09,4683,4820,0.0
322,2025-06-10,4609,4725,0.0
322,2025-06-11,4576,4612,0.0
322,2025-06-12,4537,4472,0.0
322,2025-06-13,4551,4456,0.0
322,2025-06-14,4623,4740,0.0
322,2025-06-15,4587,4419,0.0
322,2025-06-16,4534,4519,0.0
322,2025-06-17,4661,4488,0.0
322,2025-06-18,4543,4491,0.0
322,2025-06-19,4569,4477,0.0
322,2025-06-20,4722,4592,0.0
322,2025-06-21,4608,4571,0.0
322,2025-06-22,4472,4382,0.0
322,2025-06-23,4718,4647,0.0
322,2025-06-24,4419,4426,0.0
322,2025-06-25,4775,4743,0.0
322,2025-06-26,4723,4566,0.0
322,2025-06-27,4733,4785,0.0
322,2025-06-28,4316,4370,0.0
322,2025-06-29,4466,4567,0.0
322,2025-06-30,4764,4810,0.0
322,2025-07-01,4545,4640,0.0
322,2025-07-02,4685,4599,0.0
322,2025-07-03,4524,4560,0.0
322,2025-07-04,4572,4509,0.0
322,2025-07-05,4727,4756,0.0
322,2025-07-06,4428,4517,0.0
322,2025-07-07,4663,4549,0.0
322,2025-07-08,4366,4446,0.0
322,2025-07-09,4881,4821,0.0
322,2025-07-10,4725,4815,0.0
322,2025-07-11,4644,4647,0.0
322,2025-07-12,4544,4670,0.0
322,2025-07-13,4706,4818,0.0
322,2025-07-14,4416,4469,0.0
322,2025-07-15,4606,4694,0.0
322,2025-07-16,4781,4620,0.0
322,2025-07-17,4683,4605,0.0
322,2025-07-18,4829,4647,0.0
322,2025-07-19,4871,4747,0.0
322,2025-07-20,4719,4642,0.0
322,2025-07-21,4423,4435,0.0
322,2025-07-22,4548,4480,0.0
322,2025-07-23,4776,4704,0.0
323,2025-05-29,3988,4057,0.0
323,2025-05-30,3923,3923,0.0
323,2025-05-31,3994,4052,0.0
323,2025-06-01,4169,4150,0.0
323,2025-06-02,4149,4262,0.0
323,2025-06-03,4088,4155,0.0
323,2025-06-04,3914,4013,0.0
323,2025-06-05,4049,3954,0.0
323,2025-06-06,3904,3983,0.0
323,2025-06-07,4134,4153,0.0
323,2025-06-08,4069,4186,0.0
323,2025-06-09,3983,4063,0.0
323,2025-06-10,4366,4238,0.0
323,2025-06-11,3959,3903,0.0
323,2025-06-12,4020,3919,0.0
323,2025-06-13,3951,3903,0.0
323,2025-06-14,4053,3922,0.0
323,2025-06-15,3825,3931,0.0
323,2025-06-16,4218,4229,0.0
323,2025-06-17,4066,4020,0.0
323,2025-06-18,3990,4015,0.0
323,2025-06-19,3983,3904,0.0
323,2025-06-20,4151,4250,0.0
323,2025-06-21,4367,4237,0.0
323,2025-06-22,4101,4189,0.0
323,2025-06-23,4027,4010,0.0
323,2025-06-24,4267,4171,0.0
323,2025-06-25,3992,3890,0.0
323,2025-06-26,4022,3962,0.0
323,2025-06-27,4107,4027,0.0
323,2025-06-28,4192,4121,0.0
323,2025-06-29,4219,4075,0.0
323,2025-06-30,4108,3969,0.0
323,2025-07-01,4301,4280,0.0
323,2025-07-02,3979,4056,0.0
323,2025-07-03,4214,4224,0.0
323,2025-07-04,4257,4121,0.0
323,2025-07-05,4100,4195,0.0
323,2025-07-06,3999,4106,0.0
323,2025-07-07,4265,4195,0.0
323,2025-07-08,3836,3936,0.0
323,2025-07-09,3993,3975,0.0
323,2025-07-10,4019,3888,0.0
323,2025-07-11,3824,3901,0.0
323,2025-07-12,3884,3998,0.0
323,2025-07-13,3994,4075,0.0
323,2025-07-14,4208,4211,0.0
323,2025-07-15,4173,4228,0.0
323,2025-07-16,4264,4200,0.0
323,2025-07-17,3940,3945,0.0
323,2025-07-18,4168,4168,0.0
323,2025-07-19,4213,4235,0.0
323,2025-07-20,4156,4004,0.0
323,2025-07-21,4297,4163,0.0
323,2025-07-22,3875,3921,0.0
323,2025-07-23,3947,3952,0.0
324,2025-05-29,7401,7430,0.0
324,2025-05-30,7495,7536,0.0
324,2025-05-31,8009,7711,0.0
324,2025-06-01,7431,7375,0.0
324,2025-06-02,7442,7479,0.0
324,2025-06-03,7759,7688,0.0
324,2025-06-04,7623,7552,0.0
324,2025-06-05,7346,7541,0.0
324,2025-06-06,7789,7658,0.0
324,2025-06-07,7449,7590,0.0
324,2025-06-08,7639,7586,0.0
324,2025-06-09,7828,7570,0.0
324,2025-06-10,7440,7643,0.0
324,2025-06-11,7686,7702,0.0
324,2025-06-12,7169,7022,0.0
324,2025-06-13,7590,7470,0.0
324,2025-06-14,7748,7452,0.0
324,2025-06-15,7562,7527,0.0
324,2025-06-16,7508,7579,0.0
324,2025-06-17,7473,7580,0.0
324,2025-06-18,7729,7445,0.0
324,2025-06-19,7445,7508,0.0
324,2025-06-20,7759,7707,0.0
324,2025-06-21,7775,7519,0.0
324,2025-06-22,7817,7655,0.0
324,2025-06-23,7539,7743,0.0
324,2025-06-24,7956,7703,0.0
324,2025-06-25,7320,7477,0.0
324,2025-06-26,7715,7538,0.0
324,2025-06-27,7611,7362,0.0
324,2025-06-28,7779,7589,0.0
324,2025-06-29,7351,7163,0.0
324,2025-06-30,7254,7083,0.0
324,2025-07-01,7497,7310,0.0
324,2025-07-02,7697,7592,0.0
324,2025-07-03,7240,7023,0.0
324,2025-07-04,7420,7334,0.0
324,2025-07-05,7658,7733,0.0
324,2025-07-06,7221,7129,0.0
324,2025-07-07,7125,7056,0.0
324,2025-07-08,7207,7104,0.0
324,2025-07-09,6951,7101,0.0
324,2025-07-10,7226,7264,0.0
324,2025-07-11,7818,7723,0.0
324,2025-07-12,7482,7686,0.0
324,2025-07-13,7387,7217,0.0
324,2025-07-14,7089,7009,0.0
324,2025-07-15,7464,7354,0.0
324,2025-07-16,7144,7073,0.0
324,2025-07-17,7799,7619,0.0
324,2025-07-18,7334,7176,0.0
324,2025-07-19,7393,7266,0.0
324,2025-07-20,7689,7716,0.0
324,2025-07-21,7860,7740,0.0
324,2025-07-22,7054,7158,0.0
324,2025-07-23,6968,7049,0.0
325,2025-05-29,9508,9224,0.0
325,2025-05-30,8667,8616,0.0
325,2025-05-31,9055,8794,0.0
325,2025-06-01,9130,8815,0.0
325,2025-06-02,9120,9185,0.0
325,2025-06-03,9316,9442,0.0
325,2025-06-04,9379,9307,0.0
325,2025-06-05,9694,9374,0.0
325,2025-06-06,9393,9270,0.0
325,2025-06-07,9081,9223,0.0
325,2025-06-08,8986,8739,0.0
325,2025-06-09,9004,9175,0.0
325,2025-06-10,8987,8763,0.0
325,2025-06-11,8662,8736,0.0
325,2025-06-12,9404,9060,0.0
325,2025-06-13,8768,8836,0.0
325,2025-06-14,9141,9099,0.0
325,2025-06-15,9392,9292,0.0
325,2025-06-16,9140,9010,0.0
325,2025-06-17,8969,8933,0.0
325,2025-06-18,8379,8621,0.0
325,2025-06-19,9145,9182,0.0
325,2025-06-20,8705,8962,0.0
325,2025-06-21,9010,9203,0.0
325,2025-06-22,8811,8964,0.0
325,2025-06-23,9569,9244,0.0
325,2025-06-24,9684,9392,0.0
325,2025-06-25,8842,8985,0.0
325,2025-06-26,8615,8601,0.0
325,2025-06-27,9364,9147,0.0
325,2025-06-28,9023,9267,0.0
325,2025-06-29,8816,9063,0.0
325,2025-06-30,9639,9270,0.0
325,2025-07-01,9130,8997,0.0
325,2025-07-02,9363,9049,0.0
325,2025-07-03,8889,8746,0.0
325,2025-07-04,9103,8771,0.0
325,2025-07-05,9091,8991,0.0
325,2025-07-06,9204,8950,0.0
325,2025-07-07,9578,9332,0.0
325,2025-07-08,8769,8849,0.0
325,2025-07-09,9005,9212,0.0
325,2025-07-10,9309,9208,0.0
325,2025-07-11,9791,9426,0.0
325,2025-07-12,9263,9248,0.0
325,2025-07-13,9164,9075,0.0
325,2025-07-14,8713,8731,0.0
325,2025-07-15,8796,8689,0.0
325,2025-07-16,9149,8916,0.0
325,2025-07-17,9179,9253,0.0
325,2025-07-18,8961,9034,0.0
325,2025-07-19,9274,9369,0.0
325,2025-07-20,9343,9269,0.0
325,2025-07-21,8726,8687,0.0
325,2025-07-22,9401,9263,0.0
325,2025-07-23,8638,8783,0.0
326,2025-05-29,9336,8992,0.0
326,2025-05-30,9110,8795,0.0
326,2025-05-31,9006,8782,0.0
326,2025-06-01,8953,9036,0.0
326,2025-06-02,9691,9384,0.0
326,2025-06-03,9088,8971,0.0
326,2025-06-04,8798,9009,0.0
326,2025-06-05,8594,8635,0.0
326,2025-06-06,8416,8607,0.0
326,2025-06-07,8381,8628,0.0
326,2025-06-08,9016,8972,0.0
326,2025-06-09,9438,9286,0.0
326,2025-06-10,9280,9327,0.0
326,2025-06-11,9477,9416,0.0
326,2025-06-12,9285,9008,0.0
326,2025-06-13,9117,8906,0.0
326,2025-06-14,9578,9441,0.0
326,2025-06-15,9267,9400,0.0
326,2025-06-16,8935,9176,0.0
326,2025-06-17,8670,8675,0.0
326,2025-06-18,9056,8888,0.0
326,2025-06-19,8902,9037,0.0
326,2025-06-20,9792,9481,0.0
326,2025-06-21,9106,9249,0.0
326,2025-06-22,9133,9109,0.0
326,2025-06-23,8985,8741,0.0
326,2025-06-24,9745,9453,0.0
326,2025-06-25,9258,9351,0.0
326,2025-06-26,8731,8758,0.0
326,2025-06-27,9033,9055,0.0
326,2025-06-28,8989,8876,0.0
326,2025-06-29,9043,9264,0.0
326,2025-06-30,9141,9193,0.0
326,2025-07-01,8978,8775,0.0
326,2025-07-02,9407,9366,0.0
326,2025-07-03,8632,8883,0.0
326,2025-07-04,9363,9251,0.0
326,2025-07-05,9101,9177,0.0
326,2025-07-06,9025,9139,0.0
326,2025-07-07,9559,9311,0.0
326,2025-07-08,9204,9099,0.0
326,2025-07-09,9017,8874,0.0
326,2025-07-10,9632,9467,0.0
326,2025-07-11,9390,9178,0.0
326,2025-07-12,8669,8826,0.0
326,2025-07-13,8700,8840,0.0
326,2025-07-14,9801,9446,0.0
326,2025-07-15,8891,8716,0.0
326,2025-07-16,9482,9440,0.0
326,2025-07-17,8689,8910,0.0
326,2025-07-18,9056,8795,0.0
326,2025-07-19,9197,9066,0.0
326,2025-07-20,8724,8991,0.0
326,2025-07-21,8622,8688,0.0
326,2025-07-22,8975,8905,0.0
326,2025-07-23,8828,8696,0.0
327,2025-05-29,2461,2532,0.0
327,2025-05-30,2636,2596,0.0
327,2025-05-31,2435,2487,0.0
327,2025-06-01,2497,2510,0.0
327,2025-06-02,2647,2676,0.0
327,2025-06-03,2728,2731,0.0
327,2025-06-04,2525,2589,0.0
327,2025-06-05,2597,2602,0.0
327,2025-06-06,2475,2485,0.0
327,2025-06-07,2508,2569,0.0
327,2025-06-08,2594,2543,0.0
327,2025-06-09,2789,2683,0.0
327,2025-06-10,2455,2531,0.0
327,2025-06-11,2611,2571,0.0
327,2025-06-12,2553,2562,0.0
327,2025-06-13,2691,2703,0.0
327,2025-06-14,2779,2701,0.0
327,2025-06-15,2670,2677,0.0
327,2025-06-16,2756,2672,0.0
327,2025-06-17,2636,2607,0.0
327,2025-06-18,2599,2504,0.0
327,2025-06-19,2418,2483,0.0
327,2025-06-20,2659,2643,0.0
327,2025-06-21,2760,2692,0.0
327,2025-06-22,2496,2546,0.0
327,2025-06-23,2592,2560,0.0
327,2025-06-24,2764,2681,0.0
327,2025-06-25,2519,2563,0.0
327,2025-06-26,2497,2488,0.0
327,2025-06-27,2506,2508,0.0
327,2025-06-28,2689,2700,0.0
327,2025-06-29,1216,2701,0.0
327,2025-06-30,1252,2701,0.0
327,2025-07-01,1237,2566,0.0
327,2025-07-02,1304,2710,0.0
327,2025-07-03,1179,2638,0.0
327,2025-07-04,1309,2667,0.0
327,2025-07-05,1199,2715,0.0
327,2025-07-06,2631,2633,0.0
327,2025-07-07,2564,2632,0.0
327,2025-07-08,2549,2511,0.0
327,2025-07-09,2687,2607,0.0
327,2025-07-10,2570,2495,0.0
327,2025-07-11,2580,2586,0.0
327,2025-07-12,2527,2595,0.0
327,2025-07-13,2574,2497,0.0
327,2025-07-14,2578,2552,0.0
327,2025-07-15,2596,2654,0.0
327,2025-07-16,2732,2705,0.0
327,2025-07-17,2648,2641,0.0
327,2025-07-18,2552,2509,0.0
327,2025-07-19,2583,2557,0.0
327,2025-07-20,2632,2630,0.0
327,2025-07-21,2693,2658,0.0
327,2025-07-22,2574,2553,0.0
327,2025-07-23,2498,2500,0.0
328,2025-05-29,24065,24546,0.0
328,2025-05-30,24436,23608,0.0
328,2025-05-31,25048,24901,0.0
328,2025-06-01,24019,23832,0.0
328,2025-06-02,25211,25140,0.0
328,2025-06-03,25473,25278,0.0
328,2025-06-04,24484,24966,0.0
328,2025-06-05,24632,24587,0.0
328,2025-06-06,25847,24876,0.0
328,2025-06-07,24307,24123,0.0
328,2025-06-08,25024,25473,0.0
328,2025-06-09,24342,23532,0.0
328,2025-06-10,23538,23106,0.0
328,2025-06-11,23731,23163,0.0
328,2025-06-12,23696,23234,0.0
328,2025-06-13,24085,24262,0.0
328,2025-06-14,25305,25476,0.0
328,2025-06-15,24326,25050,0.0
328,2025-06-16,24516,24925,0.0
328,2025-06-17,24872,24011,0.0
328,2025-06-18,25588,24842,0.0
328,2025-06-19,24507,25106,0.0
328,2025-06-20,24852,24934,0.0
328,2025-06-21,23388,23237,0.0
328,2025-06-22,22789,23464,0.0
328,2025-06-23,25566,25378,0.0
328,2025-06-24,24607,24062,0.0
328,2025-06-25,25515,24637,0.0
328,2025-06-26,25755,25047,0.0
328,2025-06-27,23146,23659,0.0
328,2025-06-28,24390,25001,0.0
328,2025-06-29,23133,23753,0.0
328,2025-06-30,25054,24689,0.0
328,2025-07-01,25292,24681,0.0
328,2025-07-02,24367,24461,0.0
328,2025-07-03,24572,24216,0.0
328,2025-07-04,25203,25011,0.0
328,2025-07-05,24128,24664,0.0
328,2025-07-06,24268,23962,0.0
328,2025-07-07,23394,23258,0.0
328,2025-07-08,24708,25037,0.0
328,2025-07-09,23747,23140,0.0
328,2025-07-10,25333,24520,0.0
328,2025-07-11,24641,24859,0.0
328,2025-07-12,23467,23712,0.0
328,2025-07-13,25325,24734,0.0
328,2025-07-14,24071,23875,0.0
328,2025-07-15,23909,23618,0.0
328,2025-07-16,23169,23455,0.0
328,2025-07-17,25461,25230,0.0
328,2025-07-18,25775,24785,0.0
328,2025-07-19,25531,24588,0.0
328,2025-07-20,24565,24131,0.0
328,2025-07-21,25235,24526,0.0
328,2025-07-22,23599,24292,0.0
328,2025-07-23,26406,25402,0.0
329,2025-05-29,10451,10736,0.0
329,2025-05-30,10714,10357,0.0
329,2025-05-31,10989,10594,0.0
329,2025-06-01,11066,10742,0.0
329,2025-06-02,11386,11221,0.0
329,2025-06-03,10360,10389,0.0
329,2025-06-04,11274,11019,0.0
329,2025-06-05,10880,10579,0.0
329,2025-06-06,11127,10721,0.0
329,2025-06-07,10647,10332,0.0
329,2025-06-08,11050,10648,0.0
329,2025-06-09,11408,11337,0.0
329,2025-06-10,10674,10581,0.0
329,2025-06-11,10738,10554,0.0
329,2025-06-12,10967,10802,0.0
329,2025-06-13,11535,11333,0.0
329,2025-06-14,10721,10802,0.0
329,2025-06-15,10181,10285,0.0
329,2025-06-16,10346,10492,0.0
329,2025-06-17,11037,11086,0.0
329,2025-06-18,10794,10726,0.0
329,2025-06-19,10930,10916,0.0
329,2025-06-20,10603,10471,0.0
329,2025-06-21,10408,10614,0.0
329,2025-06-22,11185,11284,0.0
329,2025-06-23,10968,10976,0.0
329,2025-06-24,10328,10571,0.0
329,2025-06-25,11053,10653,0.0
329,2025-06-26,10563,10507,0.0
329,2025-06-27,10771,10360,0.0
329,2025-06-28,10472,10368,0.0
329,2025-06-29,10980,11210,0.0
329,2025-06-30,10489,10508,0.0
329,2025-07-01,11576,11182,0.0
329,2025-07-02,11175,10758,0.0
329,2025-07-03,11282,11033,0.0
329,2025-07-04,10887,10853,0.0
329,2025-07-05,11314,11198,0.0
329,2025-07-06,10626,10826,0.0
329,2025-07-07,10841,10991,0.0
329,2025-07-08,10628,10679,0.0
329,2025-07-09,10408,10579,0.0
329,2025-07-10,10555,10475,0.0
329,2025-07-11,10820,10964,0.0
329,2025-07-12,10385,10617,0.0
329,2025-07-13,11119,10795,0.0
329,2025-07-14,11256,11121,0.0
329,2025-07-15,10861,10679,0.0
329,2025-07-16,10907,10506,0.0
329,2025-07-17,11336,11244,0.0
329,2025-07-18,11582,11150,0.0
329,2025-07-19,11116,11258,0.0
329,2025-07-20,10501,10669,0.0
329,2025-07-21,10567,10512,0.0
329,2025-07-22,10453,10405,0.0
329,2025-07-23,10379,10459,0.0
330,2025-05-29,2402,2421,0.0
330,2025-05-30,2340,2294,0.0
330,2025-05-31,2392,2425,0.0
330,2025-06-01,2254,2308,0.0
330,2025-06-02,2422,2436,0.0
330,2025-06-03,2532,2470,0.0
330,2025-06-04,2346,2363,0.0
330,2025-06-05,2396,2376,0.0
330,2025-06-06,2423,2348,0.0
330,2025-06-07,2357,2428,0.0
330,2025-06-08,2407,2337,0.0
330,2025-06-09,2366,2384,0.0
330,2025-06-10,2425,2332,0.0
330,2025-06-11,2420,2405,0.0
330,2025-06-12,2349,2372,0.0
330,2025-06-13,2337,2297,0.0
330,2025-06-14,2337,2346,0.0
330,2025-06-15,2350,2364,0.0
330,2025-06-16,2263,2304,0.0
330,2025-06-17,2417,2367,0.0
330,2025-06-18,2526,2468,0.0
330,2025-06-19,2365,2411,0.0
330,2025-06-20,2562,2486,0.0
330,2025-06-21,2398,2350,0.0
330,2025-06-22,2362,2347,0.0
330,2025-06-23,2474,2456,0.0
330,2025-06-24,2246,2293,0.0
330,2025-06-25,2388,2427,0.0
330,2025-06-26,2298,2356,0.0
330,2025-06-27,2466,2461,0.0
330,2025-06-28,2287,2347,0.0
330,2025-06-29,2482,2411,0.0
330,2025-06-30,2268,2265,0.0
330,2025-07-01,2517,2458,0.0
330,2025-07-02,2515,2457,0.0
330,2025-07-03,2559,2482,0.0
330,2025-07-04,2481,2479,0.0
330,2025-07-05,2518,2462,0.0
330,2025-07-06,2444,2425,0.0
330,2025-07-07,2432,2434,0.0
330,2025-07-08,2434,2494,0.0
330,2025-07-09,2492,2399,0.0
330,2025-07-10,2391,2384,0.0
330,2025-07-11,2496,2423,0.0
330,2025-07-12,2386,2318,0.0
330,2025-07-13,2439,2482,0.0
330,2025-07-14,2517,2496,0.0
330,2025-07-15,2489,2427,0.0
330,2025-07-16,2482,2444,0.0
330,2025-07-17,2561,2466,0.0
330,2025-07-18,2449,2456,0.0
330,2025-07-19,2441,2437,0.0
330,2025-07-20,2511,2440,0.0
330,2025-07-21,2449,2440,0.0
330,2025-07-22,2302,2328,0.0
330,2025-07-23,2354,2408,0.0
331,2025-05-29,8927,8627,0.0
331,2025-05-30,8345,8500,0.0
331,2025-05-31,9416,9076,0.0
331,2025-06-01,9407,9179,0.0
331,2025-06-02,9350,9094,0.0
331,2025-06-03,8830,8607,0.0
331,2025-06-04,9232,9145,0.0
331,2025-06-05,8759,8952,0.0
331,2025-06-06,9000,8989,0.0
331,2025-06-07,9105,8825,0.0
331,2025-06-08,9178,8876,0.0
331,2025-06-09,9176,9072,0.0
331,2025-06-10,8831,8724,0.0
331,2025-06-11,9107,9339,0.0
331,2025-06-12,9105,8962,0.0
331,2025-06-13,8679,8625,0.0
331,2025-06-14,8652,8830,0.0
331,2025-06-15,9291,8950,0.0
331,2025-06-16,8681,8502,0.0
331,2025-06-17,9087,8922,0.0
331,2025-06-18,8897,8932,0.0
331,2025-06-19,9396,9159,0.0
331,2025-06-20,8954,9071,0.0
331,2025-06-21,8937,8811,0.0
331,2025-06-22,9178,9071,0.0
331,2025-06-23,8997,8860,0.0
331,2025-06-24,8889,9049,0.0
331,2025-06-25,8991,8832,0.0
331,2025-06-26,8536,8614,0.0
331,2025-06-27,8909,8978,0.0
331,2025-06-28,9084,9010,0.0
331,2025-06-29,8707,8491,0.0
331,2025-06-30,9316,8979,0.0
331,2025-07-01,9226,9171,0.0
331,2025-07-02,9495,9170,0.0
331,2025-07-03,8629,8571,0.0
331,2025-07-04,9191,8900,0.0
331,2025-07-05,9060,9154,0.0
331,2025-07-06,8966,8672,0.0
331,2025-07-07,8690,8708,0.0
331,2025-07-08,9287,8946,0.0
331,2025-07-09,8835,8787,0.0
331,2025-07-10,9022,8941,0.0
331,2025-07-11,9069,9177,0.0
331,2025-07-12,9091,9233,0.0
331,2025-07-13,8413,8590,0.0
331,2025-07-14,8732,8875,0.0
331,2025-07-15,9355,9124,0.0
331,2025-07-16,9617,9252,0.0
331,2025-07-17,8852,8989,0.0
331,2025-07-18,9518,9182,0.0
331,2025-07-19,8789,9014,0.0
331,2025-07-20,9099,8940,0.0
331,2025-07-21,8923,8697,0.0
331,2025-07-22,9408,9113,0.0
331,2025-07-23,8775,9017,0.0
332,2025-05-29,15969,15924,0.0
332,2025-05-30,15515,15624,0.0
332,2025-05-31,15740,15648,0.0
332,2025-06-01,15025,15295,0.0
332,2025-06-02,16054,15912,0.0
332,2025-06-03,14862,15250,0.0
332,2025-06-04,15206,14875,0.0
332,2025-06-05,14321,14590,0.0
332,2025-06-06,16385,15805,0.0
332,2025-06-07,14359,14693,0.0
332,2025-06-08,15346,15392,0.0
332,2025-06-09,15052,15040,0.0
332,2025-06-10,14433,14650,0.0
332,2025-06-11,14431,14653,0.0
332,2025-06-12,14685,14623,0.0
332,2025-06-13,14838,14476,0.0
332,2025-06-14,14561,14822,0.0
332,2025-06-15,15435,15753,0.0
332,2025-06-16,15393,15289,0.0
332,2025-06-17,15735,15261,0.0
332,2025-06-18,14891,14704,0.0
332,2025-06-19,14472,14487,0.0
332,2025-06-20,14854,15030,0.0
332,2025-06-21,14823,15140,0.0
332,2025-06-22,15044,14587,0.0
332,2025-06-23,15076,14607,0.0
332,2025-06-24,14944,14793,0.0
332,2025-06-25,14991,14479,0.0
332,2025-06-26,15035,14556,0.0
332,2025-06-27,15917,15727,0.0
332,2025-06-28,14883,14548,0.0
332,2025-06-29,15385,15420,0.0
332,2025-06-30,14985,15277,0.0
332,2025-07-01,14353,14778,0.0
332,2025-07-02,14519,14499,0.0
332,2025-07-03,14883,15311,0.0
332,2025-07-04,16308,15801,0.0
332,2025-07-05,14995,15358,0.0
332,2025-07-06,15299,15767,0.0
332,2025-07-07,15385,15041,0.0
332,2025-07-08,15721,15767,0.0
332,2025-07-09,14860,15063,0.0
332,2025-07-10,15743,15204,0.0
332,2025-07-11,15168,14689,0.0
332,2025-07-12,15092,14880,0.0
332,2025-07-13,15121,15535,0.0
332,2025-07-14,14994,14461,0.0
332,2025-07-15,16154,15814,0.0
332,2025-07-16,16089,15800,0.0
332,2025-07-17,14736,14817,0.0
332,2025-07-18,14267,14492,0.0
332,2025-07-19,16103,15531,0.0
332,2025-07-20,14938,14946,0.0
332,2025-07-21,14549,14926,0.0
332,2025-07-22,15285,14864,0.0
332,2025-07-23,15731,15189,0.0
333,2025-05-29,28017,28810,0.0
333,2025-05-30,29051,28577,0.0
333,2025-05-31,27576,26610,0.0
333,2025-06-01,26291,26679,0.0
333,2025-06-02,27873,27559,0.0
333,2025-06-03,27976,28728,0.0
333,2025-06-04,29247,28928,0.0
333,2025-06-05,27836,27144,0.0
333,2025-06-06,26373,27189,0.0
333,2025-06-07,27283,26890,0.0
333,2025-06-08,28490,28217,0.0
333,2025-06-09,26967,26993,0.0
333,2025-06-10,27201,26947,0.0
333,2025-06-11,28074,28163,0.0
333,2025-06-12,29152,28972,0.0
333,2025-06-13,26984,26887,0.0
333,2025-06-14,28306,27961,0.0
333,2025-06-15,27206,26385,0.0
333,2025-06-16,27703,28536,0.0
333,2025-06-17,27167,27417,0.0
333,2025-06-18,28174,27684,0.0
333,2025-06-19,27545,28308,0.0
333,2025-06-20,27003,27000,0.0
333,2025-06-21,26826,27416,0.0
333,2025-06-22,27784,28633,0.0
333,2025-06-23,27128,27932,0.0
333,2025-06-24,29523,28837,0.0
333,2025-06-25,28547,28665,0.0
333,2025-06-26,28365,28203,0.0
333,2025-06-27,27686,27136,0.0
333,2025-06-28,27947,27128,0.0
333,2025-06-29,26104,26602,0.0
333,2025-06-30,27485,28121,0.0
333,2025-07-01,27036,26720,0.0
333,2025-07-02,26111,26594,0.0
333,2025-07-03,27646,26623,0.0
333,2025-07-04,29101,28912,0.0
333,2025-07-05,27556,28394,0.0
333,2025-07-06,27415,26642,0.0
333,2025-07-07,27409,27299,0.0
333,2025-07-08,27336,27283,0.0
333,2025-07-09,29364,28390,0.0
333,2025-07-10,28364,27412,0.0
333,2025-07-11,28562,27643,0.0
333,2025-07-12,26251,26389,0.0
333,2025-07-13,28729,28785,0.0
333,2025-07-14,28597,28166,0.0
333,2025-07-15,29340,28846,0.0
333,2025-07-16,27495,27118,0.0
333,2025-07-17,27549,28005,0.0
333,2025-07-18,27514,27509,0.0
333,2025-07-19,29651,28744,0.0
333,2025-07-20,28691,28434,0.0
333,2025-07-21,29125,28983,0.0
333,2025-07-22,27949,28793,0.0
333,2025-07-23,28670,29019,0.0
334,2025-05-29,2894,2869,0.0
334,2025-05-30,3062,2967,0.0
334,2025-05-31,2913,2923,0.0
334,2025-06-01,2828,2869,0.0
334,2025-06-02,2817,2755,0.0
334,2025-06-03,2743,2770,0.0
334,2025-06-04,3087,2976,0.0
334,2025-06-05,2934,2926,0.0
334,2025-06-06,2885,2855,0.0
334,2025-06-07,2765,2792,0.0
334,2025-06-08,2920,2834,0.0
334,2025-06-09,2722,2734,0.0
334,2025-06-10,2769,2744,0.0
334,2025-06-11,2849,2907,0.0
334,2025-06-12,2770,2852,0.0
334,2025-06-13,2847,2817,0.0
334,2025-06-14,2774,2820,0.0
334,2025-06-15,2896,2802,0.0
334,2025-06-16,3005,2927,0.0
334,2025-06-17,2820,2788,0.0
334,2025-06-18,2778,2740,0.0
334,2025-06-19,2803,2736,0.0
334,2025-06-20,2792,2775,0.0
334,2025-06-21,2892,2914,0.0
334,2025-06-22,2868,2933,0.0
334,2025-06-23,2903,2856,0.0
334,2025-06-24,2731,2786,0.0
334,2025-06-25,2730,2814,0.0
334,2025-06-26,2968,2955,0.0
334,2025-06-27,2698,2779,0.0
334,2025-06-28,2770,2822,0.0
334,2025-06-29,3018,2919,0.0
334,2025-06-30,2733,2802,0.0
334,2025-07-01,2783,2850,0.0
334,2025-07-02,3000,2886,0.0
334,2025-07-03,2923,2829,0.0
334,2025-07-04,2969,2870,0.0
334,2025-07-05,2706,2738,0.0
334,2025-07-06,3001,3010,0.0
334,2025-07-07,2743,2740,0.0
334,2025-07-08,2873,2806,0.0
334,2025-07-09,2710,2762,0.0
334,2025-07-10,2741,2788,0.0
334,2025-07-11,2971,2905,0.0
334,2025-07-12,2905,2910,0.0
334,2025-07-13,2880,2948,0.0
334,2025-07-14,3095,2985,0.0
334,2025-07-15,2982,2959,0.0
334,2025-07-16,2917,2919,0.0
334,2025-07-17,2987,3003,0.0
334,2025-07-18,2690,2747,0.0
334,2025-07-19,2920,2839,0.0
334,2025-07-20,2927,2936,0.0
334,2025-07-21,3102,3016,0.0
334,2025-07-22,2851,2862,0.0
334,2025-07-23,2916,2839,0.0
335,2025-05-29,6063,6105,0.0
335,2025-05-30,6226,6300,0.0
335,2025-05-31,6259,6124,0.0
335,2025-06-01,6844,6641,0.0
335,2025-06-02,6525,6582,0.0
335,2025-06-03,6621,6441,0.0
335,2025-06-04,6362,6302,0.0
335,2025-06-05,6849,6638,0.0
335,2025-06-06,6249,6184,0.0
335,2025-06-07,6081,6080,0.0
335,2025-06-08,6518,6477,0.0
335,2025-06-09,6287,6143,0.0
335,2025-06-10,6420,6507,0.0
335,2025-06-11,6386,6512,0.0
335,2025-06-12,6106,6232,0.0
335,2025-06-13,6737,6505,0.0
335,2025-06-14,6697,6561,0.0
335,2025-06-15,6393,6435,0.0
335,2025-06-16,6741,6691,0.0
335,2025-06-17,6628,6434,0.0
335,2025-06-18,6278,6097,0.0
335,2025-06-19,6378,6414,0.0
335,2025-06-20,6359,6461,0.0
335,2025-06-21,6345,6102,0.0
335,2025-06-22,6386,6199,0.0
335,2025-06-23,6629,6387,0.0
335,2025-06-24,6755,6544,0.0
335,2025-06-25,6646,6594,0.0
335,2025-06-26,6557,6651,0.0
335,2025-06-27,6081,6141,0.0
335,2025-06-28,6378,6378,0.0
335,2025-06-29,6617,6453,0.0
335,2025-06-30,6756,6632,0.0
335,2025-07-01,6557,6488,0.0
335,2025-07-02,6419,6285,0.0
335,2025-07-03,6831,6638,0.0
335,2025-07-04,6161,6097,0.0
335,2025-07-05,6351,6385,0.0
335,2025-07-06,6809,6560,0.0
335,2025-07-07,6489,6526,0.0
335,2025-07-08,6174,6354,0.0
335,2025-07-09,6951,6710,0.0
335,2025-07-10,6434,6233,0.0
335,2025-07-11,6363,6352,0.0
335,2025-07-12,6385,6486,0.0
335,2025-07-13,6483,6568,0.0
335,2025-07-14,6496,6278,0.0
335,2025-07-15,6504,6339,0.0
335,2025-07-16,6274,6276,0.0
335,2025-07-17,6694,6474,0.0
335,2025-07-18,6248,6190,0.0
335,2025-07-19,6170,6179,0.0
335,2025-07-20,6202,6182,0.0
335,2025-07-21,6149,6221,0.0
335,2025-07-22,6338,6196,0.0
335,2025-07-23,6664,6468,0.0
336,2025-05-29,15878,15722,0.0
336,2025-05-30,14741,14848,0.0
336,2025-05-31,15331,15448,0.0
336,2025-06-01,15294,15644,0.0
336,2025-06-02,14217,14591,0.0
336,2025-06-03,15320,15579,0.0
336,2025-06-04,15184,15218,0.0
336,2025-06-05,15447,15664,0.0
336,2025-06-06,15272,14906,0.0
336,2025-06-07,15463,15061,0.0
336,2025-06-08,15591,15363,0.0
336,2025-06-09,14363,14772,0.0
336,2025-06-10,14665,14371,0.0
336,2025-06-11,15077,15429,0.0
336,2025-06-12,14366,14642,0.0
336,2025-06-13,15337,14882,0.0
336,2025-06-14,14423,14616,0.0
336,2025-06-15,15177,14934,0.0
336,2025-06-16,14447,14342,0.0
336,2025-06-17,15597,15028,0.0
336,2025-06-18,14500,14671,0.0
336,2025-06-19,15267,15529,0.0
336,2025-06-20,14472,14419,0.0
336,2025-06-21,15091,15082,0.0
336,2025-06-22,14324,14339,0.0
336,2025-06-23,14991,14671,0.0
336,2025-06-24,15533,15585,0.0
336,2025-06-25,14137,14548,0.0
336,2025-06-26,14996,14962,0.0
336,2025-06-27,7110,14584,0.0
336,2025-06-28,6666,14422,0.0
336,2025-06-29,7207,14726,0.0
336,2025-06-30,7234,15641,0.0
336,2025-07-01,7340,14918,0.0
336,2025-07-02,7204,14531,0.0
336,2025-07-03,7390,15408,0.0
336,2025-07-04,6949,14731,0.0
336,2025-07-05,6721,14844,0.0
336,2025-07-06,7198,15329,0.0
336,2025-07-07,6894,15542,0.0
336,2025-07-08,7155,15147,0.0
336,2025-07-09,6618,14532,0.0
336,2025-07-10,6775,15061,0.0
336,2025-07-11,6953,15001,0.0
336,2025-07-12,7185,14397,0.0
336,2025-07-13,6908,14891,0.0
336,2025-07-14,7409,15692,0.0
336,2025-07-15,7608,15428,0.0
336,2025-07-16,6565,14343,0.0
336,2025-07-17,6883,14297,0.0
336,2025-07-18,7167,14435,0.0
336,2025-07-19,6811,14843,0.0
336,2025-07-20,7284,15074,0.0
336,2025-07-21,7251,14889,0.0
336,2025-07-22,6866,14634,0.0
336,2025-07-23,7255,15631,0.0
337,2025-05-29,22005,21431,0.0
337,2025-05-30,21883,21381,0.0
337,2025-05-31,20676,21010,0.0
337,2025-06-01,20310,20648,0.0
337,2025-06-02,20903,21418,0.0
337,2025-06-03,20344,20773,0.0
337,2025-06-04,22033,21566,0.0
337,2025-06-05,21941,21104,0.0
337,2025-06-06,20321,20940,0.0
337,2025-06-07,22360,21829,0.0
337,2025-06-08,21466,20941,0.0
337,2025-06-09,22067,21855,0.0
337,2025-06-10,21460,21501,0.0
337,2025-06-11,20591,20845,0.0
337,2025-06-12,21727,21654,0.0
337,2025-06-13,22467,21641,0.0
337,2025-06-14,21815,22336,0.0
337,2025-06-15,22216,21469,0.0
337,2025-06-16,21493,21950,0.0
337,2025-06-17,22511,22190,0.0
337,2025-06-18,21178,20669,0.0
337,2025-06-19,20665,21190,0.0
337,2025-06-20,21358,21694,0.0
337,2025-06-21,21435,21531,0.0
337,2025-06-22,22171,22454,0.0
337,2025-06-23,20794,21302,0.0
337,2025-06-24,20031,20557,0.0
337,2025-06-25,21244,21531,0.0
337,2025-06-26,21460,22009,0.0
337,2025-06-27,21921,21426,0.0
337,2025-06-28,20919,21546,0.0
337,2025-06-29,22398,22586,0.0
337,2025-06-30,21401,21337,0.0
337,2025-07-01,21372,20987,0.0
337,2025-07-02,20569,20455,0.0
337,2025-07-03,21372,20981,0.0
337,2025-07-04,20969,21481,0.0
337,2025-07-05,21054,21590,0.0
337,2025-07-06,21763,21403,0.0
337,2025-07-07,22054,21742,0.0
337,2025-07-08,22570,22396,0.0
337,2025-07-09,22692,22474,0.0
337,2025-07-10,22996,22119,0.0
337,2025-07-11,23256,22525,0.0
337,2025-07-12,22705,22141,0.0
337,2025-07-13,21887,21559,0.0
337,2025-07-14,21443,21678,0.0
337,2025-07-15,20863,21128,0.0
337,2025-07-16,21950,21354,0.0
337,2025-07-17,20894,20767,0.0
337,2025-07-18,22918,22117,0.0
337,2025-07-19,20245,20807,0.0
337,2025-07-20,21354,21548,0.0
337,2025-07-21,21402,21908,0.0
337,2025-07-22,22031,22168,0.0
337,2025-07-23,22520,22143,0.0
338,2025-05-29,8958,8760,0.0
338,2025-05-30,8936,9178,0.0
338,2025-05-31,8619,8578,0.0
338,2025-06-01,8958,8804,0.0
338,2025-06-02,9489,9448,0.0
338,2025-06-03,9337,9438,0.0
338,2025-06-04,9323,9057,0.0
338,2025-06-05,9130,8782,0.0
338,2025-06-06,9450,9445,0.0
338,2025-06-07,8974,8695,0.0
338,2025-06-08,9075,8734,0.0
338,2025-06-09,8803,8809,0.0
338,2025-06-10,9017,9006,0.0
338,2025-06-11,8729,8745,0.0
338,2025-06-12,9146,9134,0.0
338,2025-06-13,9267,9185,0.0
338,2025-06-14,8782,8751,0.0
338,2025-06-15,9511,9270,0.0
338,2025-06-16,8938,8919,0.0
338,2025-06-17,9610,9429,0.0
338,2025-06-18,9183,9341,0.0
338,2025-06-19,9293,9129,0.0
338,2025-06-20,9092,8919,0.0
338,2025-06-21,9165,9076,0.0
338,2025-06-22,9246,9248,0.0
338,2025-06-23,9092,9180,0.0
338,2025-06-24,8879,8778,0.0
338,2025-06-25,9214,9351,0.0
338,2025-06-26,9174,9190,0.0
338,2025-06-27,9135,8980,0.0
338,2025-06-28,9139,8887,0.0
338,2025-06-29,9599,9368,0.0
338,2025-06-30,8918,8870,0.0
338,2025-07-01,8906,8960,0.0
338,2025-07-02,9540,9353,0.0
338,2025-07-03,8635,8676,0.0
338,2025-07-04,9539,9420,0.0
338,2025-07-05,8972,8925,0.0
338,2025-07-06,9233,9165,0.0
338,2025-07-07,9619,9373,0.0
338,2025-07-08,8668,8815,0.0
338,2025-07-09,9132,9061,0.0
338,2025-07-10,9065,9235,0.0
338,2025-07-11,9177,8892,0.0
338,2025-07-12,8703,8794,0.0
338,2025-07-13,8652,8716,0.0
338,2025-07-14,9154,8903,0.0
338,2025-07-15,8820,8692,0.0
338,2025-07-16,9645,9283,0.0
338,2025-07-17,8693,8852,0.0
338,2025-07-18,9388,9052,0.0
338,2025-07-19,9691,9374,0.0
338,2025-07-20,9415,9203,0.0
338,2025-07-21,9281,8947,0.0
338,2025-07-22,9228,9240,0.0
338,2025-07-23,8650,8554,0.0
339,2025-05-29,12448,12105,0.0
339,2025-05-30,12994,12648,0.0
339,2025-05-31,11978,12084,0.0
339,2025-06-01,11403,11680,0.0
339,2025-06-02,12644,12485,0.0
339,2025-06-03,12542,12111,0.0
339,2025-06-04,11832,11877,0.0
339,2025-06-05,11863,12125,0.0
339,2025-06-06,11897,11614,0.0
339,2025-06-07,12384,12050,0.0
339,2025-06-08,13023,12539,0.0
339,2025-06-09,12756,12393,0.0
339,2025-06-10,12253,12447,0.0
339,2025-06-11,11980,11775,0.0
339,2025-06-12,11686,11530,0.0
339,2025-06-13,12667,12452,0.0
339,2025-06-14,11840,11710,0.0
339,2025-06-15,11953,11570,0.0
339,2025-06-16,12369,11942,0.0
339,2025-06-17,11823,11877,0.0
339,2025-06-18,11841,11948,0.0
339,2025-06-19,12337,12162,0.0
339,2025-06-20,12789,12320,0.0
339,2025-06-21,12505,12301,0.0
339,2025-06-22,12722,12439,0.0
339,2025-06-23,12514,12545,0.0
339,2025-06-24,11795,11871,0.0
339,2025-06-25,12169,12358,0.0
339,2025-06-26,12796,12504,0.0
339,2025-06-27,11916,12183,0.0
339,2025-06-28,11184,11525,0.0
339,2025-06-29,11952,11950,0.0
339,2025-06-30,12278,12553,0.0
339,2025-07-01,12862,12533,0.0
339,2025-07-02,11914,11725,0.0
339,2025-07-03,11655,11948,0.0
339,2025-07-04,11977,12329,0.0
339,2025-07-05,12213,12330,0.0
339,2025-07-06,12007,12051,0.0
339,2025-07-07,12244,12108,0.0
339,2025-07-08,11657,11769,0.0
339,2025-07-09,12784,12554,0.0
339,2025-07-10,12204,12240,0.0
339,2025-07-11,12064,12045,0.0
339,2025-07-12,12278,11929,0.0
339,2025-07-13,11482,11511,0.0
339,2025-07-14,11920,11815,0.0
339,2025-07-15,12475,11996,0.0
339,2025-07-16,11729,11776,0.0
339,2025-07-17,11759,11681,0.0
339,2025-07-18,12398,12226,0.0
339,2025-07-19,12151,12017,0.0
339,2025-07-20,12344,12369,0.0
339,2025-07-21,12538,12436,0.0
339,2025-07-22,12918,12474,0.0
339,2025-07-23,11790,12055,0.0
340,2025-05-29,2400,2419,0.0
340,2025-05-30,2330,2354,0.0
340,2025-05-31,2317,2386,0.0
340,2025-06-01,2324,2358,0.0
340,2025-06-02,2367,2365,0.0
340,2025-06-03,2413,2464,0.0
340,2025-06-04,2368,2421,0.0
340,2025-06-05,2361,2393,0.0
340,2025-06-06,2264,2325,0.0
340,2025-06-07,2539,2500,0.0
340,2025-06-08,2254,2290,0.0
340,2025-06-09,2390,2355,0.0
340,2025-06-10,2473,2511,0.0
340,2025-06-11,2346,2305,0.0
340,2025-06-12,2483,2524,0.0
340,2025-06-13,2411,2364,0.0
340,2025-06-14,2433,2432,0.0
340,2025-06-15,2231,2295,0.0
340,2025-06-16,2340,2381,0.0
340,2025-06-17,2551,2490,0.0
340,2025-06-18,2336,2316,0.0
340,2025-06-19,2347,2377,0.0
340,2025-06-20,2349,2386,0.0
340,2025-06-21,2415,2412,0.0
340,2025-06-22,2413,2453,0.0
340,2025-06-23,2410,2374,0.0
340,2025-06-24,2384,2298,0.0
340,2025-06-25,2326,2381,0.0
340,2025-06-26,2519,2515,0.0
340,2025-06-27,2527,2431,0.0
340,2025-06-28,2507,2443,0.0
340,2025-06-29,2501,2464,0.0
340,2025-06-30,2364,2317,0.0
340,2025-07-01,2450,2377,0.0
340,2025-07-02,2270,2304,0.0
340,2025-07-03,2358,2360,0.0
340,2025-07-04,2484,2425,0.0
340,2025-07-05,2266,2317,0.0
340,2025-07-06,2425,2358,0.0
340,2025-07-07,2264,2291,0.0
340,2025-07-08,2408,2454,0.0
340,2025-07-09,2426,2352,0.0
340,2025-07-10,2397,2420,0.0
340,2025-07-11,2368,2318,0.0
340,2025-07-12,2460,2392,0.0
340,2025-07-13,2540,2515,0.0
340,2025-07-14,2345,2378,0.0
340,2025-07-15,2479,2469,0.0
340,2025-07-16,2503,2487,0.0
340,2025-07-17,2454,2425,0.0
340,2025-07-18,2314,2287,0.0
340,2025-07-19,2466,2410,0.0
340,2025-07-20,2470,2505,0.0
340,2025-07-21,2448,2356,0.0
340,2025-07-22,2360,2342,0.0
340,2025-07-23,2490,2464,0.0
341,2025-05-29,6014,5823,0.0
341,2025-05-30,5667,5821,0.0
341,2025-05-31,5873,5931,0.0
341,2025-06-01,5588,5685,0.0
341,2025-06-02,5713,5832,0.0
341,2025-06-03,5708,5743,0.0
341,2025-06-04,5743,5691,0.0
341,2025-06-05,5874,5804,0.0
341,2025-06-06,5910,5750,0.0
341,2025-06-07,6212,6192,0.0
341,2025-06-08,6249,6237,0.0
341,2025-06-09,5980,5800,0.0
341,2025-06-10,5680,5804,0.0
341,2025-06-11,5945,5796,0.0
341,2025-06-12,6288,6237,0.0
341,2025-06-13,5875,5672,0.0
341,2025-06-14,5917,5965,0.0
341,2025-06-15,6135,6063,0.0
341,2025-06-16,5762,5664,0.0
341,2025-06-17,5966,5875,0.0
341,2025-06-18,5953,5926,0.0
341,2025-06-19,6124,5933,0.0
341,2025-06-20,5605,5767,0.0
341,2025-06-21,6120,6025,0.0
341,2025-06-22,6183,6011,0.0
341,2025-06-23,5740,5845,0.0
341,2025-06-24,6145,5922,0.0
341,2025-06-25,6326,6246,0.0
341,2025-06-26,6304,6065,0.0
341,2025-06-27,6003,6056,0.0
341,2025-06-28,5785,5799,0.0
341,2025-06-29,6077,5938,0.0
341,2025-06-30,5984,5962,0.0
341,2025-07-01,5792,5895,0.0
341,2025-07-02,6113,6109,0.0
341,2025-07-03,5734,5695,0.0
341,2025-07-04,6330,6127,0.0
341,2025-07-05,6025,5887,0.0
341,2025-07-06,5869,5724,0.0
341,2025-07-07,5602,5771,0.0
341,2025-07-08,6027,5897,0.0
341,2025-07-09,6087,6141,0.0
341,2025-07-10,5869,5834,0.0
341,2025-07-11,5967,5893,0.0
341,2025-07-12,6117,6144,0.0
341,2025-07-13,5980,5923,0.0
341,2025-07-14,5928,5787,0.0
341,2025-07-15,6169,6227,0.0
341,2025-07-16,6300,6140,0.0
341,2025-07-17,6267,6040,0.0
341,2025-07-18,5675,5732,0.0
341,2025-07-19,5972,5880,0.0
341,2025-07-20,5815,5975,0.0
341,2025-07-21,5540,5699,0.0
341,2025-07-22,5863,5969,0.0
341,2025-07-23,5732,5805,0.0
342,2025-05-29,55862,55459,0.0
342,2025-05-30,55575,54957,0.0
342,2025-05-31,53860,52287,0.0
342,2025-06-01,53093,53369,0.0
342,2025-06-02,51384,50780,0.0
342,2025-06-03,50800,51739,0.0
342,2025-06-04,52999,51285,0.0
342,2025-06-05,57344,55327,0.0
342,2025-06-06,52577,53005,0.0
342,2025-06-07,54222,54843,0.0
342,2025-06-08,56119,55773,0.0
342,2025-06-09,54555,53134,0.0
342,2025-06-10,56213,55059,0.0
342,2025-06-11,51022,51862,0.0
342,2025-06-12,55185,55574,0.0
342,2025-06-13,52370,50682,0.0
342,2025-06-14,51652,52282,0.0
342,2025-06-15,52594,52781,0.0
342,2025-06-16,52374,51509,0.0
342,2025-06-17,55915,54382,0.0
342,2025-06-18,53177,52074,0.0
342,2025-06-19,49937,53964,1.6
342,2025-06-20,57481,55303,0.0
342,2025-06-21,53310,52539,0.0
342,2025-06-22,55219,55896,0.0
342,2025-06-23,54211,52504,0.0
342,2025-06-24,53528,54932,0.0
342,2025-06-25,53823,54619,0.0
342,2025-06-26,55039,52998,0.0
342,2025-06-27,53530,54169,0.0
342,2025-06-28,55620,54953,0.0
342,2025-06-29,54824,55824,0.0
342,2025-06-30,51027,52174,0.0
342,2025-07-01,51362,51705,0.0
342,2025-07-02,55786,54971,0.0
342,2025-07-03,56035,54934,0.0
342,2025-07-04,56244,54134,0.0
342,2025-07-05,51719,50589,0.0
342,2025-07-06,55343,55025,0.0
342,2025-07-07,55245,53274,0.0
342,2025-07-08,52445,52350,0.0
342,2025-07-09,53074,51946,0.0
342,2025-07-10,54789,53869,0.0
342,2025-07-11,51762,50675,0.0
342,2025-07-12,56151,55734,0.0
342,2025-07-13,51034,52417,0.0
342,2025-07-14,54057,52800,0.0
342,2025-07-15,51616,52714,0.0
342,2025-07-16,38320,51086,6.0
342,2025-07-17,55806,54683,0.0
342,2025-07-18,52161,51404,0.0
342,2025-07-19,49676,51209,0.0
342,2025-07-20,51608,51790,0.0
342,2025-07-21,53311,52022,0.0
342,2025-07-22,49597,50664,0.0
342,2025-07-23,51772,50902,0.0
343,2025-05-29,12382,11914,0.0
343,2025-05-30,11493,11255,0.0
343,2025-05-31,12216,12093,0.0
343,2025-06-01,11249,11558,0.0
343,2025-06-02,11080,11028,0.0
343,2025-06-03,12153,11804,0.0
343,2025-06-04,12123,11995,0.0
343,2025-06-05,11175,11325,0.0
343,2025-06-06,11992,11744,0.0
343,2025-06-07,12304,11875,0.0
343,2025-06-08,11244,11461,0.0
343,2025-06-09,11072,11394,0.0
343,2025-06-10,11778,11832,0.0
343,2025-06-11,12334,12099,0.0
343,2025-06-12,11691,11454,0.0
343,2025-06-13,11367,11596,0.0
343,2025-06-14,11583,11441,0.0
343,2025-06-15,12166,11861,0.0
343,2025-06-16,11823,11812,0.0
343,2025-06-17,12289,11950,0.0
343,2025-06-18,11844,11709,0.0
343,2025-06-19,11522,11251,0.0
343,2025-06-20,11471,11801,0.0
343,2025-06-21,11351,11636,0.0
343,2025-06-22,11960,11894,0.0
343,2025-06-23,11722,11626,0.0
343,2025-06-24,11827,12031,0.0
343,2025-06-25,11422,11028,0.0
343,2025-06-26,11738,11405,0.0
343,2025-06-27,11808,12018,0.0
343,2025-06-28,11777,11711,0.0
343,2025-06-29,11094,11025,0.0
343,2025-06-30,12008,11661,0.0
343,2025-07-01,12066,11954,0.0
343,2025-07-02,11858,11693,0.0
343,2025-07-03,11891,11616,0.0
343,2025-07-04,11909,11930,0.0
343,2025-07-05,11234,11031,0.0
343,2025-07-06,11367,11350,0.0
343,2025-07-07,11538,11193,0.0
343,2025-07-08,11785,11876,0.0
343,2025-07-09,11178,11015,0.0
343,2025-07-10,11020,11192,0.0
343,2025-07-11,11362,11630,0.0
343,2025-07-12,11698,11529,0.0
343,2025-07-13,12040,11964,0.0
343,2025-07-14,11376,11683,0.0
343,2025-07-15,12145,11781,0.0
343,2025-07-16,11091,11406,0.0
343,2025-07-17,12527,12061,0.0
343,2025-07-18,11167,11475,0.0
343,2025-07-19,12460,12067,0.0
343,2025-07-20,12537,12148,0.0
343,2025-07-21,10864,11035,0.0
343,2025-07-22,11288,11312,0.0
343,2025-07-23,11651,11567,0.0
344,2025-05-29,31427,31025,0.0
344,2025-05-30,34430,33571,0.0
344,2025-05-31,31499,32443,0.0
344,2025-06-01,31469,31152,0.0
344,2025-06-02,33529,33077,0.0
344,2025-06-03,32773,33352,0.0
344,2025-06-04,31605,31474,0.0
344,2025-06-05,33793,33280,0.0
344,2025-06-06,34385,33907,0.0
344,2025-06-07,32167,32966,0.0
344,2025-06-08,32225,32256,0.0
344,2025-06-09,33757,32479,0.0
344,2025-06-10,32144,32330,0.0
344,2025-06-11,32487,33169,0.0
344,2025-06-12,30680,33820,3.0
344,2025-06-13,32463,33008,0.0
344,2025-06-14,32858,32956,0.0
344,2025-06-15,31405,31965,0.0
344,2025-06-16,32184,31083,0.0
344,2025-06-17,33202,33515,0.0
344,2025-06-18,33033,33152,0.0
344,2025-06-19,31239,32118,0.0
344,2025-06-20,33017,33678,0.0
344,2025-06-21,31278,31346,0.0
344,2025-06-22,33397,32132,0.0
344,2025-06-23,33696,32432,0.0
344,2025-06-24,31312,32169,0.0
344,2025-06-25,32836,31660,0.0
344,2025-06-26,34004,33769,0.0
344,2025-06-27,32261,32657,0.0
344,2025-06-28,33583,33512,0.0
344,2025-06-29,24796,33523,6.3
344,2025-06-30,33930,33252,0.0
344,2025-07-01,33343,33279,0.0
344,2025-07-02,32600,32963,0.0
344,2025-07-03,33356,32644,0.0
344,2025-07-04,33095,32353,0.0
344,2025-07-05,29032,32185,2.8
344,2025-07-06,33640,32949,0.0
344,2025-07-07,34539,33388,0.0
344,2025-07-08,34890,33600,0.0
344,2025-07-09,25420,32902,5.7
344,2025-07-10,33074,33571,0.0
344,2025-07-11,32878,33219,0.0
344,2025-07-12,32774,33397,0.0
344,2025-07-13,33290,33619,0.0
344,2025-07-14,31942,30970,0.0
344,2025-07-15,31226,30975,0.0
344,2025-07-16,30106,30966,0.0
344,2025-07-17,32789,32026,0.0
344,2025-07-18,33341,33532,0.0
344,2025-07-19,31847,31835,0.0
344,2025-07-20,32724,31575,0.0
344,2025-07-21,31632,32422,0.0
344,2025-07-22,33856,32953,0.0
344,2025-07-23,32953,32025,0.0
345,2025-05-29,9431,9610,0.0
345,2025-05-30,10473,10099,0.0
345,2025-05-31,10175,9813,0.0
345,2025-06-01,9973,9677,0.0
345,2025-06-02,10238,9907,0.0
345,2025-06-03,9612,9402,0.0
345,2025-06-04,10317,9965,0.0
345,2025-06-05,9909,9767,0.0
345,2025-06-06,9892,9819,0.0
345,2025-06-07,10200,10001,0.0
345,2025-06-08,9085,9313,0.0
345,2025-06-09,9133,9173,0.0
345,2025-06-10,9914,10001,0.0
345,2025-06-11,9838,10099,0.0
345,2025-06-12,10078,9903,0.0
345,2025-06-13,9595,9275,0.0
345,2025-06-14,9361,9582,0.0
345,2025-06-15,9835,9651,0.0
345,2025-06-16,9374,9664,0.0
345,2025-06-17,9864,10101,0.0
345,2025-06-18,9745,9590,0.0
345,2025-06-19,9557,9566,0.0
345,2025-06-20,9376,9507,0.0
345,2025-06-21,9076,9300,0.0
345,2025-06-22,9341,9348,0.0
345,2025-06-23,9408,9263,0.0
345,2025-06-24,9601,9890,0.0
345,2025-06-25,10011,9668,0.0
345,2025-06-26,9635,9570,0.0
345,2025-06-27,9857,9864,0.0
345,2025-06-28,9352,9433,0.0
345,2025-06-29,9794,9490,0.0
345,2025-06-30,9569,9452,0.0
345,2025-07-01,9556,9476,0.0
345,2025-07-02,9570,9434,0.0
345,2025-07-03,9160,9319,0.0
345,2025-07-04,10066,10045,0.0
345,2025-07-05,10033,9957,0.0
345,2025-07-06,9768,9626,0.0
345,2025-07-07,9916,9879,0.0
345,2025-07-08,9876,9705,0.0
345,2025-07-09,9524,9757,0.0
345,2025-07-10,9340,9369,0.0
345,2025-07-11,9613,9797,0.0
345,2025-07-12,9495,9616,0.0
345,2025-07-13,9508,9249,0.0
345,2025-07-14,9328,9169,0.0
345,2025-07-15,9967,9839,0.0
345,2025-07-16,10176,9807,0.0
345,2025-07-17,10189,9934,0.0
345,2025-07-18,10057,10112,0.0
345,2025-07-19,9515,9741,0.0
345,2025-07-20,9762,9796,0.0
345,2025-07-21,9489,9289,0.0
345,2025-07-22,9203,9449,0.0
345,2025-07-23,9611,9298,0.0
346,2025-05-29,20654,20245,0.0
346,2025-05-30,20513,20128,0.0
346,2025-05-31,21407,20633,0.0
346,2025-06-01,21194,20792,0.0
346,2025-06-02,20138,19860,0.0
346,2025-06-03,20959,20422,0.0
346,2025-06-04,19999,20194,0.0
346,2025-06-05,22149,21407,0.0
346,2025-06-06,21350,20786,0.0
346,2025-06-07,21675,20971,0.0
346,2025-06-08,20516,20508,0.0
346,2025-06-09,20027,19568,0.0
346,2025-06-10,21304,20879,0.0
346,2025-06-11,20696,20741,0.0
346,2025-06-12,20286,19784,0.0
346,2025-06-13,21345,20566,0.0
346,2025-06-14,20760,21313,0.0
346,2025-06-15,20121,19830,0.0
346,2025-06-16,20651,19950,0.0
346,2025-06-17,20418,20222,0.0
346,2025-06-18,20313,20467,0.0
346,2025-06-19,21688,21295,0.0
346,2025-06-20,20748,20647,0.0
346,2025-06-21,22095,21362,0.0
346,2025-06-22,20128,20385,0.0
346,2025-06-23,20627,20822,0.0
346,2025-06-24,19782,20257,0.0
346,2025-06-25,19526,19583,0.0
346,2025-06-26,21070,20912,0.0
346,2025-06-27,20379,20650,0.0
346,2025-06-28,19806,20006,0.0
346,2025-06-29,20042,19801,0.0
346,2025-06-30,19820,19873,0.0
346,2025-07-01,20195,20376,0.0
346,2025-07-02,21590,21329,0.0
346,2025-07-03,20743,21122,0.0
346,2025-07-04,20290,20762,0.0
346,2025-07-05,20782,20593,0.0
346,2025-07-06,20281,20102,0.0
346,2025-07-07,19840,19706,0.0
346,2025-07-08,19952,20364,0.0
346,2025-07-09,19293,19599,0.0
346,2025-07-10,20777,20080,0.0
346,2025-07-11,20275,20759,0.0
346,2025-07-12,21284,20534,0.0
346,2025-07-13,21451,21397,0.0
346,2025-07-14,19125,19405,0.0
346,2025-07-15,21195,20662,0.0
346,2025-07-16,21705,20906,0.0
346,2025-07-17,12792,21406,0.0
346,2025-07-18,12712,20850,0.0
346,2025-07-19,12599,19654,0.0
346,2025-07-20,12545,20637,0.0
346,2025-07-21,12368,20066,0.0
346,2025-07-22,12839,20232,0.0
346,2025-07-23,12043,20363,0.0
347,2025-05-29,24251,24872,0.0
347,2025-05-30,26198,26303,0.0
347,2025-05-31,25726,25371,0.0
347,2025-06-01,25474,25778,0.0
347,2025-06-02,27292,26762,0.0
347,2025-06-03,23933,24661,0.0
347,2025-06-04,26419,25740,0.0
347,2025-06-05,26909,26439,0.0
347,2025-06-06,26809,25857,0.0
347,2025-06-07,25970,25987,0.0
347,2025-06-08,25055,24900,0.0
347,2025-06-09,25455,25249,0.0
347,2025-06-10,25280,25730,0.0
347,2025-06-11,26728,26604,0.0
347,2025-06-12,25747,26173,0.0
347,2025-06-13,26457,26252,0.0
347,2025-06-14,25708,24932,0.0
347,2025-06-15,24629,24930,0.0
347,2025-06-16,27425,26683,0.0
347,2025-06-17,25105,24909,0.0
347,2025-06-18,27138,26320,0.0
347,2025-06-19,27535,26692,0.0
347,2025-06-20,25647,25864,0.0
347,2025-06-21,26001,25516,0.0
347,2025-06-22,26653,26693,0.0
347,2025-06-23,25665,26272,0.0
347,2025-06-24,25146,24885,0.0
347,2025-06-25,25760,25360,0.0
347,2025-06-26,27492,26840,0.0
347,2025-06-27,26569,26312,0.0
347,2025-06-28,27073,26232,0.0
347,2025-06-29,26638,25913,0.0
347,2025-06-30,27461,27038,0.0
347,2025-07-01,25046,25250,0.0
347,2025-07-02,27167,26920,0.0
347,2025-07-03,24126,24858,0.0
347,2025-07-04,24844,24792,0.0
347,2025-07-05,28009,27139,0.0
347,2025-07-06,27477,26970,0.0
347,2025-07-07,25823,25902,0.0
347,2025-07-08,26575,26745,0.0
347,2025-07-09,27083,26759,0.0
347,2025-07-10,25170,25770,0.0
347,2025-07-11,25791,26078,0.0
347,2025-07-12,25526,24638,0.0
347,2025-07-13,26482,26303,0.0
347,2025-07-14,25932,26679,0.0
347,2025-07-15,26812,25995,0.0
347,2025-07-16,25567,25033,0.0
347,2025-07-17,27223,26835,0.0
347,2025-07-18,24562,24853,0.0
347,2025-07-19,25948,25609,0.0
347,2025-07-20,25593,25367,0.0
347,2025-07-21,25565,26065,0.0
347,2025-07-22,25317,25254,0.0
347,2025-07-23,25136,25679,0.0
348,2025-05-29,32257,32203,0.0
348,2025-05-30,30142,33056,2.3
348,2025-05-31,33171,31916,0.0
348,2025-06-01,30716,31855,1.1
348,2025-06-02,35383,34339,0.0
348,2025-06-03,31634,32597,0.0
348,2025-06-04,21024,32284,8.4
348,2025-06-05,35277,34231,0.0
348,2025-06-06,34811,33962,0.0
348,2025-06-07,33390,34297,0.0
348,2025-06-08,32032,31975,0.0
348,2025-06-09,33443,34323,0.0
348,2025-06-10,31741,32326,0.0
348,2025-06-11,33409,33035,0.0
348,2025-06-12,32390,32994,0.0
348,2025-06-13,35108,34100,0.0
348,2025-06-14,33229,31968,0.0
348,2025-06-15,24062,33289,7.2
348,2025-06-16,35118,34551,0.0
348,2025-06-17,34226,34517,0.0
348,2025-06-18,32789,32494,0.0
348,2025-06-19,33765,32794,0.0
348,2025-06-20,33468,32439,0.0
348,2025-06-21,35640,34512,0.0
348,2025-06-22,34365,33829,0.0
348,2025-06-23,33002,33807,0.0
348,2025-06-24,35690,34914,0.0
348,2025-06-25,34440,33455,0.0
348,2025-06-26,36061,34753,0.0
348,2025-06-27,33564,33959,0.0
348,2025-06-28,32965,32095,0.0
348,2025-06-29,32380,31859,0.0
348,2025-06-30,34528,33402,0.0
348,2025-07-01,32879,32270,0.0
348,2025-07-02,33356,33726,0.0
348,2025-07-03,33515,34410,0.0
348,2025-07-04,34744,33809,0.0
348,2025-07-05,32956,32866,0.0
348,2025-07-06,32901,32395,0.0
348,2025-07-07,34982,33827,0.0
348,2025-07-08,32101,32867,0.0
348,2025-07-09,34749,34477,0.0
348,2025-07-10,32596,32174,0.0
348,2025-07-11,33092,32897,0.0
348,2025-07-12,33638,33387,0.0
348,2025-07-13,31055,31917,0.0
348,2025-07-14,33599,33618,0.0
348,2025-07-15,34177,32929,0.0
348,2025-07-16,33741,34730,0.0
348,2025-07-17,35889,34539,0.0
348,2025-07-18,33496,32958,0.0
348,2025-07-19,33942,34791,0.0
348,2025-07-20,33795,34320,0.0
348,2025-07-21,32599,32845,0.0
348,2025-07-22,33279,32200,0.0
348,2025-07-23,35034,34102,0.0
349,2025-05-29,25919,26020,0.0
349,2025-05-30,26320,26189,0.0
349,2025-05-31,25687,25476,0.0
349,2025-06-01,24712,24420,0.0
349,2025-06-02,25574,26169,0.0
349,2025-06-03,24945,24714,0.0
349,2025-06-04,26182,26587,0.0
349,2025-06-05,24596,24867,0.0
349,2025-06-06,27266,26905,0.0
349,2025-06-07,25371,25628,0.0
349,2025-06-08,24056,24734,0.0
349,2025-06-09,25517,24684,0.0
349,2025-06-10,25865,25396,0.0
349,2025-06-11,27122,26707,0.0
349,2025-06-12,24866,25078,0.0
349,2025-06-13,25975,25982,0.0
349,2025-06-14,26725,26855,0.0
349,2025-06-15,27176,26690,0.0
349,2025-06-16,26491,25754,0.0
349,2025-06-17,25661,25562,0.0
349,2025-06-18,26343,26691,0.0
349,2025-06-19,25463,26148,0.0
349,2025-06-20,25129,25515,0.0
349,2025-06-21,26372,25935,0.0
349,2025-06-22,25518,24629,0.0
349,2025-06-23,25143,24532,0.0
349,2025-06-24,27049,26516,0.0
349,2025-06-25,25706,26032,0.0
349,2025-06-26,26140,26364,0.0
349,2025-06-27,23827,24423,0.0
349,2025-06-28,26072,26376,0.0
349,2025-06-29,24117,24782,0.0
349,2025-06-30,24785,25198,0.0
349,2025-07-01,26397,25610,0.0
349,2025-07-02,24878,25026,0.0
349,2025-07-03,27537,26507,0.0
349,2025-07-04,27416,26375,0.0
349,2025-07-05,27380,26776,0.0
349,2025-07-06,26103,25357,0.0
349,2025-07-07,26247,25310,0.0
349,2025-07-08,17462,24743,0.0
349,2025-07-09,18557,25817,0.0
349,2025-07-10,20137,26637,0.0
349,2025-07-11,18529,26247,0.0
349,2025-07-12,18057,25373,0.0
349,2025-07-13,19508,25672,0.0
349,2025-07-14,18779,26075,0.0
349,2025-07-15,18864,26885,0.0
349,2025-07-16,17865,24962,0.0
349,2025-07-17,16874,24838,0.0
349,2025-07-18,17934,25427,0.0
349,2025-07-19,18536,26565,0.0
349,2025-07-20,17755,25528,0.0
349,2025-07-21,17782,24736,0.0
349,2025-07-22,18140,25995,0.0
349,2025-07-23,18059,25125,0.0
350,2025-05-29,5875,6055,0.0
350,2025-05-30,5863,5758,0.0
350,2025-05-31,5801,5966,0.0
350,2025-06-01,6005,6024,0.0
350,2025-06-02,5847,5826,0.0
350,2025-06-03,6156,5956,0.0
350,2025-06-04,6056,5882,0.0
350,2025-06-05,6023,5956,0.0
350,2025-06-06,5857,5954,0.0
350,2025-06-07,5962,5789,0.0
350,2025-06-08,5841,5766,0.0
350,2025-06-09,5620,5680,0.0
350,2025-06-10,5673,5636,0.0
350,2025-06-11,5992,6094,0.0
350,2025-06-12,5833,5745,0.0
350,2025-06-13,6013,5936,0.0
350,2025-06-14,6276,6098,0.0
350,2025-06-15,5737,5623,0.0
350,2025-06-16,5471,5638,0.0
350,2025-06-17,5942,5834,0.0
350,2025-06-18,5890,5748,0.0
350,2025-06-19,5956,5798,0.0
350,2025-06-20,6060,5895,0.0
350,2025-06-21,6314,6083,0.0
350,2025-06-22,5966,5929,0.0
350,2025-06-23,6163,6159,0.0
350,2025-06-24,5735,5819,0.0
350,2025-06-25,5990,5851,0.0
350,2025-06-26,5923,5696,0.0
350,2025-06-27,6117,6030,0.0
350,2025-06-28,6115,6132,0.0
350,2025-06-29,5741,5700,0.0
350,2025-06-30,5653,5623,0.0
350,2025-07-01,5708,5628,0.0
350,2025-07-02,6172,5966,0.0
350,2025-07-03,5952,5800,0.0
350,2025-07-04,5978,5761,0.0
350,2025-07-05,5993,5892,0.0
350,2025-07-06,5936,6038,0.0
350,2025-07-07,5756,5762,0.0
350,2025-07-08,6232,6106,0.0
350,2025-07-09,5913,5906,0.0
350,2025-07-10,5872,6038,0.0
350,2025-07-11,5860,5689,0.0
350,2025-07-12,6001,6158,0.0
350,2025-07-13,5597,5762,0.0
350,2025-07-14,5919,5751,0.0
350,2025-07-15,5823,5944,0.0
350,2025-07-16,6173,6017,0.0
350,2025-07-17,5720,5772,0.0
350,2025-07-18,5997,6023,0.0
350,2025-07-19,6033,5824,0.0
350,2025-07-20,5862,5907,0.0
350,2025-07-21,6122,5951,0.0
350,2025-07-22,5622,5628,0.0
350,2025-07-23,5716,5879,0.0
351,2025-05-29,16571,16545,0.0
351,2025-05-30,17800,17372,0.0
351,2025-05-31,16954,17179,0.0
351,2025-06-01,16338,16479,0.0
351,2025-06-02,17219,17455,0.0
351,2025-06-03,16980,17181,0.0
351,2025-06-04,16192,16488,0.0
351,2025-06-05,16997,17068,0.0
351,2025-06-06,17114,16496,0.0
351,2025-06-07,17513,17613,0.0
351,2025-06-08,15958,16361,0.0
351,2025-06-09,16440,16493,0.0
351,2025-06-10,16963,16648,0.0
351,2025-06-11,16109,16363,0.0
351,2025-06-12,17632,17205,0.0
351,2025-06-13,16990,16889,0.0
351,2025-06-14,17023,17382,0.0
351,2025-06-15,16042,16357,0.0
351,2025-06-16,17512,17726,0.0
351,2025-06-17,16609,17082,0.0
351,2025-06-18,17384,17827,0.0
351,2025-06-19,16749,17264,0.0
351,2025-06-20,16649,16584,0.0
351,2025-06-21,16389,16542,0.0
351,2025-06-22,16719,16895,0.0
351,2025-06-23,17581,17891,0.0
351,2025-06-24,17366,16827,0.0
351,2025-06-25,17223,16606,0.0
351,2025-06-26,16588,16661,0.0
351,2025-06-27,17615,17275,0.0
351,2025-06-28,17316,17120,0.0
351,2025-06-29,16836,16252,0.0
351,2025-06-30,16148,16445,0.0
351,2025-07-01,17334,17418,0.0
351,2025-07-02,16929,17343,0.0
351,2025-07-03,17188,16576,0.0
351,2025-07-04,17578,17674,0.0
351,2025-07-05,17351,17295,0.0
351,2025-07-06,18059,17761,0.0
351,2025-07-07,16562,16636,0.0
351,2025-07-08,17693,17311,0.0
351,2025-07-09,16600,16477,0.0
351,2025-07-10,17225,17693,0.0
351,2025-07-11,17069,17419,0.0
351,2025-07-12,16463,16677,0.0
351,2025-07-13,17735,17683,0.0
351,2025-07-14,17493,17707,0.0
351,2025-07-15,18397,17777,0.0
351,2025-07-16,18180,17716,0.0
351,2025-07-17,16426,16879,0.0
351,2025-07-18,15981,16385,0.0
351,2025-07-19,15986,16217,0.0
351,2025-07-20,17109,17306,0.0
351,2025-07-21,16974,16418,0.0
351,2025-07-22,17190,17269,0.0
351,2025-07-23,16010,16275,0.0
352,2025-05-29,11636,11585,0.0
352,2025-05-30,11625,11633,0.0
352,2025-05-31,11929,11486,0.0
352,2025-06-01,10985,11149,0.0
352,2025-06-02,10951,11006,0.0
352,2025-06-03,11315,11362,0.0
352,2025-06-04,10983,10909,0.0
352,2025-06-05,10843,10972,0.0
352,2025-06-06,11337,11231,0.0
352,2025-06-07,11254,11175,0.0
352,2025-06-08,10883,10784,0.0
352,2025-06-09,11076,11141,0.0
352,2025-06-10,11188,10971,0.0
352,2025-06-11,11297,10964,0.0
352,2025-06-12,11331,11256,0.0
352,2025-06-13,12282,11831,0.0
352,2025-06-14,11156,11174,0.0
352,2025-06-15,11177,11062,0.0
352,2025-06-16,11151,11250,0.0
352,2025-06-17,11127,10765,0.0
352,2025-06-18,11111,11091,0.0
352,2025-06-19,11426,11503,0.0
352,2025-06-20,11587,11618,0.0
352,2025-06-21,11670,11600,0.0
352,2025-06-22,11746,11580,0.0
352,2025-06-23,11268,11100,0.0
352,2025-06-24,12128,11715,0.0
352,2025-06-25,11682,11627,0.0
352,2025-06-26,11100,10885,0.0
352,2025-06-27,10886,11062,0.0
352,2025-06-28,10708,11006,0.0
352,2025-06-29,10722,11005,0.0
352,2025-06-30,10577,10854,0.0
352,2025-07-01,10912,11220,0.0
352,2025-07-02,11792,11682,0.0
352,2025-07-03,11424,11693,0.0
352,2025-07-04,10972,11009,0.0
352,2025-07-05,11728,11596,0.0
352,2025-07-06,11117,10838,0.0
352,2025-07-07,11444,11547,0.0
352,2025-07-08,12173,11838,0.0
352,2025-07-09,10970,11185,0.0
352,2025-07-10,10672,10898,0.0
352,2025-07-11,10987,11200,0.0
352,2025-07-12,12187,11833,0.0
352,2025-07-13,10505,10737,0.0
352,2025-07-14,11728,11454,0.0
352,2025-07-15,11460,11072,0.0
352,2025-07-16,11339,11569,0.0
352,2025-07-17,10849,11060,0.0
352,2025-07-18,10684,10997,0.0
352,2025-07-19,11289,11529,0.0
352,2025-07-20,10530,10844,0.0
352,2025-07-21,11092,11330,0.0
352,2025-07-22,11489,11350,0.0
352,2025-07-23,11222,11034,0.0
353,2025-05-29,21751,22325,0.0
353,2025-05-30,22552,23090,0.0
353,2025-05-31,22882,22365,0.0
353,2025-06-01,22605,23110,0.0
353,2025-06-02,21278,21649,0.0
353,2025-06-03,22069,21930,0.0
353,2025-06-04,21072,21151,0.0
353,2025-06-05,23539,23016,0.0
353,2025-06-06,22351,22311,0.0
353,2025-06-07,22946,23031,0.0
353,2025-06-08,19198,21115,2.5
353,2025-06-09,22790,23086,0.0
353,2025-06-10,22641,23127,0.0
353,2025-06-11,22214,21768,0.0
353,2025-06-12,22414,21960,0.0
353,2025-06-13,23558,22756,0.0
353,2025-06-14,21914,21673,0.0
353,2025-06-15,22668,22294,0.0
353,2025-06-16,22115,21460,0.0
353,2025-06-17,21319,21693,0.0
353,2025-06-18,21233,21646,0.0
353,2025-06-19,21035,21439,0.0
353,2025-06-20,21673,21521,0.0
353,2025-06-21,22000,21463,0.0
353,2025-06-22,22461,22625,0.0
353,2025-06-23,21344,21089,0.0
353,2025-06-24,23137,22735,0.0
353,2025-06-25,22988,23212,0.0
353,2025-06-26,23257,22549,0.0
353,2025-06-27,21214,21408,0.0
353,2025-06-28,21914,22334,0.0
353,2025-06-29,22471,21886,0.0
353,2025-06-30,23002,22852,0.0
353,2025-07-01,21750,21529,0.0
353,2025-07-02,21422,21104,0.0
353,2025-07-03,22722,23164,0.0
353,2025-07-04,22764,23140,0.0
353,2025-07-05,21348,21463,0.0
353,2025-07-06,23256,22638,0.0
353,2025-07-07,22304,22612,0.0
353,2025-07-08,22653,22317,0.0
353,2025-07-09,22469,23032,0.0
353,2025-07-10,20949,21564,0.0
353,2025-07-11,21939,21621,0.0
353,2025-07-12,21689,21792,0.0
353,2025-07-13,22650,21792,0.0
353,2025-07-14,20980,21430,0.0
353,2025-07-15,20690,21040,0.0
353,2025-07-16,18765,22262,4.4
353,2025-07-17,22654,22855,0.0
353,2025-07-18,22102,22060,0.0
353,2025-07-19,22547,22672,0.0
353,2025-07-20,22854,22665,0.0
353,2025-07-21,21758,21831,0.0
353,2025-07-22,22826,22292,0.0
353,2025-07-23,22433,22897,0.0
354,2025-05-29,10992,10817,0.0
354,2025-05-30,10525,10750,0.0
354,2025-05-31,10930,10775,0.0
354,2025-06-01,9914,10145,0.0
354,2025-06-02,11307,10952,0.0
354,2025-06-03,10704,10718,0.0
354,2025-06-04,10510,10725,0.0
354,2025-06-05,10909,10564,0.0
354,2025-06-06,11287,10902,0.0
354,2025-06-07,10859,10629,0.0
354,2025-06-08,9958,10240,0.0
354,2025-06-09,10147,10334,0.0
354,2025-06-10,11318,11062,0.0
354,2025-06-11,10315,10314,0.0
354,2025-06-12,10904,11062,0.0
354,2025-06-13,10166,10262,0.0
354,2025-06-14,11190,10985,0.0
354,2025-06-15,10654,10248,0.0
354,2025-06-16,10704,10918,0.0
354,2025-06-17,10332,10074,0.0
354,2025-06-18,11207,11017,0.0
354,2025-06-19,10217,10061,0.0
354,2025-06-20,10505,10283,0.0
354,2025-06-21,10799,11071,0.0
354,2025-06-22,10757,10807,0.0
354,2025-06-23,10385,10498,0.0
354,2025-06-24,10513,10488,0.0
354,2025-06-25,10508,10335,0.0
354,2025-06-26,11005,11017,0.0
354,2025-06-27,10753,10725,0.0
354,2025-06-28,8641,10801,5.2
354,2025-06-29,10107,10339,0.0
354,2025-06-30,10737,10843,0.0
354,2025-07-01,10471,10343,0.0
354,2025-07-02,6015,10566,0.0
354,2025-07-03,6063,10050,0.0
354,2025-07-04,6575,10901,0.0
354,2025-07-05,6229,10094,0.0
354,2025-07-06,5810,10104,0.0
354,2025-07-07,6190,10631,0.0
354,2025-07-08,6201,10663,0.0
354,2025-07-09,4068,10966,8.7
354,2025-07-10,5954,10737,1.6
354,2025-07-11,6374,10108,0.0
354,2025-07-12,5901,10039,0.0
354,2025-07-13,4547,10609,6.8
354,2025-07-14,5312,10498,4.3
354,2025-07-15,6265,10311,0.0
354,2025-07-16,6364,11018,0.0
354,2025-07-17,5852,10399,0.0
354,2025-07-18,5999,10512,0.0
354,2025-07-19,5466,10272,2.2
354,2025-07-20,5905,10382,0.0
354,2025-07-21,4240,10942,8.3
354,2025-07-22,5822,10248,0.0
354,2025-07-23,5835,10147,0.0
355,2025-05-29,32405,31917,0.0
355,2025-05-30,34106,33628,0.0
355,2025-05-31,31046,31581,0.0
355,2025-06-01,31579,30676,0.0
355,2025-06-02,32182,31161,0.0
355,2025-06-03,29979,32315,2.2
355,2025-06-04,32643,32891,0.0
355,2025-06-05,33451,32325,0.0
355,2025-06-06,33775,32939,0.0
355,2025-06-07,31944,31581,0.0
355,2025-06-08,32727,31871,0.0
355,2025-06-09,32582,33554,0.0
355,2025-06-10,31728,31324,0.0
355,2025-06-11,34767,33722,0.0
355,2025-06-12,32033,31425,0.0
355,2025-06-13,33397,32526,0.0
355,2025-06-14,32264,32872,0.0
355,2025-06-15,32024,30915,0.0
355,2025-06-16,32141,32814,0.0
355,2025-06-17,31684,32235,0.0
355,2025-06-18,30542,30807,0.0
355,2025-06-19,32341,31386,0.0
355,2025-06-20,32439,32605,0.0
355,2025-06-21,30490,30701,0.0
355,2025-06-22,30752,31118,0.0
355,2025-06-23,33090,31954,0.0
355,2025-06-24,31889,31967,0.0
355,2025-06-25,30037,30827,0.0
355,2025-06-26,32250,31110,0.0
355,2025-06-27,32699,33384,0.0
355,2025-06-28,30284,30622,0.0
355,2025-06-29,32642,32546,0.0
355,2025-06-30,31938,32035,0.0
355,2025-07-01,32347,32202,0.0
355,2025-07-02,30351,30733,0.0
355,2025-07-03,31256,31713,0.0
355,2025-07-04,32210,31264,0.0
355,2025-07-05,30967,31703,0.0
355,2025-07-06,30325,31140,0.0
355,2025-07-07,30837,30830,0.0
355,2025-07-08,31071,30612,0.0
355,2025-07-09,32232,31046,0.0
355,2025-07-10,30713,30937,0.0
355,2025-07-11,33875,33371,0.0
355,2025-07-12,34101,33507,0.0
355,2025-07-13,33421,33056,0.0
355,2025-07-14,31529,30624,0.0
355,2025-07-15,33128,32570,0.0
355,2025-07-16,32099,32667,0.0
355,2025-07-17,33563,33449,0.0
355,2025-07-18,33012,33051,0.0
355,2025-07-19,32229,31225,0.0
355,2025-07-20,34074,33681,0.0
355,2025-07-21,31777,31861,0.0
355,2025-07-22,33107,33108,0.0
355,2025-07-23,31702,32636,0.0
356,2025-05-29,8648,8517,0.0
356,2025-05-30,9113,8810,0.0
356,2025-05-31,8191,8412,0.0
356,2025-06-01,8753,8761,0.0
356,2025-06-02,8780,8822,0.0
356,2025-06-03,8758,8660,0.0
356,2025-06-04,8824,9074,0.0
356,2025-06-05,9330,8994,0.0
356,2025-06-06,8789,8493,0.0
356,2025-06-07,8505,8720,0.0
356,2025-06-08,8199,8281,0.0
356,2025-06-09,8228,8406,0.0
356,2025-06-10,8055,8265,0.0
356,2025-06-11,8135,8379,0.0
356,2025-06-12,9178,9047,0.0
356,2025-06-13,8364,8260,0.0
356,2025-06-14,8707,8726,0.0
356,2025-06-15,8862,8660,0.0
356,2025-06-16,9199,9002,0.0
356,2025-06-17,8798,8687,0.0
356,2025-06-18,8665,8675,0.0
356,2025-06-19,8534,8428,0.0
356,2025-06-20,8541,8304,0.0
356,2025-06-21,8719,8711,0.0
356,2025-06-22,8610,8304,0.0
356,2025-06-23,8449,8637,0.0
356,2025-06-24,8550,8544,0.0
356,2025-06-25,9429,9086,0.0
356,2025-06-26,8678,8464,0.0
356,2025-06-27,8752,8516,0.0
356,2025-06-28,9136,8862,0.0
356,2025-06-29,8728,8931,0.0
356,2025-06-30,8989,9036,0.0
356,2025-07-01,9267,8996,0.0
356,2025-07-02,8379,8268,0.0
356,2025-07-03,9004,8936,0.0
356,2025-07-04,8985,9008,0.0
356,2025-07-05,8574,8274,0.0
356,2025-07-06,8472,8475,0.0
356,2025-07-07,8959,8959,0.0
356,2025-07-08,8905,8631,0.0
356,2025-07-09,8362,8399,0.0
356,2025-07-10,9270,9039,0.0
356,2025-07-11,8709,8438,0.0
356,2025-07-12,9219,9072,0.0
356,2025-07-13,8436,8398,0.0
356,2025-07-14,8959,8653,0.0
356,2025-07-15,8423,8371,0.0
356,2025-07-16,8279,8262,0.0
356,2025-07-17,8474,8245,0.0
356,2025-07-18,8337,8300,0.0
356,2025-07-19,7980,8226,0.0
356,2025-07-20,9045,8917,0.0
356,2025-07-21,8107,8355,0.0
356,2025-07-22,8888,9008,0.0
356,2025-07-23,8803,8573,0.0
357,2025-05-29,4726,4671,0.0
357,2025-05-30,4594,4547,0.0
357,2025-05-31,4723,4634,0.0
357,2025-06-01,4553,4439,0.0
357,2025-06-02,4417,4426,0.0
357,2025-06-03,4655,4793,0.0
357,2025-06-04,4457,4510,0.0
357,2025-06-05,4569,4516,0.0
357,2025-06-06,4632,4520,0.0
357,2025-06-07,4880,4799,0.0
357,2025-06-08,4411,4421,0.0
357,2025-06-09,4617,4452,0.0
357,2025-06-10,4930,4842,0.0
357,2025-06-11,4881,4794,0.0
357,2025-06-12,4343,4435,0.0
357,2025-06-13,4717,4747,0.0
357,2025-06-14,4946,4824,0.0
357,2025-06-15,4480,4563,0.0
357,2025-06-16,4569,4470,0.0
357,2025-06-17,4853,4780,0.0
357,2025-06-18,4714,4720,0.0
357,2025-06-19,4856,4804,0.0
357,2025-06-20,4748,4658,0.0
357,2025-06-21,4606,4621,0.0
357,2025-06-22,4493,4502,0.0
357,2025-06-23,4831,4653,0.0
357,2025-06-24,4408,4475,0.0
357,2025-06-25,4891,4839,0.0
357,2025-06-26,4766,4792,0.0
357,2025-06-27,4806,4633,0.0
357,2025-06-28,4555,4637,0.0
357,2025-06-29,4616,4576,0.0
357,2025-06-30,4639,4527,0.0
357,2025-07-01,4667,4725,0.0
357,2025-07-02,4833,4696,0.0
357,2025-07-03,4918,4804,0.0
357,2025-07-04,4667,4684,0.0
357,2025-07-05,4701,4834,0.0
357,2025-07-06,4422,4539,0.0
357,2025-07-07,4716,4746,0.0
357,2025-07-08,4540,4528,0.0
357,2025-07-09,4475,4487,0.0
357,2025-07-10,4518,4487,0.0
357,2025-07-11,4657,4715,0.0
357,2025-07-12,4331,4460,0.0
357,2025-07-13,4620,4463,0.0
357,2025-07-14,4838,4819,0.0
357,2025-07-15,4749,4778,0.0
357,2025-07-16,4676,4721,0.0
357,2025-07-17,4605,4533,0.0
357,2025-07-18,4922,4801,0.0
357,2025-07-19,4646,4736,0.0
357,2025-07-20,4572,4573,0.0
357,2025-07-21,4490,4628,0.0
357,2025-07-22,4462,4407,0.0
357,2025-07-23,4684,4823,0.0
358,2025-05-29,9444,9445,0.0
358,2025-05-30,9875,9569,0.0
358,2025-05-31,9990,9819,0.0
358,2025-06-01,9296,9495,0.0
358,2025-06-02,9666,9671,0.0
358,2025-06-03,9563,9350,0.0
358,2025-06-04,9636,9381,0.0
358,2025-06-05,9314,9180,0.0
358,2025-06-06,9992,9834,0.0
358,2025-06-07,9283,9157,0.0
358,2025-06-08,9559,9692,0.0
358,2025-06-09,9627,9647,0.0
358,2025-06-10,10186,9858,0.0
358,2025-06-11,10015,10052,0.0
358,2025-06-12,9840,9867,0.0
358,2025-06-13,10167,10101,0.0
358,2025-06-14,9560,9651,0.0
358,2025-06-15,9640,9272,0.0
358,2025-06-16,10098,9903,0.0
358,2025-06-17,9680,9316,0.0
358,2025-06-18,10087,9998,0.0
358,2025-06-19,9760,9471,0.0
358,2025-06-20,9486,9161,0.0
358,2025-06-21,9709,9998,0.0
358,2025-06-22,9478,9240,0.0
358,2025-06-23,9165,9420,0.0
358,2025-06-24,9683,9617,0.0
358,2025-06-25,9159,9162,0.0
358,2025-06-26,9589,9636,0.0
358,2025-06-27,10144,9911,0.0
358,2025-06-28,9686,9369,0.0
358,2025-06-29,10313,9919,0.0
358,2025-06-30,9479,9723,0.0
358,2025-07-01,9896,10094,0.0
358,2025-07-02,9683,9474,0.0
358,2025-07-03,9848,9629,0.0
358,2025-07-04,9462,9617,0.0
358,2025-07-05,9493,9433,0.0
358,2025-07-06,10056,10012,0.0
358,2025-07-07,9905,9990,0.0
358,2025-07-08,9631,9912,0.0
358,2025-07-09,9564,9646,0.0
358,2025-07-10,9723,9929,0.0
358,2025-07-11,10050,9935,0.0
358,2025-07-12,9570,9824,0.0
358,2025-07-13,9377,9629,0.0
358,2025-07-14,9987,9974,0.0
358,2025-07-15,9112,9173,0.0
358,2025-07-16,9999,10075,0.0
358,2025-07-17,9828,9905,0.0
358,2025-07-18,10035,9748,0.0
358,2025-07-19,10094,9826,0.0
358,2025-07-20,9666,9517,0.0
358,2025-07-21,9364,9349,0.0
358,2025-07-22,9372,9399,0.0
358,2025-07-23,9959,9594,0.0
359,2025-05-29,4154,4257,0.0
359,2025-05-30,4586,4462,0.0
359,2025-05-31,4257,4168,0.0
359,2025-06-01,4248,4282,0.0
359,2025-06-02,4114,4222,0.0
359,2025-06-03,4586,4446,0.0
359,2025-06-04,4600,4518,0.0
359,2025-06-05,4158,4207,0.0
359,2025-06-06,4213,4251,0.0
359,2025-06-07,4177,4173,0.0
359,2025-06-08,4265,4259,0.0
359,2025-06-09,4210,4191,0.0
359,2025-06-10,4228,4132,0.0
359,2025-06-11,4404,4272,0.0
359,2025-06-12,4284,4392,0.0
359,2025-06-13,4462,4360,0.0
359,2025-06-14,4452,4491,0.0
359,2025-06-15,4344,4459,0.0
359,2025-06-16,4291,4244,0.0
359,2025-06-17,4521,4444,0.0
359,2025-06-18,4541,4395,0.0
359,2025-06-19,4539,4386,0.0
359,2025-06-20,4157,4158,0.0
359,2025-06-21,4401,4373,0.0
359,2025-06-22,4469,4308,0.0
359,2025-06-23,4259,4245,0.0
359,2025-06-24,4074,4200,0.0
359,2025-06-25,4459,4306,0.0
359,2025-06-26,4160,4252,0.0
359,2025-06-27,4435,4298,0.0
359,2025-06-28,4172,4106,0.0
359,2025-06-29,4290,4383,0.0
359,2025-06-30,4373,4456,0.0
359,2025-07-01,4494,4381,0.0
359,2025-07-02,4251,4251,0.0
359,2025-07-03,4541,4497,0.0
359,2025-07-04,4243,4259,0.0
359,2025-07-05,4188,4263,0.0
359,2025-07-06,4339,4394,0.0
359,2025-07-07,4153,4204,0.0
359,2025-07-08,4339,4377,0.0
359,2025-07-09,4554,4529,0.0
359,2025-07-10,4407,4364,0.0
359,2025-07-11,4237,4258,0.0
359,2025-07-12,4328,4387,0.0
359,2025-07-13,4234,4176,0.0
359,2025-07-14,4553,4473,0.0
359,2025-07-15,4068,4117,0.0
359,2025-07-16,4164,4215,0.0
359,2025-07-17,4388,4258,0.0
359,2025-07-18,4543,4405,0.0
359,2025-07-19,4583,4526,0.0
359,2025-07-20,4609,4521,0.0
359,2025-07-21,4236,4346,0.0
359,2025-07-22,4336,4269,0.0
359,2025-07-23,4445,4365,0.0
360,2025-05-29,18119,17618,0.0
360,2025-05-30,19000,18446,0.0
360,2025-05-31,18706,18835,0.0
360,2025-06-01,19025,18460,0.0
360,2025-06-02,18627,19117,0.0
360,2025-06-03,18897,18457,0.0
360,2025-06-04,19082,19295,0.0
360,2025-06-05,18355,17917,0.0
360,2025-06-06,18190,18577,0.0
360,2025-06-07,18696,18362,0.0
360,2025-06-08,18888,18515,0.0
360,2025-06-09,18953,19111,0.0
360,2025-06-10,17702,18020,0.0
360,2025-06-11,18790,19156,0.0
360,2025-06-12,19467,19014,0.0
360,2025-06-13,17648,17517,0.0
360,2025-06-14,18802,18453,0.0
360,2025-06-15,18779,18837,0.0
360,2025-06-16,19076,18814,0.0
360,2025-06-17,18817,18649,0.0
360,2025-06-18,18477,18335,0.0
360,2025-06-19,18848,19156,0.0
360,2025-06-20,18486,18714,0.0
360,2025-06-21,18143,18069,0.0
360,2025-06-22,18160,17694,0.0
360,2025-06-23,18415,18516,0.0
360,2025-06-24,18632,18944,0.0
360,2025-06-25,18269,18132,0.0
360,2025-06-26,19019,19049,0.0
360,2025-06-27,17592,17623,0.0
360,2025-06-28,18276,18200,0.0
360,2025-06-29,17716,17661,0.0
360,2025-06-30,19247,18834,0.0
360,2025-07-01,17749,18041,0.0
360,2025-07-02,19676,19311,0.0
360,2025-07-03,19171,18552,0.0
360,2025-07-04,18765,18236,0.0
360,2025-07-05,18913,18931,0.0
360,2025-07-06,17431,17816,0.0
360,2025-07-07,19137,18721,0.0
360,2025-07-08,18752,18508,0.0
360,2025-07-09,19073,18688,0.0
360,2025-07-10,19128,19124,0.0
360,2025-07-11,19179,19227,0.0
360,2025-07-12,17320,17759,0.0
360,2025-07-13,18401,18553,0.0
360,2025-07-14,18087,17837,0.0
360,2025-07-15,18030,18249,0.0
360,2025-07-16,19949,19214,0.0
360,2025-07-17,17574,17581,0.0
360,2025-07-18,18011,17692,0.0
360,2025-07-19,18184,17673,0.0
360,2025-07-20,18519,18730,0.0
360,2025-07-21,18536,18627,0.0
360,2025-07-22,18369,18492,0.0
360,2025-07-23,18186,17857,0.0
361,2025-05-29,3862,3893,0.0
361,2025-05-30,4249,4228,0.0
361,2025-05-31,3966,4082,0.0
361,2025-06-01,3823,3860,0.0
361,2025-06-02,4023,3928,0.0
361,2025-06-03,3860,3884,0.0
361,2025-06-04,4126,4168,0.0
361,2025-06-05,3976,3871,0.0
361,2025-06-06,4078,4185,0.0
361,2025-06-07,3931,3907,0.0
361,2025-06-08,3792,3859,0.0
361,2025-06-09,3970,4060,0.0
361,2025-06-10,3775,3869,0.0
361,2025-06-11,3879,3833,0.0
361,2025-06-12,4117,4007,0.0
361,2025-06-13,4016,4004,0.0
361,2025-06-14,3977,3912,0.0
361,2025-06-15,4037,3916,0.0
361,2025-06-16,4091,3990,0.0
361,2025-06-17,4078,3958,0.0
361,2025-06-18,3944,3910,0.0
361,2025-06-19,4022,3897,0.0
361,2025-06-20,3806,3835,0.0
361,2025-06-21,3919,3977,0.0
361,2025-06-22,4147,4202,0.0
361,2025-06-23,4316,4222,0.0
361,2025-06-24,3972,3868,0.0
361,2025-06-25,3876,3968,0.0
361,2025-06-26,3959,3995,0.0
361,2025-06-27,4147,4177,0.0
361,2025-06-28,3963,4066,0.0
361,2025-06-29,4042,3976,0.0
361,2025-06-30,4217,4176,0.0
361,2025-07-01,3854,3849,0.0
361,2025-07-02,4060,4157,0.0
361,2025-07-03,3885,4005,0.0
361,2025-07-04,3945,3883,0.0
361,2025-07-05,3940,3907,0.0
361,2025-07-06,3839,3939,0.0
361,2025-07-07,4102,3965,0.0
361,2025-07-08,4139,4156,0.0
361,2025-07-09,4275,4149,0.0
361,2025-07-10,4207,4080,0.0
361,2025-07-11,4181,4156,0.0
361,2025-07-12,4160,4008,0.0
361,2025-07-13,4002,4001,0.0
361,2025-07-14,4070,3953,0.0
361,2025-07-15,4191,4122,0.0
361,2025-07-16,4169,4037,0.0
361,2025-07-17,4009,4099,0.0
361,2025-07-18,4047,3910,0.0
361,2025-07-19,3915,3998,0.0
361,2025-07-20,3915,3910,0.0
361,2025-07-21,3765,3843,0.0
361,2025-07-22,4261,4148,0.0
361,2025-07-23,4136,4182,0.0
362,2025-05-29,3041,3009,0.0
362,2025-05-30,3045,3007,0.0
362,2025-05-31,3077,3155,0.0
362,2025-06-01,3047,3103,0.0
362,2025-06-02,3281,3164,0.0
362,2025-06-03,3148,3070,0.0
362,2025-06-04,3170,3170,0.0
362,2025-06-05,3039,3016,0.0
362,2025-06-06,3226,3194,0.0
362,2025-06-07,3020,3005,0.0
362,2025-06-08,2941,3007,0.0
362,2025-06-09,3033,3123,0.0
362,2025-06-10,3220,3155,0.0
362,2025-06-11,3146,3199,0.0
362,2025-06-12,3361,3238,0.0
362,2025-06-13,3098,2996,0.0
362,2025-06-14,3310,3207,0.0
362,2025-06-15,3291,3175,0.0
362,2025-06-16,3058,3072,0.0
362,2025-06-17,3240,3270,0.0
362,2025-06-18,3061,3138,0.0
362,2025-06-19,3261,3189,0.0
362,2025-06-20,2490,3123,0.0
362,2025-06-21,2365,2975,0.0
362,2025-06-22,2503,3230,0.0
362,2025-06-23,2318,3267,0.0
362,2025-06-24,2452,3181,0.0
362,2025-06-25,2462,3126,0.0
362,2025-06-26,2279,3182,0.0
362,2025-06-27,2341,3219,0.0
362,2025-06-28,2395,3029,0.0
362,2025-06-29,2166,2964,0.0
362,2025-06-30,2257,3045,0.0
362,2025-07-01,2317,3193,0.0
362,2025-07-02,2334,3247,0.0
362,2025-07-03,2326,3143,0.0
362,2025-07-04,2443,3194,0.0
362,2025-07-05,2305,3004,0.0
362,2025-07-06,2276,3177,0.0
362,2025-07-07,2491,3266,0.0
362,2025-07-08,2461,3226,0.0
362,2025-07-09,2522,3157,0.0
362,2025-07-10,2422,3151,0.0
362,2025-07-11,2204,3082,0.0
362,2025-07-12,2262,3164,0.0
362,2025-07-13,2347,3182,0.0
362,2025-07-14,2340,3247,0.0
362,2025-07-15,2562,3269,0.0
362,2025-07-16,2328,3161,0.0
362,2025-07-17,2318,2971,0.0
362,2025-07-18,2260,2972,0.0
362,2025-07-19,2355,2987,0.0
362,2025-07-20,2326,2968,0.0
362,2025-07-21,2387,3070,0.0
362,2025-07-22,2529,3170,0.0
362,2025-07-23,2470,3093,0.0
363,2025-05-29,5174,5105,0.0
363,2025-05-30,5207,5143,0.0
363,2025-05-31,5202,5055,0.0
363,2025-06-01,5210,5270,0.0
363,2025-06-02,4906,4984,0.0
363,2025-06-03,5321,5169,0.0
363,2025-06-04,5333,5147,0.0
363,2025-06-05,5336,5372,0.0
363,2025-06-06,5573,5365,0.0
363,2025-06-07,5021,5046,0.0
363,2025-06-08,5586,5456,0.0
363,2025-06-09,5556,5436,0.0
363,2025-06-10,5568,5473,0.0
363,2025-06-11,5445,5401,0.0
363,2025-06-12,5393,5312,0.0
363,2025-06-13,5149,4962,0.0
363,2025-06-14,5613,5471,0.0
363,2025-06-15,5114,5091,0.0
363,2025-06-16,5356,5414,0.0
363,2025-06-17,5103,5139,0.0
363,2025-06-18,5517,5309,0.0
363,2025-06-19,5113,5063,0.0
363,2025-06-20,5069,4969,0.0
363,2025-06-21,5316,5352,0.0
363,2025-06-22,5521,5348,0.0
363,2025-06-23,5452,5361,0.0
363,2025-06-24,5303,5428,0.0
363,2025-06-25,5195,5146,0.0
363,2025-06-26,5331,5280,0.0
363,2025-06-27,5217,5289,0.0
363,2025-06-28,5371,5315,0.0
363,2025-06-29,5301,5162,0.0
363,2025-06-30,4971,4967,0.0
363,2025-07-01,5633,5466,0.0
363,2025-07-02,5360,5465,0.0
363,2025-07-03,5300,5126,0.0
363,2025-07-04,5490,5462,0.0
363,2025-07-05,5364,5326,0.0
363,2025-07-06,5407,5472,0.0
363,2025-07-07,5090,5028,0.0
363,2025-07-08,5314,5473,0.0
363,2025-07-09,5328,5297,0.0
363,2025-07-10,5083,5028,0.0
363,2025-07-11,5493,5364,0.0
363,2025-07-12,5265,5122,0.0
363,2025-07-13,5087,5057,0.0
363,2025-07-14,5563,5454,0.0
363,2025-07-15,5062,5202,0.0
363,2025-07-16,5121,5199,0.0
363,2025-07-17,5146,5033,0.0
363,2025-07-18,5218,5241,0.0
363,2025-07-19,5295,5249,0.0
363,2025-07-20,5318,5224,0.0
363,2025-07-21,4907,4985,0.0
363,2025-07-22,5127,5192,0.0
363,2025-07-23,5418,5372,0.0
364,2025-05-29,27096,27889,0.0
364,2025-05-30,26420,27008,0.0
364,2025-05-31,28394,27782,0.0
364,2025-06-01,28114,27319,0.0
364,2025-06-02,25626,26355,0.0
364,2025-06-03,27834,27093,0.0
364,2025-06-04,28968,28382,0.0
364,2025-06-05,28589,28091,0.0
364,2025-06-06,28016,28669,0.0
364,2025-06-07,27176,26709,0.0
364,2025-06-08,27483,27833,0.0
364,2025-06-09,28237,27444,0.0
364,2025-06-10,26069,26681,0.0
364,2025-06-11,29071,28406,0.0
364,2025-06-12,26630,26421,0.0
364,2025-06-13,26085,26779,0.0
364,2025-06-14,27693,27879,0.0
364,2025-06-15,27257,26555,0.0
364,2025-06-16,28493,27675,0.0
364,2025-06-17,27844,28196,0.0
364,2025-06-18,29464,28817,0.0
364,2025-06-19,28995,28500,0.0
364,2025-06-20,28348,28429,0.0
364,2025-06-21,27940,27679,0.0
364,2025-06-22,27189,26419,0.0
364,2025-06-23,26328,26824,0.0
364,2025-06-24,26633,27412,0.0
364,2025-06-25,28869,28965,0.0
364,2025-06-26,27462,27536,0.0
364,2025-06-27,27851,28261,0.0
364,2025-06-28,28388,27325,0.0
364,2025-06-29,26844,27101,0.0
364,2025-06-30,27952,28468,0.0
364,2025-07-01,22671,28029,4.9
364,2025-07-02,27663,28114,0.0
364,2025-07-03,28302,28022,0.0
364,2025-07-04,26612,26272,0.0
364,2025-07-05,29928,28933,0.0
364,2025-07-06,27865,27457,0.0
364,2025-07-07,28325,28884,0.0
364,2025-07-08,27510,28187,0.0
364,2025-07-09,28964,28887,0.0
364,2025-07-10,28080,28844,0.0
364,2025-07-11,29758,28776,0.0
364,2025-07-12,28762,27834,0.0
364,2025-07-13,27079,26484,0.0
364,2025-07-14,26473,27114,0.0
364,2025-07-15,28311,27269,0.0
364,2025-07-16,27645,27984,0.0
364,2025-07-17,26176,26800,0.0
364,2025-07-18,27828,28399,0.0
364,2025-07-19,27127,26726,0.0
364,2025-07-20,26746,26314,0.0
364,2025-07-21,28108,28820,0.0
364,2025-07-22,28304,28393,0.0
364,2025-07-23,26629,26978,0.0
365,2025-05-29,7565,7781,0.0
365,2025-05-30,7919,7697,0.0
365,2025-05-31,7880,8060,0.0
365,2025-06-01,7408,7579,0.0
365,2025-06-02,7769,7592,0.0
365,2025-06-03,7628,7475,0.0
365,2025-06-04,7861,7979,0.0
365,2025-06-05,7274,7351,0.0
365,2025-06-06,7175,7389,0.0
365,2025-06-07,7402,7517,0.0
365,2025-06-08,7470,7537,0.0
365,2025-06-09,7310,7491,0.0
365,2025-06-10,7800,7686,0.0
365,2025-06-11,7550,7322,0.0
365,2025-06-12,7780,7558,0.0
365,2025-06-13,7654,7406,0.0
365,2025-06-14,7509,7668,0.0
365,2025-06-15,8050,8025,0.0
365,2025-06-16,7185,7341,0.0
365,2025-06-17,7593,7659,0.0
365,2025-06-18,7906,7800,0.0
365,2025-06-19,7967,7866,0.0
365,2025-06-20,7693,7646,0.0
365,2025-06-21,7479,7610,0.0
365,2025-06-22,7887,7798,0.0
365,2025-06-23,7285,7349,0.0
365,2025-06-24,7911,7957,0.0
365,2025-06-25,8050,7905,0.0
365,2025-06-26,7693,7593,0.0
365,2025-06-27,7504,7644,0.0
365,2025-06-28,7454,7468,0.0
365,2025-06-29,7311,7321,0.0
365,2025-06-30,7186,7387,0.0
365,2025-07-01,7784,7964,0.0
365,2025-07-02,7373,7337,0.0
365,2025-07-03,7849,7574,0.0
365,2025-07-04,7209,7335,0.0
365,2025-07-05,7777,7980,0.0
365,2025-07-06,7865,7672,0.0
365,2025-07-07,7502,7307,0.0
365,2025-07-08,7323,7399,0.0
365,2025-07-09,8169,8017,0.0
365,2025-07-10,7636,7481,0.0
365,2025-07-11,7556,7407,0.0
365,2025-07-12,7538,7366,0.0
365,2025-07-13,7398,7463,0.0
365,2025-07-14,8038,8051,0.0
365,2025-07-15,7857,8057,0.0
365,2025-07-16,7946,7778,0.0
365,2025-07-17,7661,7537,0.0
365,2025-07-18,7907,7975,0.0
365,2025-07-19,7409,7331,0.0
365,2025-07-20,7593,7764,0.0
365,2025-07-21,7906,7852,0.0
365,2025-07-22,7302,7353,0.0
365,2025-07-23,7415,7585,0.0
366,2025-05-29,41664,41591,0.0
366,2025-05-30,40404,41069,0.0
366,2025-05-31,44288,42770,0.0
366,2025-06-01,34159,42289,4.2
366,2025-06-02,43225,42014,0.0
366,2025-06-03,42643,41787,0.0
366,2025-06-04,41890,41449,0.0
366,2025-06-05,42882,43330,0.0
366,2025-06-06,44088,42784,0.0
366,2025-06-07,30360,40847,6.2
366,2025-06-08,43859,42692,0.0
366,2025-06-09,40429,40777,0.0
366,2025-06-10,41850,41679,0.0
366,2025-06-11,41240,41746,0.0
366,2025-06-12,44133,44093,0.0
366,2025-06-13,40787,40790,0.0
366,2025-06-14,44929,43923,0.0
366,2025-06-15,41931,42867,0.0
366,2025-06-16,40245,41288,0.0
366,2025-06-17,41542,41508,0.0
366,2025-06-18,43184,43079,0.0
366,2025-06-19,42074,41813,0.0
366,2025-06-20,41670,41571,0.0
366,2025-06-21,43947,43300,0.0
366,2025-06-22,45672,44426,0.0
366,2025-06-23,41925,41964,0.0
366,2025-06-24,45147,43945,0.0
366,2025-06-25,44296,43270,0.0
366,2025-06-26,42546,42518,0.0
366,2025-06-27,44025,43134,0.0
366,2025-06-28,42595,42454,0.0
366,2025-06-29,42936,43300,0.0
366,2025-06-30,44115,44799,0.0
366,2025-07-01,43167,43882,0.0
366,2025-07-02,40500,41302,0.0
366,2025-07-03,42525,43293,0.0
366,2025-07-04,42569,42198,0.0
366,2025-07-05,41630,42133,0.0
366,2025-07-06,43899,43242,0.0
366,2025-07-07,43918,42694,0.0
366,2025-07-08,42714,42408,0.0
366,2025-07-09,42531,41882,0.0
366,2025-07-10,43034,41719,0.0
366,2025-07-11,42906,43746,0.0
366,2025-07-12,39944,41110,0.0
366,2025-07-13,40571,41816,0.0
366,2025-07-14,40142,41259,0.0
366,2025-07-15,45533,44641,0.0
366,2025-07-16,40816,41757,0.0
366,2025-07-17,41192,42323,0.0
366,2025-07-18,42195,42164,0.0
366,2025-07-19,40705,41254,0.0
366,2025-07-20,42657,42231,0.0
366,2025-07-21,44532,43937,0.0
366,2025-07-22,43272,42371,0.0
366,2025-07-23,42898,42994,0.0
367,2025-05-29,8013,7752,0.0
367,2025-05-30,8624,8452,0.0
367,2025-05-31,8355,8080,0.0
367,2025-06-01,7857,7944,0.0
367,2025-06-02,7745,7862,0.0
367,2025-06-03,7977,7719,0.0
367,2025-06-04,7939,7683,0.0
367,2025-06-05,8145,8377,0.0
367,2025-06-06,7947,8094,0.0
367,2025-06-07,7956,7986,0.0
367,2025-06-08,7495,7708,0.0
367,2025-06-09,7973,7777,0.0
367,2025-06-10,8018,7738,0.0
367,2025-06-11,8184,8222,0.0
367,2025-06-12,8137,7915,0.0
367,2025-06-13,8139,8042,0.0
367,2025-06-14,8592,8379,0.0
367,2025-06-15,7921,7933,0.0
367,2025-06-16,7851,7850,0.0
367,2025-06-17,8507,8208,0.0
367,2025-06-18,8257,8385,0.0
367,2025-06-19,7919,8060,0.0
367,2025-06-20,7681,7892,0.0
367,2025-06-21,8011,8213,0.0
367,2025-06-22,8311,8029,0.0
367,2025-06-23,7963,8113,0.0
367,2025-06-24,8308,8411,0.0
367,2025-06-25,8022,7929,0.0
367,2025-06-26,7858,7816,0.0
367,2025-06-27,8395,8412,0.0
367,2025-06-28,8094,8247,0.0
367,2025-06-29,7830,8053,0.0
367,2025-06-30,8354,8376,0.0
367,2025-07-01,8321,8199,0.0
367,2025-07-02,8490,8431,0.0
367,2025-07-03,8552,8276,0.0
367,2025-07-04,7803,7756,0.0
367,2025-07-05,7627,7827,0.0
367,2025-07-06,7921,7799,0.0
367,2025-07-07,8057,7782,0.0
367,2025-07-08,7718,7840,0.0
367,2025-07-09,8063,7793,0.0
367,2025-07-10,7935,8059,0.0
367,2025-07-11,7679,7892,0.0
367,2025-07-12,7736,7685,0.0
367,2025-07-13,8296,8168,0.0
367,2025-07-14,8010,8104,0.0
367,2025-07-15,8205,8103,0.0
367,2025-07-16,7874,7885,0.0
367,2025-07-17,8227,8415,0.0
367,2025-07-18,7604,7745,0.0
367,2025-07-19,8120,7956,0.0
367,2025-07-20,7875,7765,0.0
367,2025-07-21,7904,7819,0.0
367,2025-07-22,8128,8039,0.0
367,2025-07-23,8203,8377,0.0
368,2025-05-29,15376,15519,0.0
368,2025-05-30,16230,15883,0.0
368,2025-05-31,15306,14976,0.0
368,2025-06-01,15566,15518,0.0
368,2025-06-02,16001,16437,0.0
368,2025-06-03,16440,15961,0.0
368,2025-06-04,16725,16472,0.0
368,2025-06-05,14877,15051,0.0
368,2025-06-06,16471,16111,0.0
368,2025-06-07,15509,15689,0.0
368,2025-06-08,15648,15183,0.0
368,2025-06-09,15894,15641,0.0
368,2025-06-10,15925,15439,0.0
368,2025-06-11,15326,15570,0.0
368,2025-06-12,15608,15185,0.0
368,2025-06-13,16795,16205,0.0
368,2025-06-14,15944,15352,0.0
368,2025-06-15,16402,16133,0.0
368,2025-06-16,16818,16191,0.0
368,2025-06-17,15302,15765,0.0
368,2025-06-18,15989,15482,0.0
368,2025-06-19,15460,15840,0.0
368,2025-06-20,15123,15556,0.0
368,2025-06-21,16435,16071,0.0
368,2025-06-22,14943,15213,0.0
368,2025-06-23,15843,15871,0.0
368,2025-06-24,15391,15042,0.0
368,2025-06-25,15517,15450,0.0
368,2025-06-26,15591,15868,0.0
368,2025-06-27,15352,15634,0.0
368,2025-06-28,16242,15835,0.0
368,2025-06-29,15353,15378,0.0
368,2025-06-30,14843,15150,0.0
368,2025-07-01,16375,15874,0.0
368,2025-07-02,15838,15308,0.0
368,2025-07-03,15598,15788,0.0
368,2025-07-04,16161,16273,0.0
368,2025-07-05,16119,15534,0.0
368,2025-07-06,15575,15509,0.0
368,2025-07-07,15231,15172,0.0
368,2025-07-08,16161,16356,0.0
368,2025-07-09,15667,15739,0.0
368,2025-07-10,16903,16455,0.0
368,2025-07-11,16095,15606,0.0
368,2025-07-12,15380,15840,0.0
368,2025-07-13,16242,16487,0.0
368,2025-07-14,15567,15728,0.0
368,2025-07-15,16526,16182,0.0
368,2025-07-16,15310,15264,0.0
368,2025-07-17,15542,15097,0.0
368,2025-07-18,16274,15826,0.0
368,2025-07-19,16033,15572,0.0
368,2025-07-20,15907,15933,0.0
368,2025-07-21,15938,16404,0.0
368,2025-07-22,15558,15501,0.0
368,2025-07-23,14903,15001,0.0
369,2025-05-29,3352,3444,0.0
369,2025-05-30,3307,3295,0.0
369,2025-05-31,3448,3404,0.0
369,2025-06-01,3230,3179,0.0
369,2025-06-02,3184,3175,0.0
369,2025-06-03,3124,3185,0.0
369,2025-06-04,3433,3325,0.0
369,2025-06-05,3143,3221,0.0
369,2025-06-06,3365,3442,0.0
369,2025-06-07,3415,3449,0.0
369,2025-06-08,3379,3363,0.0
369,2025-06-09,3419,3384,0.0
369,2025-06-10,3566,3504,0.0
369,2025-06-11,3446,3381,0.0
369,2025-06-12,3385,3283,0.0
369,2025-06-13,3382,3448,0.0
369,2025-06-14,3285,3215,0.0
369,2025-06-15,3373,3417,0.0
369,2025-06-16,3262,3305,0.0
369,2025-06-17,3531,3496,0.0
369,2025-06-18,3373,3425,0.0
369,2025-06-19,3238,3331,0.0
369,2025-06-20,3431,3345,0.0
369,2025-06-21,3462,3379,0.0
369,2025-06-22,3321,3341,0.0
369,2025-06-23,3444,3396,0.0
369,2025-06-24,3511,3395,0.0
369,2025-06-25,3342,3440,0.0
369,2025-06-26,3270,3184,0.0
369,2025-06-27,3440,3415,0.0
369,2025-06-28,3342,3382,0.0
369,2025-06-29,3367,3415,0.0
369,2025-06-30,3508,3506,0.0
369,2025-07-01,3363,3283,0.0
369,2025-07-02,3264,3335,0.0
369,2025-07-03,3258,3219,0.0
369,2025-07-04,3454,3440,0.0
369,2025-07-05,3473,3411,0.0
369,2025-07-06,3247,3235,0.0
369,2025-07-07,3373,3441,0.0
369,2025-07-08,3382,3253,0.0
369,2025-07-09,3406,3433,0.0
369,2025-07-10,3453,3462,0.0
369,2025-07-11,3406,3465,0.0
369,2025-07-12,3510,3477,0.0
369,2025-07-13,3166,3206,0.0
369,2025-07-14,3368,3305,0.0
369,2025-07-15,3598,3504,0.0
369,2025-07-16,3395,3314,0.0
369,2025-07-17,3257,3231,0.0
369,2025-07-18,3580,3452,0.0
369,2025-07-19,3553,3467,0.0
369,2025-07-20,3318,3367,0.0
369,2025-07-21,3413,3414,0.0
369,2025-07-22,3618,3491,0.0
369,2025-07-23,3372,3281,0.0
370,2025-05-29,48576,48084,0.0
370,2025-05-30,48210,46483,0.0
370,2025-05-31,47470,47195,0.0
370,2025-06-01,49144,48367,0.0
370,2025-06-02,49492,48996,0.0
370,2025-06-03,47547,48105,0.0
370,2025-06-04,51440,49931,0.0
370,2025-06-05,49555,49541,0.0
370,2025-06-06,50252,50565,0.0
370,2025-06-07,50273,50451,0.0
370,2025-06-08,48654,47916,0.0
370,2025-06-09,50734,48984,0.0
370,2025-06-10,51615,51014,0.0
370,2025-06-11,46508,46462,0.0
370,2025-06-12,46730,47499,0.0
370,2025-06-13,50999,50017,0.0
370,2025-06-14,46488,47569,0.0
370,2025-06-15,46060,47470,0.0
370,2025-06-16,46336,46917,0.0
370,2025-06-17,48307,46918,0.0
370,2025-06-18,48677,48444,0.0
370,2025-06-19,48431,46882,0.0
370,2025-06-20,50953,49467,0.0
370,2025-06-21,50861,50100,0.0
370,2025-06-22,48456,47096,0.0
370,2025-06-23,51255,50410,0.0
370,2025-06-24,45968,47294,0.0
370,2025-06-25,46665,47751,0.0
370,2025-06-26,49780,50674,0.0
370,2025-06-27,48755,47752,0.0
370,2025-06-28,46248,46981,0.0
370,2025-06-29,46741,47171,0.0
370,2025-06-30,46093,47221,0.0
370,2025-07-01,52030,50949,0.0
370,2025-07-02,48329,46482,0.0
370,2025-07-03,48223,49437,0.0
370,2025-07-04,49722,51023,0.0
370,2025-07-05,51173,49855,0.0
370,2025-07-06,50265,49573,0.0
370,2025-07-07,48632,47190,0.0
370,2025-07-08,51485,50756,0.0
370,2025-07-09,48091,48519,0.0
370,2025-07-10,47315,46847,0.0
370,2025-07-11,49245,50649,0.0
370,2025-07-12,50818,49040,0.0
370,2025-07-13,48541,48841,0.0
370,2025-07-14,52465,50689,0.0
370,2025-07-15,47808,48869,0.0
370,2025-07-16,47491,46649,0.0
370,2025-07-17,51654,50886,0.0
370,2025-07-18,49840,50738,0.0
370,2025-07-19,49809,50636,0.0
370,2025-07-20,48816,47809,0.0
370,2025-07-21,52610,50859,0.0
370,2025-07-22,47731,48428,0.0
370,2025-07-23,48114,48258,0.0
371,2025-05-29,17355,17355,0.0
371,2025-05-30,17555,17749,0.0
371,2025-05-31,18542,18219,0.0
371,2025-06-01,18915,18603,0.0
371,2025-06-02,17948,18193,0.0
371,2025-06-03,18221,18614,0.0
371,2025-06-04,18168,18098,0.0
371,2025-06-05,19323,18895,0.0
371,2025-06-06,19507,18804,0.0
371,2025-06-07,17839,18163,0.0
371,2025-06-08,18864,18733,0.0
371,2025-06-09,17183,17336,0.0
371,2025-06-10,18804,18470,0.0
371,2025-06-11,19167,19137,0.0
371,2025-06-12,19131,19135,0.0
371,2025-06-13,18365,17834,0.0
371,2025-06-14,17800,17645,0.0
371,2025-06-15,18158,18460,0.0
371,2025-06-16,19223,18512,0.0
371,2025-06-17,18934,18343,0.0
371,2025-06-18,18741,18161,0.0
371,2025-06-19,19463,19044,0.0
371,2025-06-20,17751,17806,0.0
371,2025-06-21,18013,17362,0.0
371,2025-06-22,17979,17549,0.0
371,2025-06-23,19007,18500,0.0
371,2025-06-24,18824,18936,0.0
371,2025-06-25,17977,17947,0.0
371,2025-06-26,18273,17811,0.0
371,2025-06-27,18647,18128,0.0
371,2025-06-28,17596,17763,0.0
371,2025-06-29,19537,18983,0.0
371,2025-06-30,17554,17749,0.0
371,2025-07-01,18111,17565,0.0
371,2025-07-02,17886,17949,0.0
371,2025-07-03,17994,18099,0.0
371,2025-07-04,17635,17440,0.0
371,2025-07-05,17638,17806,0.0
371,2025-07-06,18445,18540,0.0
371,2025-07-07,17517,17979,0.0
371,2025-07-08,18269,18571,0.0
371,2025-07-09,17788,18265,0.0
371,2025-07-10,17896,17628,0.0
371,2025-07-11,18079,17675,0.0
371,2025-07-12,17331,17719,0.0
371,2025-07-13,19398,19145,0.0
371,2025-07-14,17801,17730,0.0
371,2025-07-15,18393,17899,0.0
371,2025-07-16,18960,18313,0.0
371,2025-07-17,18321,18001,0.0
371,2025-07-18,19125,18926,0.0
371,2025-07-19,18795,18750,0.0
371,2025-07-20,18245,18270,0.0
371,2025-07-21,18156,18051,0.0
371,2025-07-22,18865,18386,0.0
371,2025-07-23,18261,18636,0.0
372,2025-05-29,7665,7524,0.0
372,2025-05-30,7661,7630,0.0
372,2025-05-31,7449,7453,0.0
372,2025-06-01,7411,7376,0.0
372,2025-06-02,8276,8060,0.0
372,2025-06-03,7984,7980,0.0
372,2025-06-04,7864,7580,0.0
372,2025-06-05,7758,7584,0.0
372,2025-06-06,7401,7524,0.0
372,2025-06-07,7322,7353,0.0
372,2025-06-08,7845,7718,0.0
372,2025-06-09,7865,7916,0.0
372,2025-06-10,7362,7520,0.0
372,2025-06-11,7910,7919,0.0
372,2025-06-12,7558,7758,0.0
372,2025-06-13,7449,7432,0.0
372,2025-06-14,7798,7851,0.0
372,2025-06-15,7579,7661,0.0
372,2025-06-16,7833,7958,0.0
372,2025-06-17,8124,8019,0.0
372,2025-06-18,7815,8008,0.0
372,2025-06-19,7664,7519,0.0
372,2025-06-20,7847,7591,0.0
372,2025-06-21,7922,7989,0.0
372,2025-06-22,8005,7763,0.0
372,2025-06-23,7634,7616,0.0
372,2025-06-24,7365,7426,0.0
372,2025-06-25,7873,7594,0.0
372,2025-06-26,7466,7555,0.0
372,2025-06-27,7878,7602,0.0
372,2025-06-28,8022,7849,0.0
372,2025-06-29,7786,7675,0.0
372,2025-06-30,7588,7332,0.0
372,2025-07-01,7992,8026,0.0
372,2025-07-02,8037,8036,0.0
372,2025-07-03,7689,7495,0.0
372,2025-07-04,8222,7925,0.0
372,2025-07-05,7780,7657,0.0
372,2025-07-06,7899,7693,0.0
372,2025-07-07,7620,7813,0.0
372,2025-07-08,7703,7621,0.0
372,2025-07-09,8032,7907,0.0
372,2025-07-10,7670,7392,0.0
372,2025-07-11,7550,7334,0.0
372,2025-07-12,7789,7933,0.0
372,2025-07-13,7936,8049,0.0
372,2025-07-14,7585,7596,0.0
372,2025-07-15,7207,7408,0.0
372,2025-07-16,7869,7701,0.0
372,2025-07-17,7797,7751,0.0
372,2025-07-18,7611,7769,0.0
372,2025-07-19,7587,7384,0.0
372,2025-07-20,7941,7793,0.0
372,2025-07-21,7536,7767,0.0
372,2025-07-22,7328,7366,0.0
372,2025-07-23,7713,7551,0.0
373,2025-05-29,9615,9733,0.0
373,2025-05-30,9527,9257,0.0
373,2025-05-31,9864,9766,0.0
373,2025-06-01,9771,9396,0.0
373,2025-06-02,9444,9570,0.0
373,2025-06-03,9284,9115,0.0
373,2025-06-04,10092,9964,0.0
373,2025-06-05,9702,9760,0.0
373,2025-06-06,9359,9449,0.0
373,2025-06-07,9434,9359,0.0
373,2025-06-08,9568,9310,0.0
373,2025-06-09,9838,9991,0.0
373,2025-06-10,10143,9902,0.0
373,2025-06-11,10031,9941,0.0
373,2025-06-12,10233,9917,0.0
373,2025-06-13,9576,9634,0.0
373,2025-06-14,9505,9770,0.0
373,2025-06-15,9937,9846,0.0
373,2025-06-16,9455,9370,0.0
373,2025-06-17,9059,9201,0.0
373,2025-06-18,9718,9476,0.0
373,2025-06-19,9555,9332,0.0
373,2025-06-20,9620,9340,0.0
373,2025-06-21,9380,9281,0.0
373,2025-06-22,9771,9630,0.0
373,2025-06-23,9658,9366,0.0
373,2025-06-24,10365,10012,0.0
373,2025-06-25,9969,9795,0.0
373,2025-06-26,9401,9274,0.0
373,2025-06-27,9647,9746,0.0
373,2025-06-28,9673,9807,0.0
373,2025-06-29,10145,10004,0.0
373,2025-06-30,10156,9965,0.0
373,2025-07-01,9629,9612,0.0
373,2025-07-02,10153,9884,0.0
373,2025-07-03,9674,9902,0.0
373,2025-07-04,9668,9854,0.0
373,2025-07-05,10102,9934,0.0
373,2025-07-06,9791,9632,0.0
373,2025-07-07,9493,9152,0.0
373,2025-07-08,9862,9529,0.0
373,2025-07-09,9725,9587,0.0
373,2025-07-10,9888,9721,0.0
373,2025-07-11,9875,9609,0.0
373,2025-07-12,9478,9146,0.0
373,2025-07-13,9636,9313,0.0
373,2025-07-14,9392,9319,0.0
373,2025-07-15,9620,9640,0.0
373,2025-07-16,9126,9094,0.0
373,2025-07-17,10021,9851,0.0
373,2025-07-18,9588,9429,0.0
373,2025-07-19,9509,9391,0.0
373,2025-07-20,9728,9493,0.0
373,2025-07-21,9047,9149,0.0
373,2025-07-22,9470,9715,0.0
373,2025-07-23,9210,9367,0.0
374,2025-05-29,18469,18026,0.0
374,2025-05-30,17353,17239,0.0
374,2025-05-31,18734,18039,0.0
374,2025-06-01,17887,18227,0.0
374,2025-06-02,17491,17208,0.0
374,2025-06-03,18864,18510,0.0
374,2025-06-04,16855,17198,0.0
374,2025-06-05,17465,17409,0.0
374,2025-06-06,16936,17366,0.0
374,2025-06-07,18086,17863,0.0
374,2025-06-08,16651,17137,0.0
374,2025-06-09,18469,18156,0.0
374,2025-06-10,18008,18382,0.0
374,2025-06-11,18120,17886,0.0
374,2025-06-12,18230,18480,0.0
374,2025-06-13,18805,18351,0.0
374,2025-06-14,17061,17476,0.0
374,2025-06-15,17547,17199,0.0
374,2025-06-16,17450,17718,0.0
374,2025-06-17,18535,18515,0.0
374,2025-06-18,17051,17182,0.0
374,2025-06-19,18167,17754,0.0
374,2025-06-20,16663,17114,0.0
374,2025-06-21,17329,17487,0.0
374,2025-06-22,17931,17816,0.0
374,2025-06-23,18168,18502,0.0
374,2025-06-24,17328,17409,0.0
374,2025-06-25,17005,17122,0.0
374,2025-06-26,17554,18002,0.0
374,2025-06-27,17523,17921,0.0
374,2025-06-28,18682,18024,0.0
374,2025-06-29,17911,17443,0.0
374,2025-06-30,18016,18167,0.0
374,2025-07-01,17495,17347,0.0
374,2025-07-02,17001,16806,0.0
374,2025-07-03,17254,17447,0.0
374,2025-07-04,18727,18255,0.0
374,2025-07-05,18671,18515,0.0
374,2025-07-06,16635,17133,0.0
374,2025-07-07,16631,16981,0.0
374,2025-07-08,17881,17606,0.0
374,2025-07-09,17116,16896,0.0
374,2025-07-10,17141,17243,0.0
374,2025-07-11,18440,17855,0.0
374,2025-07-12,17909,17225,0.0
374,2025-07-13,18040,18499,0.0
374,2025-07-14,16551,16810,0.0
374,2025-07-15,17882,18078,0.0
374,2025-07-16,17413,17660,0.0
374,2025-07-17,17012,16918,0.0
374,2025-07-18,19126,18407,0.0
374,2025-07-19,18159,17602,0.0
374,2025-07-20,18458,18245,0.0
374,2025-07-21,18581,18556,0.0
374,2025-07-22,17543,17001,0.0
374,2025-07-23,17621,17618,0.0
375,2025-05-29,9108,8973,0.0
375,2025-05-30,9336,9221,0.0
375,2025-05-31,9522,9198,0.0
375,2025-06-01,8417,8550,0.0
375,2025-06-02,8689,8843,0.0
375,2025-06-03,8938,8915,0.0
375,2025-06-04,9348,9089,0.0
375,2025-06-05,9176,9343,0.0
375,2025-06-06,8942,8905,0.0
375,2025-06-07,8514,8716,0.0
375,2025-06-08,8968,9048,0.0
375,2025-06-09,9216,9034,0.0
375,2025-06-10,9518,9380,0.0
375,2025-06-11,9720,9371,0.0
375,2025-06-12,8568,8587,0.0
375,2025-06-13,9400,9067,0.0
375,2025-06-14,9480,9288,0.0
375,2025-06-15,9075,9334,0.0
375,2025-06-16,9405,9315,0.0
375,2025-06-17,8580,8798,0.0
375,2025-06-18,8677,8717,0.0
375,2025-06-19,9295,9289,0.0
375,2025-06-20,6541,9213,0.0
375,2025-06-21,6799,9409,0.0
375,2025-06-22,6219,9393,0.0
375,2025-06-23,6684,9221,0.0
375,2025-06-24,6033,8914,0.0
375,2025-06-25,6045,8977,0.0
375,2025-06-26,6037,8851,0.0
375,2025-06-27,6419,9138,0.0
375,2025-06-28,5869,8534,0.0
375,2025-06-29,5847,8895,0.0
375,2025-06-30,6287,9276,0.0
375,2025-07-01,6169,9068,0.0
375,2025-07-02,6334,8901,0.0
375,2025-07-03,5924,8832,0.0
375,2025-07-04,5939,9056,0.0
375,2025-07-05,5886,9083,0.0
375,2025-07-06,6685,9287,0.0
375,2025-07-07,6094,8940,0.0
375,2025-07-08,5842,8678,0.0
375,2025-07-09,6284,9389,0.0
375,2025-07-10,6096,8850,0.0
375,2025-07-11,6473,9019,0.0
375,2025-07-12,6269,8799,0.0
375,2025-07-13,6316,9283,0.0
375,2025-07-14,6410,9094,0.0
375,2025-07-15,6100,9162,0.0
375,2025-07-16,6219,8695,0.0
375,2025-07-17,6222,9173,0.0
375,2025-07-18,5679,8657,0.0
375,2025-07-19,5851,8530,0.0
375,2025-07-20,6497,9104,0.0
375,2025-07-21,5902,9082,0.0
375,2025-07-22,5755,8687,0.0
375,2025-07-23,6115,9226,0.0
376,2025-05-29,29965,30864,0.0
376,2025-05-30,30906,31228,0.0
376,2025-05-31,32901,31663,0.0
376,2025-06-01,29971,30078,0.0
376,2025-06-02,30945,29984,0.0
376,2025-06-03,30873,30528,0.0
376,2025-06-04,29987,29488,0.0
376,2025-06-05,30005,30217,0.0
376,2025-06-06,31693,31321,0.0
376,2025-06-07,30575,31021,0.0
376,2025-06-08,31514,31730,0.0
376,2025-06-09,32044,31645,0.0
376,2025-06-10,30139,29289,0.0
376,2025-06-11,29716,30151,0.0
376,2025-06-12,31745,31266,0.0
376,2025-06-13,30794,30535,0.0
376,2025-06-14,31335,32121,0.0
376,2025-06-15,29936,30764,0.0
376,2025-06-16,30572,30846,0.0
376,2025-06-17,28579,29329,0.0
376,2025-06-18,29716,29728,0.0
376,2025-06-19,31248,30954,0.0
376,2025-06-20,30977,30048,0.0
376,2025-06-21,23200,30938,6.4
376,2025-06-22,31892,30979,0.0
376,2025-06-23,30371,29910,0.0
376,2025-06-24,22190,30209,6.6
376,2025-06-25,30780,31144,0.0
376,2025-06-26,30279,29920,0.0
376,2025-06-27,30179,29584,0.0
376,2025-06-28,32629,31577,0.0
376,2025-06-29,30481,31006,0.0
376,2025-06-30,30597,30831,0.0
376,2025-07-01,29863,29618,0.0
376,2025-07-02,30620,30037,0.0
376,2025-07-03,31933,30941,0.0
376,2025-07-04,31707,31642,0.0
376,2025-07-05,33334,32093,0.0
376,2025-07-06,31722,30859,0.0
376,2025-07-07,33172,32107,0.0
376,2025-07-08,30405,31138,0.0
376,2025-07-09,30719,31414,0.0
376,2025-07-10,30192,30745,0.0
376,2025-07-11,30520,30249,0.0
376,2025-07-12,32699,31488,0.0
376,2025-07-13,31909,32053,0.0
376,2025-07-14,31881,31208,0.0
376,2025-07-15,32729,31799,0.0
376,2025-07-16,30268,29424,0.0
376,2025-07-17,31434,31141,0.0
376,2025-07-18,30908,31799,0.0
376,2025-07-19,31071,30608,0.0
376,2025-07-20,30349,31264,0.0
376,2025-07-21,28779,29506,0.0
376,2025-07-22,30577,29878,0.0
376,2025-07-23,30852,30260,0.0
377,2025-05-29,45310,43711,0.0
377,2025-05-30,46064,45515,0.0
377,2025-05-31,46104,44549,0.0
377,2025-06-01,44288,44140,0.0
377,2025-06-02,45156,44250,0.0
377,2025-06-03,45832,44878,0.0
377,2025-06-04,45789,45471,0.0
377,2025-06-05,44686,44415,0.0
377,2025-06-06,45970,44638,0.0
377,2025-06-07,44518,45145,0.0
377,2025-06-08,47195,45758,0.0
377,2025-06-09,41683,42684,0.0
377,2025-06-10,44205,43592,0.0
377,2025-06-11,46411,44995,0.0
377,2025-06-12,45273,45038,0.0
377,2025-06-13,43327,43889,0.0
377,2025-06-14,42382,41833,0.0
377,2025-06-15,43488,44613,0.0
377,2025-06-16,46270,45295,0.0
377,2025-06-17,41165,41891,0.0
377,2025-06-18,44796,45223,0.0
377,2025-06-19,43957,44300,0.0
377,2025-06-20,45500,44116,0.0
377,2025-06-21,42678,43202,0.0
377,2025-06-22,46210,45166,0.0
377,2025-06-23,43872,43147,0.0
377,2025-06-24,43448,44737,0.0
377,2025-06-25,42216,42945,0.0
377,2025-06-26,44870,43839,0.0
377,2025-06-27,45427,45078,0.0
377,2025-06-28,47154,45388,0.0
377,2025-06-29,43228,43811,0.0
377,2025-06-30,42125,42636,0.0
377,2025-07-01,42034,43150,0.0
377,2025-07-02,43547,43109,0.0
377,2025-07-03,41624,42632,0.0
377,2025-07-04,41918,42158,0.0
377,2025-07-05,41578,42365,0.0
377,2025-07-06,46839,45409,0.0
377,2025-07-07,45315,43786,0.0
377,2025-07-08,42733,42915,0.0
377,2025-07-09,44753,45832,0.0
377,2025-07-10,40581,43908,1.4
377,2025-07-11,44011,42828,0.0
377,2025-07-12,44358,43308,0.0
377,2025-07-13,43763,43135,0.0
377,2025-07-14,45158,45284,0.0
377,2025-07-15,43709,42729,0.0
377,2025-07-16,44173,45396,0.0
377,2025-07-17,45200,45705,0.0
377,2025-07-18,47522,45945,0.0
377,2025-07-19,42214,41772,0.0
377,2025-07-20,45772,45344,0.0
377,2025-07-21,44468,44220,0.0
377,2025-07-22,44358,44585,0.0
377,2025-07-23,43790,44257,0.0
378,2025-05-29,38558,38923,0.0
378,2025-05-30,37702,36839,0.0
378,2025-05-31,40605,39484,0.0
378,2025-06-01,37158,37109,0.0
378,2025-06-02,35329,35759,0.0
378,2025-06-03,36018,36131,0.0
378,2025-06-04,36890,37335,0.0
378,2025-06-05,37845,37697,0.0
378,2025-06-06,37144,36354,0.0
378,2025-06-07,39837,38598,0.0
378,2025-06-08,37824,36873,0.0
378,2025-06-09,36769,37860,0.0
378,2025-06-10,35612,36648,0.0
378,2025-06-11,38146,36857,0.0
378,2025-06-12,37410,36120,0.0
378,2025-06-13,38806,38075,0.0
378,2025-06-14,36145,36575,0.0
378,2025-06-15,39276,39122,0.0
378,2025-06-16,38324,37412,0.0
378,2025-06-17,38715,38897,0.0
378,2025-06-18,38632,39498,0.0
378,2025-06-19,37158,35757,0.0
378,2025-06-20,36795,36544,0.0
378,2025-06-21,36901,37539,0.0
378,2025-06-22,40460,38971,0.0
378,2025-06-23,35877,36871,0.0
378,2025-06-24,36706,36567,0.0
378,2025-06-25,37241,35947,0.0
378,2025-06-26,37282,37994,0.0
378,2025-06-27,38453,38111,0.0
378,2025-06-28,37844,36541,0.0
378,2025-06-29,38741,39486,0.0
378,2025-06-30,37708,36464,0.0
378,2025-07-01,38151,38320,0.0
378,2025-07-02,37335,36426,0.0
378,2025-07-03,38761,39318,0.0
378,2025-07-04,39061,39469,0.0
378,2025-07-05,39702,38489,0.0
378,2025-07-06,37445,37661,0.0
378,2025-07-07,39827,39414,0.0
378,2025-07-08,39456,39184,0.0
378,2025-07-09,37214,36769,0.0
378,2025-07-10,39284,39097,0.0
378,2025-07-11,38299,38687,0.0
378,2025-07-12,33758,39207,3.0
378,2025-07-13,38154,36953,0.0
378,2025-07-14,36152,36458,0.0
378,2025-07-15,36187,36124,0.0
378,2025-07-16,35044,35799,0.0
378,2025-07-17,39195,37878,0.0
378,2025-07-18,35691,36310,0.0
378,2025-07-19,40508,39407,0.0
378,2025-07-20,34848,35844,0.0
378,2025-07-21,40081,39386,0.0
378,2025-07-22,35667,36477,0.0
378,2025-07-23,36315,35766,0.0
379,2025-05-29,2685,2669,0.0
379,2025-05-30,2724,2711,0.0
379,2025-05-31,2564,2587,0.0
379,2025-06-01,2576,2611,0.0
379,2025-06-02,2515,2588,0.0
379,2025-06-03,2565,2484,0.0
379,2025-06-04,2642,2557,0.0
379,2025-06-05,2636,2602,0.0
379,2025-06-06,2735,2705,0.0
379,2025-06-07,2571,2475,0.0
379,2025-06-08,2469,2491,0.0
379,2025-06-09,2784,2679,0.0
379,2025-06-10,2625,2584,0.0
379,2025-06-11,2487,2535,0.0
379,2025-06-12,2595,2556,0.0
379,2025-06-13,2680,2577,0.0
379,2025-06-14,2651,2625,0.0
379,2025-06-15,2438,2500,0.0
379,2025-06-16,2601,2517,0.0
379,2025-06-17,2599,2663,0.0
379,2025-06-18,2600,2594,0.0
379,2025-06-19,2560,2573,0.0
379,2025-06-20,2685,2699,0.0
379,2025-06-21,2784,2690,0.0
379,2025-06-22,2490,2559,0.0
379,2025-06-23,2445,2468,0.0
379,2025-06-24,2524,2576,0.0
379,2025-06-25,2566,2635,0.0
379,2025-06-26,2435,2488,0.0
379,2025-06-27,2626,2681,0.0
379,2025-06-28,2458,2469,0.0
379,2025-06-29,2448,2518,0.0
379,2025-06-30,2737,2657,0.0
379,2025-07-01,2671,2686,0.0
379,2025-07-02,2628,2664,0.0
379,2025-07-03,2826,2720,0.0
379,2025-07-04,2498,2532,0.0
379,2025-07-05,2784,2714,0.0
379,2025-07-06,2553,2486,0.0
379,2025-07-07,2578,2532,0.0
379,2025-07-08,2680,2593,0.0
379,2025-07-09,2598,2521,0.0
379,2025-07-10,2441,2508,0.0
379,2025-07-11,2623,2671,0.0
379,2025-07-12,2530,2512,0.0
379,2025-07-13,2639,2684,0.0
379,2025-07-14,2644,2548,0.0
379,2025-07-15,2443,2499,0.0
379,2025-07-16,2749,2705,0.0
379,2025-07-17,2571,2516,0.0
379,2025-07-18,2541,2485,0.0
379,2025-07-19,2453,2502,0.0
379,2025-07-20,2558,2556,0.0
379,2025-07-21,2571,2580,0.0
379,2025-07-22,2625,2650,0.0
379,2025-07-23,2507,2553,0.0
380,2025-05-29,5082,4932,0.0
380,2025-05-30,4903,4998,0.0
380,2025-05-31,5218,5055,0.0
380,2025-06-01,5432,5240,0.0
380,2025-06-02,5194,5107,0.0
380,2025-06-03,4822,4893,0.0
380,2025-06-04,5066,5006,0.0
380,2025-06-05,5131,5158,0.0
380,2025-06-06,5103,4960,0.0
380,2025-06-07,5004,5036,0.0
380,2025-06-08,5408,5290,0.0
380,2025-06-09,5225,5280,0.0
380,2025-06-10,4858,4936,0.0
380,2025-06-11,5272,5077,0.0
380,2025-06-12,5058,5050,0.0
380,2025-06-13,5084,4940,0.0
380,2025-06-14,5272,5100,0.0
380,2025-06-15,4885,5010,0.0
380,2025-06-16,4863,4860,0.0
380,2025-06-17,5504,5363,0.0
380,2025-06-18,4906,4939,0.0
380,2025-06-19,5119,5224,0.0
380,2025-06-20,4787,4876,0.0
380,2025-06-21,5131,5072,0.0
380,2025-06-22,5115,4929,0.0
380,2025-06-23,5034,5084,0.0
380,2025-06-24,4861,4993,0.0
380,2025-06-25,5189,5170,0.0
380,2025-06-26,5375,5189,0.0
380,2025-06-27,3492,5209,0.0
380,2025-06-28,3455,5289,0.0
380,2025-06-29,3638,5172,0.0
380,2025-06-30,3538,4968,0.0
380,2025-07-01,3155,4878,0.0
380,2025-07-02,3522,5286,0.0
380,2025-07-03,3486,5306,0.0
380,2025-07-04,3400,4949,0.0
380,2025-07-05,3388,5249,0.0
380,2025-07-06,3684,5339,0.0
380,2025-07-07,5228,5269,0.0
380,2025-07-08,4842,4902,0.0
380,2025-07-09,5084,5233,0.0
380,2025-07-10,5103,5181,0.0
380,2025-07-11,5324,5257,0.0
380,2025-07-12,5164,5067,0.0
380,2025-07-13,5168,5126,0.0
380,2025-07-14,5056,5027,0.0
380,2025-07-15,5145,5043,0.0
380,2025-07-16,5083,5111,0.0
380,2025-07-17,5149,4969,0.0
380,2025-07-18,4930,4989,0.0
380,2025-07-19,5092,5045,0.0
380,2025-07-20,5214,5148,0.0
380,2025-07-21,5343,5218,0.0
380,2025-07-22,4973,5033,0.0
380,2025-07-23,4889,4937,0.0
381,2025-05-29,17700,17514,0.0
381,2025-05-30,17653,17287,0.0
381,2025-05-31,16503,16756,0.0
381,2025-06-01,16839,16416,0.0
381,2025-06-02,16950,16848,0.0
381,2025-06-03,17071,16993,0.0
381,2025-06-04,17096,17218,0.0
381,2025-06-05,17164,16628,0.0
381,2025-06-06,17856,17331,0.0
381,2025-06-07,17232,16674,0.0
381,2025-06-08,16117,16401,0.0
381,2025-06-09,16289,16725,0.0
381,2025-06-10,15774,15880,0.0
381,2025-06-11,18006,17480,0.0
381,2025-06-12,17282,17170,0.0
381,2025-06-13,16829,16307,0.0
381,2025-06-14,16896,17284,0.0
381,2025-06-15,17946,17379,0.0
381,2025-06-16,17604,17301,0.0
381,2025-06-17,16994,16560,0.0
381,2025-06-18,16635,17063,0.0
381,2025-06-19,17020,16862,0.0
381,2025-06-20,16196,16156,0.0
381,2025-06-21,16058,16047,0.0
381,2025-06-22,17616,17080,0.0
381,2025-06-23,17265,16911,0.0
381,2025-06-24,17761,17321,0.0
381,2025-06-25,16429,16189,0.0
381,2025-06-26,16724,17151,0.0
381,2025-06-27,16939,16457,0.0
381,2025-06-28,15787,16211,0.0
381,2025-06-29,16519,16811,0.0
381,2025-06-30,15793,15998,0.0
381,2025-07-01,16188,15904,0.0
381,2025-07-02,17050,17219,0.0
381,2025-07-03,17293,17483,0.0
381,2025-07-04,16901,16676,0.0
381,2025-07-05,17599,17259,0.0
381,2025-07-06,16244,15989,0.0
381,2025-07-07,16153,16584,0.0
381,2025-07-08,17340,17463,0.0
381,2025-07-09,17125,17175,0.0
381,2025-07-10,16808,17055,0.0
381,2025-07-11,17489,17079,0.0
381,2025-07-12,16844,16315,0.0
381,2025-07-13,15621,16023,0.0
381,2025-07-14,15789,16187,0.0
381,2025-07-15,15836,16286,0.0
381,2025-07-16,16227,15917,0.0
381,2025-07-17,16790,16754,0.0
381,2025-07-18,16617,16637,0.0
381,2025-07-19,16215,16648,0.0
381,2025-07-20,16684,16262,0.0
381,2025-07-21,16683,16935,0.0
381,2025-07-22,17867,17210,0.0
381,2025-07-23,17043,16618,0.0
382,2025-05-29,12476,12320,0.0
382,2025-05-30,11761,11774,0.0
382,2025-05-31,12562,12911,0.0
382,2025-06-01,13027,12840,0.0
382,2025-06-02,12628,12296,0.0
382,2025-06-03,12119,12448,0.0
382,2025-06-04,11820,11793,0.0
382,2025-06-05,11990,12172,0.0
382,2025-06-06,12899,12680,0.0
382,2025-06-07,12741,12784,0.0
382,2025-06-08,12279,12181,0.0
382,2025-06-09,12455,12838,0.0
382,2025-06-10,13033,12715,0.0
382,2025-06-11,11996,12331,0.0
382,2025-06-12,12171,11839,0.0
382,2025-06-13,13075,12641,0.0
382,2025-06-14,11613,11859,0.0
382,2025-06-15,12642,12405,0.0
382,2025-06-16,12731,12922,0.0
382,2025-06-17,12265,12108,0.0
382,2025-06-18,12101,11759,0.0
382,2025-06-19,13182,12742,0.0
382,2025-06-20,13115,12817,0.0
382,2025-06-21,13044,12620,0.0
382,2025-06-22,12811,12689,0.0
382,2025-06-23,12100,11853,0.0
382,2025-06-24,13163,12845,0.0
382,2025-06-25,12360,12354,0.0
382,2025-06-26,11834,11795,0.0
382,2025-06-27,12191,11851,0.0
382,2025-06-28,11966,11813,0.0
382,2025-06-29,13202,12875,0.0
382,2025-06-30,12471,11998,0.0
382,2025-07-01,11692,11900,0.0
382,2025-07-02,11624,11854,0.0
382,2025-07-03,12626,12669,0.0
382,2025-07-04,13280,12846,0.0
382,2025-07-05,12779,12340,0.0
382,2025-07-06,12212,12249,0.0
382,2025-07-07,11559,11793,0.0
382,2025-07-08,12106,11740,0.0
382,2025-07-09,13033,12718,0.0
382,2025-07-10,11938,12087,0.0
382,2025-07-11,12526,12197,0.0
382,2025-07-12,12822,12914,0.0
382,2025-07-13,13103,12854,0.0
382,2025-07-14,12358,12598,0.0
382,2025-07-15,12897,12533,0.0
382,2025-07-16,13172,12845,0.0
382,2025-07-17,12381,12040,0.0
382,2025-07-18,12205,12124,0.0
382,2025-07-19,12173,12141,0.0
382,2025-07-20,12467,12121,0.0
382,2025-07-21,12388,11926,0.0
382,2025-07-22,11784,12026,0.0
382,2025-07-23,12522,12232,0.0
383,2025-05-29,15680,15885,0.0
383,2025-05-30,16111,16342,0.0
383,2025-05-31,15965,15744,0.0
383,2025-06-01,16815,16799,0.0
383,2025-06-02,17318,16829,0.0
383,2025-06-03,15231,15530,0.0
383,2025-06-04,16359,16392,0.0
383,2025-06-05,16520,16307,0.0
383,2025-06-06,15003,15452,0.0
383,2025-06-07,16111,16005,0.0
383,2025-06-08,17012,16546,0.0
383,2025-06-09,15813,15776,0.0
383,2025-06-10,16064,15568,0.0
383,2025-06-11,16532,16174,0.0
383,2025-06-12,15672,15596,0.0
383,2025-06-13,16332,16763,0.0
383,2025-06-14,16801,16266,0.0
383,2025-06-15,16176,16404,0.0
383,2025-06-16,16495,15953,0.0
383,2025-06-17,17006,16500,0.0
383,2025-06-18,16204,16195,0.0
383,2025-06-19,15102,15534,0.0
383,2025-06-20,16674,16261,0.0
383,2025-06-21,16334,16328,0.0
383,2025-06-22,16716,16244,0.0
383,2025-06-23,16853,16307,0.0
383,2025-06-24,16233,16431,0.0
383,2025-06-25,15607,15949,0.0
383,2025-06-26,16685,16239,0.0
383,2025-06-27,17385,16870,0.0
383,2025-06-28,16926,16308,0.0
383,2025-06-29,16945,16461,0.0
383,2025-06-30,16367,15835,0.0
383,2025-07-01,16843,16804,0.0
383,2025-07-02,16379,16593,0.0
383,2025-07-03,15682,15461,0.0
383,2025-07-04,15299,15551,0.0
383,2025-07-05,16301,16218,0.0
383,2025-07-06,15787,15562,0.0
383,2025-07-07,16566,16028,0.0
383,2025-07-08,16537,16789,0.0
383,2025-07-09,16982,16578,0.0
383,2025-07-10,16345,15967,0.0
383,2025-07-11,16373,16498,0.0
383,2025-07-12,15863,15747,0.0
383,2025-07-13,15850,15772,0.0
383,2025-07-14,16758,16567,0.0
383,2025-07-15,17022,16389,0.0
383,2025-07-16,15629,15724,0.0
383,2025-07-17,16284,16717,0.0
383,2025-07-18,14898,15326,0.0
383,2025-07-19,16899,16649,0.0
383,2025-07-20,15732,15950,0.0
383,2025-07-21,17101,16717,0.0
383,2025-07-22,16008,15859,0.0
383,2025-07-23,16724,16173,0.0
384,2025-05-29,5665,5617,0.0
384,2025-05-30,5531,5615,0.0
384,2025-05-31,5553,5602,0.0
384,2025-06-01,5314,5207,0.0
384,2025-06-02,5350,5366,0.0
384,2025-06-03,5064,5161,0.0
384,2025-06-04,5537,5411,0.0
384,2025-06-05,5425,5312,0.0
384,2025-06-06,5325,5349,0.0
384,2025-06-07,5391,5414,0.0
384,2025-06-08,5524,5446,0.0
384,2025-06-09,5828,5614,0.0
384,2025-06-10,5575,5419,0.0
384,2025-06-11,5042,5198,0.0
384,2025-06-12,5482,5340,0.0
384,2025-06-13,5501,5514,0.0
384,2025-06-14,5156,5286,0.0
384,2025-06-15,5621,5610,0.0
384,2025-06-16,5134,5256,0.0
384,2025-06-17,5453,5586,0.0
384,2025-06-18,5476,5504,0.0
384,2025-06-19,5175,5294,0.0
384,2025-06-20,5028,5127,0.0
384,2025-06-21,5168,5236,0.0
384,2025-06-22,5194,5151,0.0
384,2025-06-23,5604,5559,0.0
384,2025-06-24,5452,5271,0.0
384,2025-06-25,5177,5124,0.0
384,2025-06-26,5325,5411,0.0
384,2025-06-27,5452,5285,0.0
384,2025-06-28,5302,5325,0.0
384,2025-06-29,5613,5493,0.0
384,2025-06-30,5274,5155,0.0
384,2025-07-01,5258,5124,0.0
384,2025-07-02,5498,5413,0.0
384,2025-07-03,5266,5123,0.0
384,2025-07-04,5631,5548,0.0
384,2025-07-05,5050,5098,0.0
384,2025-07-06,5242,5351,0.0
384,2025-07-07,4993,5097,0.0
384,2025-07-08,5283,5303,0.0
384,2025-07-09,5276,5329,0.0
384,2025-07-10,5185,5191,0.0
384,2025-07-11,5269,5429,0.0
384,2025-07-12,5453,5553,0.0
384,2025-07-13,5753,5557,0.0
384,2025-07-14,5454,5313,0.0
384,2025-07-15,5357,5434,0.0
384,2025-07-16,5097,5222,0.0
384,2025-07-17,5454,5336,0.0
384,2025-07-18,5334,5410,0.0
384,2025-07-19,5730,5561,0.0
384,2025-07-20,5148,5132,0.0
384,2025-07-21,5421,5546,0.0
384,2025-07-22,5520,5321,0.0
384,2025-07-23,5330,5162,0.0
385,2025-05-29,3219,3267,0.0
385,2025-05-30,3325,3270,0.0
385,2025-05-31,3366,3297,0.0
385,2025-06-01,3046,3078,0.0
385,2025-06-02,3350,3280,0.0
385,2025-06-03,3360,3292,0.0
385,2025-06-04,3091,3173,0.0
385,2025-06-05,3117,3058,0.0
385,2025-06-06,3229,3204,0.0
385,2025-06-07,3088,3114,0.0
385,2025-06-08,3099,3184,0.0
385,2025-06-09,3147,3098,0.0
385,2025-06-10,3229,3201,0.0
385,2025-06-11,3135,3122,0.0
385,2025-06-12,3402,3317,0.0
385,2025-06-13,3289,3277,0.0
385,2025-06-14,3169,3121,0.0
385,2025-06-15,3346,3305,0.0
385,2025-06-16,3231,3203,0.0
385,2025-06-17,3251,3309,0.0
385,2025-06-18,3094,3125,0.0
385,2025-06-19,3215,3246,0.0
385,2025-06-20,3172,3063,0.0
385,2025-06-21,2964,3051,0.0
385,2025-06-22,3255,3209,0.0
385,2025-06-23,3186,3257,0.0
385,2025-06-24,3247,3157,0.0
385,2025-06-25,3080,3104,0.0
385,2025-06-26,3199,3250,0.0
385,2025-06-27,3294,3244,0.0
385,2025-06-28,3214,3212,0.0
385,2025-06-29,3300,3312,0.0
385,2025-06-30,3272,3152,0.0
385,2025-07-01,3207,3265,0.0
385,2025-07-02,3081,3123,0.0
385,2025-07-03,3266,3310,0.0
385,2025-07-04,3112,3026,0.0
385,2025-07-05,3355,3299,0.0
385,2025-07-06,3301,3250,0.0
385,2025-07-07,3319,3204,0.0
385,2025-07-08,3166,3074,0.0
385,2025-07-09,3188,3142,0.0
385,2025-07-10,3231,3283,0.0
385,2025-07-11,3265,3252,0.0
385,2025-07-12,3200,3275,0.0
385,2025-07-13,3070,3130,0.0
385,2025-07-14,3235,3171,0.0
385,2025-07-15,2999,3085,0.0
385,2025-07-16,3197,3274,0.0
385,2025-07-17,3046,3127,0.0
385,2025-07-18,3240,3227,0.0
385,2025-07-19,3064,3078,0.0
385,2025-07-20,3046,3109,0.0
385,2025-07-21,3099,3071,0.0
385,2025-07-22,3102,3123,0.0
385,2025-07-23,3146,3114,0.0
386,2025-05-29,26437,26209,0.0
386,2025-05-30,25211,25129,0.0
386,2025-05-31,24166,24791,0.0
386,2025-06-01,25966,25510,0.0
386,2025-06-02,25586,25731,0.0
386,2025-06-03,25600,25449,0.0
386,2025-06-04,27171,26280,0.0
386,2025-06-05,25290,24677,0.0
386,2025-06-06,26781,25932,0.0
386,2025-06-07,24620,25067,0.0
386,2025-06-08,25711,25195,0.0
386,2025-06-09,26288,25957,0.0
386,2025-06-10,25522,25939,0.0
386,2025-06-11,25809,25060,0.0
386,2025-06-12,24542,23974,0.0
386,2025-06-13,24621,24330,0.0
386,2025-06-14,25858,25642,0.0
386,2025-06-15,26169,25750,0.0
386,2025-06-16,24581,24360,0.0
386,2025-06-17,25658,25189,0.0
386,2025-06-18,23975,24535,0.0
386,2025-06-19,26383,25968,0.0
386,2025-06-20,24783,25463,0.0
386,2025-06-21,26646,25863,0.0
386,2025-06-22,25924,26061,0.0
386,2025-06-23,25375,25470,0.0
386,2025-06-24,26050,25593,0.0
386,2025-06-25,26361,25353,0.0
386,2025-06-26,26808,25837,0.0
386,2025-06-27,25559,25401,0.0
386,2025-06-28,23912,24172,0.0
386,2025-06-29,25162,25417,0.0
386,2025-06-30,25502,25907,0.0
386,2025-07-01,24182,24781,0.0
386,2025-07-02,26350,25759,0.0
386,2025-07-03,26202,26407,0.0
386,2025-07-04,25395,25863,0.0
386,2025-07-05,24744,25281,0.0
386,2025-07-06,25659,25723,0.0
386,2025-07-07,26423,25780,0.0
386,2025-07-08,25568,25006,0.0
386,2025-07-09,25236,25702,0.0
386,2025-07-10,25913,25361,0.0
386,2025-07-11,25085,24339,0.0
386,2025-07-12,25457,25053,0.0
386,2025-07-13,24082,24209,0.0
386,2025-07-14,24580,24130,0.0
386,2025-07-15,26044,26023,0.0
386,2025-07-16,25931,25275,0.0
386,2025-07-17,25625,25609,0.0
386,2025-07-18,24465,24703,0.0
386,2025-07-19,24472,24658,0.0
386,2025-07-20,25324,24476,0.0
386,2025-07-21,24842,25603,0.0
386,2025-07-22,26675,26030,0.0
386,2025-07-23,27032,26414,0.0
387,2025-05-29,28541,27936,0.0
387,2025-05-30,28165,28439,0.0
387,2025-05-31,27536,27799,0.0
387,2025-06-01,29768,28934,0.0
387,2025-06-02,26748,26903,0.0
387,2025-06-03,27322,27747,0.0
387,2025-06-04,26679,27112,0.0
387,2025-06-05,28904,29030,0.0
387,2025-06-06,28300,27301,0.0
387,2025-06-07,26742,26733,0.0
387,2025-06-08,27666,27612,0.0
387,2025-06-09,29425,28902,0.0
387,2025-06-10,26731,26778,0.0
387,2025-06-11,28231,27146,0.0
387,2025-06-12,28486,27565,0.0
387,2025-06-13,29449,29392,0.0
387,2025-06-14,26745,26747,0.0
387,2025-06-15,28334,28418,0.0
387,2025-06-16,27926,28067,0.0
387,2025-06-17,26909,27037,0.0
387,2025-06-18,26104,26754,0.0
387,2025-06-19,27933,27770,0.0
387,2025-06-20,28829,28997,0.0
387,2025-06-21,27276,27702,0.0
387,2025-06-22,29090,28013,0.0
387,2025-06-23,29309,28439,0.0
387,2025-06-24,26807,27128,0.0
387,2025-06-25,28199,28512,0.0
387,2025-06-26,27948,27170,0.0
387,2025-06-27,27431,27417,0.0
387,2025-06-28,28313,27514,0.0
387,2025-06-29,28405,27709,0.0
387,2025-06-30,28234,29093,0.0
387,2025-07-01,28791,28545,0.0
387,2025-07-02,27234,28061,0.0
387,2025-07-03,27752,28394,0.0
387,2025-07-04,28369,28167,0.0
387,2025-07-05,28942,28614,0.0
387,2025-07-06,28722,28418,0.0
387,2025-07-07,28304,28209,0.0
387,2025-07-08,28387,28235,0.0
387,2025-07-09,28556,28979,0.0
387,2025-07-10,27691,28332,0.0
387,2025-07-11,28411,28314,0.0
387,2025-07-12,26913,27554,0.0
387,2025-07-13,27440,28092,0.0
387,2025-07-14,27975,28687,0.0
387,2025-07-15,28764,28708,0.0
387,2025-07-16,26102,26712,0.0
387,2025-07-17,28802,28619,0.0
387,2025-07-18,16524,27517,0.0
387,2025-07-19,15585,27775,0.0
387,2025-07-20,16537,28815,0.0
387,2025-07-21,16437,28545,0.0
387,2025-07-22,16138,27093,0.0
387,2025-07-23,16154,28853,0.0
388,2025-05-29,7282,7082,0.0
388,2025-05-30,6953,6998,0.0
388,2025-05-31,6848,6820,0.0
388,2025-06-01,6382,6543,0.0
388,2025-06-02,7126,7035,0.0
388,2025-06-03,7102,6875,0.0
388,2025-06-04,6562,6709,0.0
388,2025-06-05,7168,7028,0.0
388,2025-06-06,7165,7135,0.0
388,2025-06-07,7203,7021,0.0
388,2025-06-08,6867,6908,0.0
388,2025-06-09,7023,6775,0.0
388,2025-06-10,6523,6550,0.0
388,2025-06-11,6614,6573,0.0
388,2025-06-12,7089,7085,0.0
388,2025-06-13,6809,6717,0.0
388,2025-06-14,6871,6893,0.0
388,2025-06-15,6818,6806,0.0
388,2025-06-16,6815,6658,0.0
388,2025-06-17,6894,6769,0.0
388,2025-06-18,7131,7079,0.0
388,2025-06-19,6878,6620,0.0
388,2025-06-20,6871,7022,0.0
388,2025-06-21,6436,6624,0.0
388,2025-06-22,6961,6974,0.0
388,2025-06-23,6834,6891,0.0
388,2025-06-24,7351,7143,0.0
388,2025-06-25,6796,6791,0.0
388,2025-06-26,6789,6688,0.0
388,2025-06-27,6821,6694,0.0
388,2025-06-28,6503,6584,0.0
388,2025-06-29,7136,7093,0.0
388,2025-06-30,6897,6635,0.0
388,2025-07-01,7205,6937,0.0
388,2025-07-02,6424,6573,0.0
388,2025-07-03,6662,6709,0.0
388,2025-07-04,6875,6821,0.0
388,2025-07-05,7067,7047,0.0
388,2025-07-06,6947,6726,0.0
388,2025-07-07,6434,6531,0.0
388,2025-07-08,6528,6698,0.0
388,2025-07-09,6852,6741,0.0
388,2025-07-10,6995,6939,0.0
388,2025-07-11,6722,6772,0.0
388,2025-07-12,6842,6779,0.0
388,2025-07-13,7010,6859,0.0
388,2025-07-14,6854,6686,0.0
388,2025-07-15,6748,6540,0.0
388,2025-07-16,6543,6599,0.0
388,2025-07-17,7077,6924,0.0
388,2025-07-18,7005,6962,0.0
388,2025-07-19,7152,6923,0.0
388,2025-07-20,6972,7054,0.0
388,2025-07-21,6547,6738,0.0
388,2025-07-22,7113,7099,0.0
388,2025-07-23,7070,6981,0.0
389,2025-05-29,12910,12435,0.0
389,2025-05-30,11760,11766,0.0
389,2025-05-31,11491,11497,0.0
389,2025-06-01,11587,11361,0.0
389,2025-06-02,11897,11904,0.0
389,2025-06-03,11284,11592,0.0
389,2025-06-04,11709,11565,0.0
389,2025-06-05,12282,12328,0.0
389,2025-06-06,11662,11615,0.0
389,2025-06-07,11682,11350,0.0
389,2025-06-08,12759,12491,0.0
389,2025-06-09,11657,11552,0.0
389,2025-06-10,11488,11456,0.0
389,2025-06-11,11719,11444,0.0
389,2025-06-12,11942,12149,0.0
389,2025-06-13,11953,11570,0.0
389,2025-06-14,12035,11638,0.0
389,2025-06-15,11760,11603,0.0
389,2025-06-16,12176,11919,0.0
389,2025-06-17,12166,12125,0.0
389,2025-06-18,12297,11889,0.0
389,2025-06-19,12631,12407,0.0
389,2025-06-20,12735,12400,0.0
389,2025-06-21,11916,12101,0.0
389,2025-06-22,11787,11780,0.0
389,2025-06-23,12548,12147,0.0
389,2025-06-24,12147,12437,0.0
389,2025-06-25,12294,11876,0.0
389,2025-06-26,12205,11904,0.0
389,2025-06-27,12453,12051,0.0
389,2025-06-28,12001,11920,0.0
389,2025-06-29,12219,12327,0.0
389,2025-06-30,12342,12174,0.0
389,2025-07-01,12521,12357,0.0
389,2025-07-02,12032,12002,0.0
389,2025-07-03,11377,11658,0.0
389,2025-07-04,11997,11856,0.0
389,2025-07-05,12773,12314,0.0
389,2025-07-06,12070,12081,0.0
389,2025-07-07,12578,12419,0.0
389,2025-07-08,12530,12391,0.0
389,2025-07-09,11375,11579,0.0
389,2025-07-10,12514,12266,0.0
389,2025-07-11,11674,11952,0.0
389,2025-07-12,12519,12329,0.0
389,2025-07-13,12702,12396,0.0
389,2025-07-14,12661,12217,0.0
389,2025-07-15,12667,12456,0.0
389,2025-07-16,12298,12330,0.0
389,2025-07-17,12192,12096,0.0
389,2025-07-18,12084,11936,0.0
389,2025-07-19,11110,11335,0.0
389,2025-07-20,11570,11769,0.0
389,2025-07-21,11686,11382,0.0
389,2025-07-22,11210,11370,0.0
389,2025-07-23,11387,11477,0.0
390,2025-05-29,4206,4307,0.0
390,2025-05-30,4428,4511,0.0
390,2025-05-31,4525,4352,0.0
390,2025-06-01,4436,4543,0.0
390,2025-06-02,4201,4265,0.0
390,2025-06-03,4493,4452,0.0
390,2025-06-04,4224,4210,0.0
390,2025-06-05,4553,4465,0.0
390,2025-06-06,4612,4567,0.0
390,2025-06-07,4094,4200,0.0
390,2025-06-08,4565,4617,0.0
390,2025-06-09,4500,4437,0.0
390,2025-06-10,4548,4447,0.0
390,2025-06-11,4409,4528,0.0
390,2025-06-12,4537,4609,0.0
390,2025-06-13,4397,4363,0.0
390,2025-06-14,4427,4518,0.0
390,2025-06-15,4409,4403,0.0
390,2025-06-16,4516,4606,0.0
390,2025-06-17,4425,4273,0.0
390,2025-06-18,4289,4328,0.0
390,2025-06-19,4729,4625,0.0
390,2025-06-20,4716,4622,0.0
390,2025-06-21,4416,4514,0.0
390,2025-06-22,4753,4591,0.0
390,2025-06-23,4550,4488,0.0
390,2025-06-24,4510,4550,0.0
390,2025-06-25,4637,4570,0.0
390,2025-06-26,4433,4347,0.0
390,2025-06-27,4378,4216,0.0
390,2025-06-28,4730,4589,0.0
390,2025-06-29,4399,4525,0.0
390,2025-06-30,4249,4206,0.0
390,2025-07-01,4409,4530,0.0
390,2025-07-02,4442,4310,0.0
390,2025-07-03,4554,4386,0.0
390,2025-07-04,4435,4503,0.0
390,2025-07-05,4220,4294,0.0
390,2025-07-06,4314,4296,0.0
390,2025-07-07,4212,4319,0.0
390,2025-07-08,4386,4324,0.0
390,2025-07-09,4420,4463,0.0
390,2025-07-10,4318,4413,0.0
390,2025-07-11,4721,4571,0.0
390,2025-07-12,4547,4559,0.0
390,2025-07-13,4637,4532,0.0
390,2025-07-14,4575,4563,0.0
390,2025-07-15,4582,4510,0.0
390,2025-07-16,4671,4508,0.0
390,2025-07-17,4636,4470,0.0
390,2025-07-18,4128,4202,0.0
390,2025-07-19,4150,4247,0.0
390,2025-07-20,4569,4426,0.0
390,2025-07-21,4406,4499,0.0
390,2025-07-22,4734,4585,0.0
390,2025-07-23,4730,4621,0.0
391,2026-08-27,10673,10628,0.0
391,2026-08-28,10170,10318,0.0
391,2026-08-29,11352,11015,0.0
391,2026-08-30,10976,10686,0.0
391,2026-08-31,10858,10697,0.0
391,2026-09-01,10187,10210,0.0
391,2026-09-02,10028,10083,0.0
391,2026-09-03,10958,10590,0.0
391,2026-09-04,10746,10489,0.0
391,2026-09-05,10609,10255,0.0
391,2026-09-06,10698,10502,0.0
391,2026-09-07,10853,10518,0.0
391,2026-09-08,10740,10631,0.0
391,2026-09-09,11152,10949,0.0
391,2026-09-10,10838,10790,0.0
392,2026-08-27,16409,16353,0.0
392,2026-08-28,16432,16069,0.0
392,2026-08-29,15033,15486,0.0
392,2026-08-30,16457,16210,0.0
392,2026-08-31,15534,15540,0.0
392,2026-09-01,15654,15823,0.0
392,2026-09-02,16891,16875,0.0
392,2026-09-03,15445,15597,0.0
392,2026-09-04,15589,15299,0.0
392,2026-09-05,16281,16081,0.0
392,2026-09-06,15570,15346,0.0
392,2026-09-07,17495,16837,0.0
392,2026-09-08,16806,16812,0.0
392,2026-09-09,16223,15776,0.0
392,2026-09-10,16533,16341,0.0
393,2026-08-27,39419,39458,0.0
393,2026-08-28,39134,39479,0.0
393,2026-08-29,39273,39709,0.0
393,2026-08-30,38582,39754,0.0
393,2026-08-31,40145,40288,0.0
393,2026-09-01,39584,39468,0.0
393,2026-09-02,40544,40720,0.0
393,2026-09-03,38546,38378,0.0
393,2026-09-04,39408,39689,0.0
393,2026-09-05,38992,37781,0.0
393,2026-09-06,40177,40655,0.0
393,2026-09-07,37793,38912,0.0
393,2026-09-08,37546,38293,0.0
393,2026-09-09,36175,37243,0.0
393,2026-09-10,39774,39873,0.0
394,2026-08-27,44813,44987,0.0
394,2026-08-28,44269,43035,0.0
394,2026-08-29,44264,43598,0.0
394,2026-08-30,43325,42314,0.0
394,2026-08-31,42271,42291,0.0
394,2026-09-01,43723,43532,0.0
394,2026-09-02,45586,45185,0.0
394,2026-09-03,44684,45870,0.0
394,2026-09-04,42183,43039,0.0
394,2026-09-05,45519,44622,0.0
394,2026-09-06,42704,43669,0.0
394,2026-09-07,45863,45327,0.0
394,2026-09-08,45082,44539,0.0
394,2026-09-09,43710,42635,0.0
394,2026-09-10,43739,42731,0.0
395,2026-08-27,55767,56691,0.0
395,2026-08-28,57629,57293,0.0
395,2026-08-29,59040,58657,0.0
395,2026-08-30,59969,59618,0.0
395,2026-08-31,58372,56621,0.0
395,2026-09-01,58209,56308,0.0
395,2026-09-02,54919,56044,0.0
395,2026-09-03,59196,57587,0.0
395,2026-09-04,57629,56884,0.0
395,2026-09-05,56958,57750,0.0
395,2026-09-06,57732,57128,0.0
395,2026-09-07,59778,59413,0.0
395,2026-09-08,53730,55271,0.0
395,2026-09-09,56975,57536,0.0
395,2026-09-10,56888,56149,0.0
396,2026-08-27,34217,34134,0.0
396,2026-08-28,32830,32301,0.0
396,2026-08-29,33415,32352,0.0
396,2026-08-30,33041,32334,0.0
396,2026-08-31,35028,34017,0.0
396,2026-09-01,32387,32847,0.0
396,2026-09-02,35440,34087,0.0
396,2026-09-03,32819,32314,0.0
396,2026-09-04,33620,33450,0.0
396,2026-09-05,30561,30997,0.0
396,2026-09-06,31153,31029,0.0
396,2026-09-07,32544,31346,0.0
396,2026-09-08,32297,31675,0.0
396,2026-09-09,32714,32425,0.0
396,2026-09-10,32428,32607,0.0
397,2026-08-27,9617,9723,0.0
397,2026-08-28,10060,9932,0.0
397,2026-08-29,9428,9218,0.0
397,2026-08-30,9240,9430,0.0
397,2026-08-31,10028,10048,0.0
397,2026-09-01,9669,9315,0.0
397,2026-09-02,9982,9956,0.0
397,2026-09-03,9588,9475,0.0
397,2026-09-04,10150,9917,0.0
397,2026-09-05,9799,9643,0.0
397,2026-09-06,9322,9587,0.0
397,2026-09-07,9876,9791,0.0
397,2026-09-08,9273,9358,0.0
397,2026-09-09,9958,9808,0.0
397,2026-09-10,10047,9980,0.0
398,2026-08-27,7207,7426,0.0
398,2026-08-28,7877,7672,0.0
398,2026-08-29,7662,7662,0.0
398,2026-08-30,7679,7418,0.0
398,2026-08-31,7910,7718,0.0
398,2026-09-01,7760,7645,0.0
398,2026-09-02,6954,7011,0.0
398,2026-09-03,7586,7641,0.0
398,2026-09-04,7323,7228,0.0
398,2026-09-05,7722,7550,0.0
398,2026-09-06,7403,7447,0.0
398,2026-09-07,7138,7166,0.0
398,2026-09-08,7509,7585,0.0
398,2026-09-09,7182,7281,0.0
398,2026-09-10,7345,7416,0.0
399,2026-08-27,21875,22390,0.0
399,2026-08-28,24517,24396,0.0
399,2026-08-29,23574,23287,0.0
399,2026-08-30,22168,22622,0.0
399,2026-08-31,23398,22966,0.0
399,2026-09-01,24759,23956,0.0
399,2026-09-02,23972,24564,0.0
399,2026-09-03,23608,22801,0.0
399,2026-09-04,21968,22592,0.0
399,2026-09-05,22641,23323,0.0
399,2026-09-06,22283,22386,0.0
399,2026-09-07,24927,24218,0.0
399,2026-09-08,25195,24549,0.0
399,2026-09-09,24342,24035,0.0
399,2026-09-10,24311,23870,0.0
400,2026-08-27,25431,25766,0.0
400,2026-08-28,24518,25206,0.0
400,2026-08-29,24694,25003,0.0
400,2026-08-30,26281,26053,0.0
400,2026-08-31,25117,24687,0.0
400,2026-09-01,26684,26673,0.0
400,2026-09-02,25681,26342,0.0
400,2026-09-03,26486,25665,0.0
400,2026-09-04,25288,24527,0.0
400,2026-09-05,26542,26591,0.0
400,2026-09-06,27013,26142,0.0
400,2026-09-07,26252,25326,0.0
400,2026-09-08,26082,25276,0.0
400,2026-09-09,26871,26611,0.0
400,2026-09-10,25596,24789,0.0
401,2026-08-27,3035,3097,0.0
401,2026-08-28,3289,3315,0.0
401,2026-08-29,3063,3083,0.0
401,2026-08-30,3046,3112,0.0
401,2026-08-31,3454,3328,0.0
401,2026-09-01,3231,3259,0.0
401,2026-09-02,3215,3270,0.0
401,2026-09-03,3165,3134,0.0
401,2026-09-04,3081,3157,0.0
401,2026-09-05,3108,3079,0.0
401,2026-09-06,3201,3091,0.0
401,2026-09-07,3075,3153,0.0
401,2026-09-08,3281,3305,0.0
401,2026-09-09,3137,3126,0.0
401,2026-09-10,3310,3258,0.0
402,2026-08-27,26066,25761,0.0
402,2026-08-28,24332,25062,0.0
402,2026-08-29,25692,25012,0.0
402,2026-08-30,25380,25956,0.0
402,2026-08-31,25954,25283,0.0
402,2026-09-01,24171,24077,0.0
402,2026-09-02,26287,25609,0.0
402,2026-09-03,25396,26062,0.0
402,2026-09-04,26701,25707,0.0
402,2026-09-05,25757,25491,0.0
402,2026-09-06,25028,24340,0.0
402,2026-09-07,24047,24308,0.0
402,2026-09-08,26517,26495,0.0
402,2026-09-09,25656,25494,0.0
402,2026-09-10,25669,25400,0.0
403,2026-08-27,32291,31961,0.0
403,2026-08-28,22010,29258,6.1
403,2026-08-29,29381,29230,0.0
403,2026-08-30,31108,31950,0.0
403,2026-08-31,29838,29544,0.0
403,2026-09-01,30955,31319,0.0
403,2026-09-02,32052,30822,0.0
403,2026-09-03,31171,30774,0.0
403,2026-09-04,31677,32029,0.0
403,2026-09-05,31556,31975,0.0
403,2026-09-06,29869,30028,0.0
403,2026-09-07,32618,31855,0.0
403,2026-09-08,32311,31190,0.0
403,2026-09-09,30193,30022,0.0
403,2026-09-10,30055,30251,0.0
404,2026-08-27,15530,15755,0.0
404,2026-08-28,15028,14522,0.0
404,2026-08-29,15902,15966,0.0
404,2026-08-30,16145,15971,0.0
404,2026-08-31,14881,15046,0.0
404,2026-09-01,14141,14466,0.0
404,2026-09-02,15363,15728,0.0
404,2026-09-03,15993,15474,0.0
404,2026-09-04,16174,15845,0.0
404,2026-09-05,14654,15051,0.0
404,2026-09-06,14966,15023,0.0
404,2026-09-07,16187,15738,0.0
404,2026-09-08,14902,14495,0.0
404,2026-09-09,14401,14482,0.0
404,2026-09-10,15085,14999,0.0
405,2026-08-27,26853,26799,0.0
405,2026-08-28,28439,28152,0.0
405,2026-08-29,27081,26577,0.0
405,2026-08-30,27558,27228,0.0
405,2026-08-31,26913,27445,0.0
405,2026-09-01,27305,26787,0.0
405,2026-09-02,28509,27990,0.0
405,2026-09-03,27898,26956,0.0
405,2026-09-04,26271,25973,0.0
405,2026-09-05,27532,26641,0.0
405,2026-09-06,28934,28270,0.0
405,2026-09-07,26979,26521,0.0
405,2026-09-08,26937,27623,0.0
405,2026-09-09,27050,27035,0.0
405,2026-09-10,26757,27126,0.0
406,2026-08-27,6363,6122,0.0
406,2026-08-28,5576,5704,0.0
406,2026-08-29,5892,5721,0.0
406,2026-08-30,6231,6152,0.0
406,2026-08-31,6080,6160,0.0
406,2026-09-01,5646,5670,0.0
406,2026-09-02,6142,6116,0.0
406,2026-09-03,5843,5697,0.0
406,2026-09-04,6026,6045,0.0
406,2026-09-05,5803,5681,0.0
406,2026-09-06,5952,5947,0.0
406,2026-09-07,5972,5820,0.0
406,2026-09-08,6092,6103,0.0
406,2026-09-09,5868,5818,0.0
406,2026-09-10,6057,6014,0.0
407,2026-08-27,27985,26985,0.0
407,2026-08-28,24058,24730,0.0
407,2026-08-29,25917,26042,0.0
407,2026-08-30,27418,26986,0.0
407,2026-08-31,25636,25159,0.0
407,2026-09-01,25251,25817,0.0
407,2026-09-02,26807,26913,0.0
407,2026-09-03,27719,26811,0.0
407,2026-09-04,26081,26375,0.0
407,2026-09-05,27573,26535,0.0
407,2026-09-06,26758,25778,0.0
407,2026-09-07,25656,26248,0.0
407,2026-09-08,26739,25778,0.0
407,2026-09-09,27443,26447,0.0
407,2026-09-10,19867,27001,0.0
408,2026-08-27,29426,28683,0.0
408,2026-08-28,27391,26568,0.0
408,2026-08-29,29807,28967,0.0
408,2026-08-30,27996,27001,0.0
408,2026-08-31,28973,28070,0.0
408,2026-09-01,25918,26509,0.0
408,2026-09-02,19246,27399,7.7
408,2026-09-03,27371,27435,0.0
408,2026-09-04,28143,28418,0.0
408,2026-09-05,28277,28666,0.0
408,2026-09-06,28403,28825,0.0
408,2026-09-07,27931,27922,0.0
408,2026-09-08,26728,26378,0.0
408,2026-09-09,28493,28802,0.0
408,2026-09-10,28078,28468,0.0
409,2026-08-27,5197,5319,0.0
409,2026-08-28,5229,5320,0.0
409,2026-08-29,5481,5543,0.0
409,2026-08-30,5214,5148,0.0
409,2026-08-31,5221,5142,0.0
409,2026-09-01,5160,5176,0.0
409,2026-09-02,5338,5306,0.0
409,2026-09-03,3756,5378,0.0
409,2026-09-04,3412,5290,0.0
409,2026-09-05,3374,5136,0.0
409,2026-09-06,3634,5427,0.0
409,2026-09-07,3629,5614,0.0
409,2026-09-08,3443,5151,0.0
409,2026-09-09,3458,5328,0.0
409,2026-09-10,3427,5350,0.0
410,2026-08-27,5070,5120,0.0
410,2026-08-28,5489,5537,0.0
410,2026-08-29,5175,5122,0.0
410,2026-08-30,5020,5113,0.0
410,2026-08-31,5621,5490,0.0
410,2026-09-01,5392,5275,0.0
410,2026-09-02,5324,5343,0.0
410,2026-09-03,5435,5236,0.0
410,2026-09-04,5014,5110,0.0
410,2026-09-05,5235,5201,0.0
410,2026-09-06,5744,5543,0.0
410,2026-09-07,5347,5165,0.0
410,2026-09-08,5050,5134,0.0
410,2026-09-09,5286,5186,0.0
410,2026-09-10,5375,5282,0.0
411,2026-08-27,10831,11154,0.0
411,2026-08-28,10696,10683,0.0
411,2026-08-29,11354,11336,0.0
411,2026-08-30,11136,11357,0.0
411,2026-08-31,10943,11198,0.0
411,2026-09-01,11128,11145,0.0
411,2026-09-02,11690,11560,0.0
411,2026-09-03,10510,10792,0.0
411,2026-09-04,11860,11483,0.0
411,2026-09-05,10892,11021,0.0
411,2026-09-06,10437,10694,0.0
411,2026-09-07,10939,11026,0.0
411,2026-09-08,11372,11659,0.0
411,2026-09-09,11155,10976,0.0
411,2026-09-10,10752,10797,0.0
412,2026-08-27,28297,27286,0.0
412,2026-08-28,26860,26639,0.0
412,2026-08-29,30074,28990,0.0
412,2026-08-30,27220,27887,0.0
412,2026-08-31,29364,28444,0.0
412,2026-09-01,28227,28323,0.0
412,2026-09-02,26880,27479,0.0
412,2026-09-03,26896,27310,0.0
412,2026-09-04,28105,27602,0.0
412,2026-09-05,26422,26892,0.0
412,2026-09-06,28202,28340,0.0
412,2026-09-07,28945,29258,0.0
412,2026-09-08,27902,28541,0.0
412,2026-09-09,26593,26837,0.0
412,2026-09-10,28124,27261,0.0
413,2026-08-27,4116,4103,0.0
413,2026-08-28,3775,3752,0.0
413,2026-08-29,3880,3829,0.0
413,2026-08-30,3844,3943,0.0
413,2026-08-31,3893,3994,0.0
413,2026-09-01,3992,3976,0.0
413,2026-09-02,3804,3790,0.0
413,2026-09-03,4257,4106,0.0
413,2026-09-04,3888,3980,0.0
413,2026-09-05,3887,3979,0.0
413,2026-09-06,3962,3891,0.0
413,2026-09-07,3851,3824,0.0
413,2026-09-08,3848,3833,0.0
413,2026-09-09,4161,4127,0.0
413,2026-09-10,3994,3984,0.0
414,2026-08-27,32536,33355,0.0
414,2026-08-28,33036,33438,0.0
414,2026-08-29,32385,33223,0.0
414,2026-08-30,31418,32066,0.0
414,2026-08-31,32862,33408,0.0
414,2026-09-01,32419,32026,0.0
414,2026-09-02,27816,31446,3.5
414,2026-09-03,32251,32692,0.0
414,2026-09-04,30764,31710,0.0
414,2026-09-05,33096,32537,0.0
414,2026-09-06,33023,32102,0.0
414,2026-09-07,31245,32146,0.0
414,2026-09-08,33311,33759,0.0
414,2026-09-09,31156,31095,0.0
414,2026-09-10,31470,31932,0.0
415,2026-08-27,3971,3856,0.0
415,2026-08-28,4000,3891,0.0
415,2026-08-29,4255,4191,0.0
415,2026-08-30,3824,3851,0.0
415,2026-08-31,3985,3976,0.0
415,2026-09-01,3861,3889,0.0
415,2026-09-02,4161,4164,0.0
415,2026-09-03,4069,3937,0.0
415,2026-09-04,4155,4221,0.0
415,2026-09-05,4078,3971,0.0
415,2026-09-06,4153,4218,0.0
415,2026-09-07,3918,3908,0.0
415,2026-09-08,3946,3981,0.0
415,2026-09-09,4030,4098,0.0
415,2026-09-10,4177,4069,0.0
416,2026-08-27,6285,6344,0.0
416,2026-08-28,6695,6601,0.0
416,2026-08-29,6594,6465,0.0
416,2026-08-30,6454,6368,0.0
416,2026-08-31,6656,6639,0.0
416,2026-09-01,6248,6132,0.0
416,2026-09-02,6328,6230,0.0
416,2026-09-03,6538,6322,0.0
416,2026-09-04,5974,6119,0.0
416,2026-09-05,6210,6131,0.0
416,2026-09-06,2808,6309,0.0
416,2026-09-07,2755,6106,0.0
416,2026-09-08,3080,6561,0.0
416,2026-09-09,3151,6666,0.0
416,2026-09-10,2987,6185,0.0
417,2026-08-27,17597,18089,0.0
417,2026-08-28,18658,18514,0.0
417,2026-08-29,17925,17641,0.0
417,2026-08-30,17821,17707,0.0
417,2026-08-31,18992,18447,0.0
417,2026-09-01,18557,18317,0.0
417,2026-09-02,19245,19021,0.0
417,2026-09-03,18764,18934,0.0
417,2026-09-04,17806,17641,0.0
417,2026-09-05,18372,18505,0.0
417,2026-09-06,18031,18223,0.0
417,2026-09-07,17514,17830,0.0
417,2026-09-08,18004,17984,0.0
417,2026-09-09,17445,17522,0.0
417,2026-09-10,18866,18753,0.0
418,2026-08-27,19251,19138,0.0
418,2026-08-28,19665,19337,0.0
418,2026-08-29,17566,17850,0.0
418,2026-08-30,18362,18283,0.0
418,2026-08-31,18034,17611,0.0
418,2026-09-01,17082,17509,0.0
418,2026-09-02,18318,18659,0.0
418,2026-09-03,18450,18690,0.0
418,2026-09-04,19962,19282,0.0
418,2026-09-05,19036,18951,0.0
418,2026-09-06,19035,18757,0.0
418,2026-09-07,17432,17639,0.0
418,2026-09-08,18262,18445,0.0
418,2026-09-09,18624,18122,0.0
418,2026-09-10,19227,18900,0.0
419,2026-08-27,6059,5924,0.0
419,2026-08-28,6023,5967,0.0
419,2026-08-29,6105,6021,0.0
419,2026-08-30,6430,6231,0.0
419,2026-08-31,5782,5729,0.0
419,2026-09-01,6049,6170,0.0
419,2026-09-02,5933,6024,0.0
419,2026-09-03,5760,5857,0.0
419,2026-09-04,6026,6103,0.0
419,2026-09-05,5589,5691,0.0
419,2026-09-06,5622,5770,0.0
419,2026-09-07,6361,6123,0.0
419,2026-09-08,6155,6159,0.0
419,2026-09-09,6122,5911,0.0
419,2026-09-10,6038,5995,0.0
420,2026-08-27,9181,9095,0.0
420,2026-08-28,9687,9326,0.0
420,2026-08-29,8447,8551,0.0
420,2026-08-30,9109,9155,0.0
420,2026-08-31,8546,8554,0.0
420,2026-09-01,9126,9052,0.0
420,2026-09-02,8948,9174,0.0
420,2026-09-03,8840,8605,0.0
420,2026-09-04,9391,9098,0.0
420,2026-09-05,8627,8762,0.0
420,2026-09-06,8580,8620,0.0
420,2026-09-07,9098,8832,0.0
420,2026-09-08,8632,8582,0.0
420,2026-09-09,8607,8777,0.0
420,2026-09-10,8591,8694,0.0
421,2026-08-27,53919,54936,0.0
421,2026-08-28,55832,55896,0.0
421,2026-08-29,51788,52277,0.0
421,2026-08-30,52797,54016,0.0
421,2026-08-31,52719,53866,0.0
421,2026-09-01,54818,53205,0.0
421,2026-09-02,53467,54993,0.0
421,2026-09-03,51339,52455,0.0
421,2026-09-04,52011,52827,0.0
421,2026-09-05,50667,51507,0.0
421,2026-09-06,51592,52468,0.0
421,2026-09-07,51441,50793,0.0
421,2026-09-08,54336,54495,0.0
421,2026-09-09,53919,55242,0.0
421,2026-09-10,53657,53598,0.0
422,2026-08-27,7722,7822,0.0
422,2026-08-28,8012,7946,0.0
422,2026-08-29,7724,7772,0.0
422,2026-08-30,8735,8418,0.0
422,2026-08-31,8181,8013,0.0
422,2026-09-01,8368,8169,0.0
422,2026-09-02,7576,7807,0.0
422,2026-09-03,7887,8007,0.0
422,2026-09-04,7972,8206,0.0
422,2026-09-05,8051,8163,0.0
422,2026-09-06,8278,8091,0.0
422,2026-09-07,8496,8449,0.0
422,2026-09-08,8056,7961,0.0
422,2026-09-09,8143,8113,0.0
422,2026-09-10,8157,8119,0.0
423,2026-08-27,2604,2611,0.0
423,2026-08-28,2661,2636,0.0
423,2026-08-29,2820,2721,0.0
423,2026-08-30,2593,2494,0.0
423,2026-08-31,2695,2610,0.0
423,2026-09-01,2698,2674,0.0
423,2026-09-02,2577,2533,0.0
423,2026-09-03,2468,2523,0.0
423,2026-09-04,2660,2618,0.0
423,2026-09-05,2512,2472,0.0
423,2026-09-06,2531,2556,0.0
423,2026-09-07,2622,2682,0.0
423,2026-09-08,2641,2660,0.0
423,2026-09-09,2785,2695,0.0
423,2026-09-10,2603,2517,0.0
424,2026-08-27,4193,4260,0.0
424,2026-08-28,4258,4245,0.0
424,2026-08-29,4555,4448,0.0
424,2026-08-30,4602,4611,0.0
424,2026-08-31,4567,4544,0.0
424,2026-09-01,4504,4350,0.0
424,2026-09-02,4551,4516,0.0
424,2026-09-03,4162,4226,0.0
424,2026-09-04,4138,4217,0.0
424,2026-09-05,4582,4493,0.0
424,2026-09-06,4537,4561,0.0
424,2026-09-07,4387,4496,0.0
424,2026-09-08,4336,4390,0.0
424,2026-09-09,4714,4599,0.0
424,2026-09-10,4584,4489,0.0
425,2026-08-27,6172,6233,0.0
425,2026-08-28,6149,6331,0.0
425,2026-08-29,6560,6530,0.0
425,2026-08-30,6771,6541,0.0
425,2026-08-31,6864,6601,0.0
425,2026-09-01,6487,6473,0.0
425,2026-09-02,6514,6696,0.0
425,2026-09-03,6529,6476,0.0
425,2026-09-04,6306,6350,0.0
425,2026-09-05,6235,6226,0.0
425,2026-09-06,6395,6439,0.0
425,2026-09-07,6578,6684,0.0
425,2026-09-08,6166,6272,0.0
425,2026-09-09,6250,6318,0.0
425,2026-09-10,6349,6213,0.0
426,2026-08-27,21777,21361,0.0
426,2026-08-28,19646,19483,0.0
426,2026-08-29,20934,21368,0.0
426,2026-08-30,20052,20665,0.0
426,2026-08-31,20636,20516,0.0
426,2026-09-01,19833,19488,0.0
426,2026-09-02,21379,21164,0.0
426,2026-09-03,21524,21081,0.0
426,2026-09-04,20256,20037,0.0
426,2026-09-05,20524,20007,0.0
426,2026-09-06,18954,19395,0.0
426,2026-09-07,21045,20530,0.0
426,2026-09-08,18984,19552,0.0
426,2026-09-09,19673,19934,0.0
426,2026-09-10,21142,20850,0.0
427,2026-08-27,35441,34809,0.0
427,2026-08-28,34320,34743,0.0
427,2026-08-29,33243,33282,0.0
427,2026-08-30,32135,32503,0.0
427,2026-08-31,33719,32724,0.0
427,2026-09-01,34257,33100,0.0
427,2026-09-02,31183,31857,0.0
427,2026-09-03,34196,34137,0.0
427,2026-09-04,32423,32563,0.0
427,2026-09-05,34872,34218,0.0
427,2026-09-06,33126,32898,0.0
427,2026-09-07,27353,34488,0.0
427,2026-09-08,25824,32361,0.0
427,2026-09-09,26962,33605,0.0
427,2026-09-10,27307,35045,0.0
428,2026-08-27,5377,5394,0.0
428,2026-08-28,5350,5415,0.0
428,2026-08-29,5474,5348,0.0
428,2026-08-30,5466,5326,0.0
428,2026-08-31,5583,5753,0.0
428,2026-09-01,5736,5721,0.0
428,2026-09-02,5774,5703,0.0
428,2026-09-03,5809,5838,0.0
428,2026-09-04,5870,5710,0.0
428,2026-09-05,5440,5368,0.0
428,2026-09-06,5411,5445,0.0
428,2026-09-07,5239,5356,0.0
428,2026-09-08,5615,5522,0.0
428,2026-09-09,5516,5605,0.0
428,2026-09-10,5640,5623,0.0
429,2026-08-27,20093,19454,0.0
429,2026-08-28,20774,20082,0.0
429,2026-08-29,19831,19916,0.0
429,2026-08-30,18683,19212,0.0
429,2026-08-31,18730,18998,0.0
429,2026-09-01,20528,20883,0.0
429,2026-09-02,20044,19526,0.0
429,2026-09-03,19769,19117,0.0
429,2026-09-04,20546,20827,0.0
429,2026-09-05,20220,19988,0.0
429,2026-09-06,21283,20483,0.0
429,2026-09-07,19431,19807,0.0
429,2026-09-08,19119,19588,0.0
429,2026-09-09,20886,20649,0.0
429,2026-09-10,19214,20869,2.7
430,2026-08-27,23791,23362,0.0
430,2026-08-28,24452,25071,0.0
430,2026-08-29,23902,23553,0.0
430,2026-08-30,24655,23998,0.0
430,2026-08-31,23691,23580,0.0
430,2026-09-01,25001,25218,0.0
430,2026-09-02,24338,23875,0.0
430,2026-09-03,24339,23809,0.0
430,2026-09-04,23885,24328,0.0
430,2026-09-05,23940,23593,0.0
430,2026-09-06,25529,24745,0.0
430,2026-09-07,25003,24319,0.0
430,2026-09-08,23353,23531,0.0
430,2026-09-09,24649,24162,0.0
430,2026-09-10,23894,23591,0.0
431,2026-08-27,9136,9248,0.0
431,2026-08-28,8835,8881,0.0
431,2026-08-29,8633,8703,0.0
431,2026-08-30,8930,8799,0.0
431,2026-08-31,8836,9032,0.0
431,2026-09-01,8827,9100,0.0
431,2026-09-02,9254,9342,0.0
431,2026-09-03,8532,8617,0.0
431,2026-09-04,9661,9334,0.0
431,2026-09-05,8742,8557,0.0
431,2026-09-06,8538,8628,0.0
431,2026-09-07,8795,8900,0.0
431,2026-09-08,9133,9279,0.0
431,2026-09-09,8802,8788,0.0
431,2026-09-10,8469,8665,0.0
432,2026-08-27,3832,3814,0.0
432,2026-08-28,3847,3913,0.0
432,2026-08-29,3761,3846,0.0
432,2026-08-30,3830,3944,0.0
432,2026-08-31,4034,4048,0.0
432,2026-09-01,4124,4134,0.0
432,2026-09-02,3920,3925,0.0
432,2026-09-03,3876,3867,0.0
432,2026-09-04,4066,4170,0.0
432,2026-09-05,4178,4185,0.0
432,2026-09-06,4256,4182,0.0
432,2026-09-07,3936,4000,0.0
432,2026-09-08,4207,4184,0.0
432,2026-09-09,4203,4188,0.0
432,2026-09-10,3941,3928,0.0
433,2026-08-27,7095,7070,0.0
433,2026-08-28,6775,6893,0.0
433,2026-08-29,6609,6619,0.0
433,2026-08-30,6759,6547,0.0
433,2026-08-31,6545,6637,0.0
433,2026-09-01,7044,7015,0.0
433,2026-09-02,7284,7131,0.0
433,2026-09-03,6633,6578,0.0
433,2026-09-04,6636,6795,0.0
433,2026-09-05,7006,7135,0.0
433,2026-09-06,6930,6817,0.0
433,2026-09-07,6831,6749,0.0
433,2026-09-08,6834,6898,0.0
433,2026-09-09,7168,7072,0.0
433,2026-09-10,6661,6697,0.0
434,2026-08-27,15053,15021,0.0
434,2026-08-28,14690,15011,0.0
434,2026-08-29,14299,14698,0.0
434,2026-08-30,15656,15818,0.0
434,2026-08-31,15167,14609,0.0
434,2026-09-01,14596,15016,0.0
434,2026-09-02,16150,15655,0.0
434,2026-09-03,15648,15076,0.0
434,2026-09-04,14872,14993,0.0
434,2026-09-05,14386,14510,0.0
434,2026-09-06,15303,15765,0.0
434,2026-09-07,15350,15400,0.0
434,2026-09-08,14577,14639,0.0
434,2026-09-09,15083,14621,0.0
434,2026-09-10,15717,15819,0.0
435,2026-08-27,8256,8200,0.0
435,2026-08-28,8519,8449,0.0
435,2026-08-29,8797,8525,0.0
435,2026-08-30,7970,8208,0.0
435,2026-08-31,8991,8822,0.0
435,2026-09-01,8715,8804,0.0
435,2026-09-02,8913,8880,0.0
435,2026-09-03,9000,8815,0.0
435,2026-09-04,8110,8319,0.0
435,2026-09-05,8172,8343,0.0
435,2026-09-06,8964,8719,0.0
435,2026-09-07,9207,8911,0.0
435,2026-09-08,9108,8985,0.0
435,2026-09-09,9006,8876,0.0
435,2026-09-10,9035,8866,0.0
436,2026-08-27,48972,49985,0.0
436,2026-08-28,46334,47647,0.0
436,2026-08-29,49305,48091,0.0
436,2026-08-30,47065,48001,0.0
436,2026-08-31,48045,47228,0.0
436,2026-09-01,51837,49987,0.0
436,2026-09-02,51207,50661,0.0
436,2026-09-03,50837,49565,0.0
436,2026-09-04,49655,49061,0.0
436,2026-09-05,48921,49054,0.0
436,2026-09-06,47896,48827,0.0
436,2026-09-07,48749,47794,0.0
436,2026-09-08,51038,51201,0.0
436,2026-09-09,47340,47408,0.0
436,2026-09-10,48824,49407,0.0
437,2026-08-27,8717,8773,0.0
437,2026-08-28,8639,8892,0.0
437,2026-08-29,9116,8873,0.0
437,2026-08-30,8904,9137,0.0
437,2026-08-31,9374,9030,0.0
437,2026-09-01,8955,9038,0.0
437,2026-09-02,9182,9057,0.0
437,2026-09-03,8823,8657,0.0
437,2026-09-04,8898,9060,0.0
437,2026-09-05,8503,8717,0.0
437,2026-09-06,9203,8995,0.0
437,2026-09-07,8989,9111,0.0
437,2026-09-08,9530,9427,0.0
437,2026-09-09,9347,9050,0.0
437,2026-09-10,9285,9207,0.0
438,2026-08-27,17383,17824,0.0
438,2026-08-28,16898,16887,0.0
438,2026-08-29,16751,16224,0.0
438,2026-08-30,16086,16190,0.0
438,2026-08-31,17842,17810,0.0
438,2026-09-01,16934,16767,0.0
438,2026-09-02,17182,16670,0.0
438,2026-09-03,16961,16479,0.0
438,2026-09-04,17210,17620,0.0
438,2026-09-05,16824,17139,0.0
438,2026-09-06,16449,16198,0.0
438,2026-09-07,16989,16666,0.0
438,2026-09-08,17246,16637,0.0
438,2026-09-09,18154,17544,0.0
438,2026-09-10,17313,17337,0.0
439,2026-08-27,11976,11841,0.0
439,2026-08-28,12083,11649,0.0
439,2026-08-29,10683,10801,0.0
439,2026-08-30,11854,11601,0.0
439,2026-08-31,11285,10865,0.0
439,2026-09-01,11842,11471,0.0
439,2026-09-02,10856,11007,0.0
439,2026-09-03,11032,11289,0.0
439,2026-09-04,12012,11567,0.0
439,2026-09-05,11529,11486,0.0
439,2026-09-06,10737,11009,0.0
439,2026-09-07,10900,10914,0.0
439,2026-09-08,11547,11559,0.0
439,2026-09-09,11004,10873,0.0
439,2026-09-10,11062,11142,0.0
440,2026-08-27,7633,7401,0.0
440,2026-08-28,7117,7069,0.0
440,2026-08-29,7241,7240,0.0
440,2026-08-30,7787,7740,0.0
440,2026-08-31,7059,7216,0.0
440,2026-09-01,7717,7534,0.0
440,2026-09-02,7366,7376,0.0
440,2026-09-03,7273,7086,0.0
440,2026-09-04,7386,7512,0.0
440,2026-09-05,7693,7592,0.0
440,2026-09-06,6889,7051,0.0
440,2026-09-07,7322,7453,0.0
440,2026-09-08,7090,7257,0.0
440,2026-09-09,7874,7689,0.0
440,2026-09-10,7383,7259,0.0
441,2026-08-27,26178,26798,0.0
441,2026-08-28,27753,28365,0.0
441,2026-08-29,26075,26157,0.0
441,2026-08-30,28102,28217,0.0
441,2026-08-31,27185,26878,0.0
441,2026-09-01,26362,26064,0.0
441,2026-09-02,25412,26108,0.0
441,2026-09-03,26612,26964,0.0
441,2026-09-04,27960,28018,0.0
441,2026-09-05,25536,26058,0.0
441,2026-09-06,26761,27235,0.0
441,2026-09-07,28415,28164,0.0
441,2026-09-08,27536,27048,0.0
441,2026-09-09,26795,27472,0.0
441,2026-09-10,26826,26634,0.0
442,2026-08-27,6428,6322,0.0
442,2026-08-28,6480,6659,0.0
442,2026-08-29,6368,6560,0.0
442,2026-08-30,6338,6202,0.0
442,2026-08-31,5958,6041,0.0
442,2026-09-01,6143,6059,0.0
442,2026-09-02,6388,6144,0.0
442,2026-09-03,5969,6112,0.0
442,2026-09-04,6076,6229,0.0
442,2026-09-05,6273,6237,0.0
442,2026-09-06,6293,6098,0.0
442,2026-09-07,6650,6509,0.0
442,2026-09-08,6336,6523,0.0
442,2026-09-09,6346,6400,0.0
442,2026-09-10,6460,6414,0.0
443,2026-08-27,18798,19177,0.0
443,2026-08-28,19101,19123,0.0
443,2026-08-29,20706,20002,0.0
443,2026-08-30,20825,20352,0.0
443,2026-08-31,19576,19357,0.0
443,2026-09-01,20128,19726,0.0
443,2026-09-02,18994,19239,0.0
443,2026-09-03,18258,18740,0.0
443,2026-09-04,19748,19838,0.0
443,2026-09-05,18322,18623,0.0
443,2026-09-06,19487,20052,0.0
443,2026-09-07,19237,18675,0.0
443,2026-09-08,19317,19909,0.0
443,2026-09-09,19426,19875,0.0
443,2026-09-10,19931,19969,0.0
444,2026-08-27,12459,12099,0.0
444,2026-08-28,12776,12547,0.0
444,2026-08-29,12249,12506,0.0
444,2026-08-30,12107,12454,0.0
444,2026-08-31,12422,12370,0.0
444,2026-09-01,13153,12848,0.0
444,2026-09-02,12741,12347,0.0
444,2026-09-03,12515,12423,0.0
444,2026-09-04,12141,11994,0.0
444,2026-09-05,12688,12821,0.0
444,2026-09-06,11853,12171,0.0
444,2026-09-07,12597,12855,0.0
444,2026-09-08,12344,12284,0.0
444,2026-09-09,11699,11990,0.0
444,2026-09-10,12895,12768,0.0
445,2026-08-27,11657,11479,0.0
445,2026-08-28,11794,12137,0.0
445,2026-08-29,10746,11020,0.0
445,2026-08-30,11511,11327,0.0
445,2026-08-31,11549,11352,0.0
445,2026-09-01,11598,11863,0.0
445,2026-09-02,11021,11235,0.0
445,2026-09-03,11404,11044,0.0
445,2026-09-04,11829,11821,0.0
445,2026-09-05,12124,12157,0.0
445,2026-09-06,11524,11446,0.0
445,2026-09-07,11470,11166,0.0
445,2026-09-08,12155,11931,0.0
445,2026-09-09,11970,11678,0.0
445,2026-09-10,11942,11606,0.0
446,2026-08-27,4178,4231,0.0
446,2026-08-28,4043,3954,0.0
446,2026-08-29,4240,4132,0.0
446,2026-08-30,4422,4317,0.0
446,2026-08-31,4042,3969,0.0
446,2026-09-01,4129,3999,0.0
446,2026-09-02,4090,4094,0.0
446,2026-09-03,4263,4288,0.0
446,2026-09-04,4048,3975,0.0
446,2026-09-05,4095,4096,0.0
446,2026-09-06,3969,3972,0.0
446,2026-09-07,4269,4261,0.0
446,2026-09-08,3879,3967,0.0
446,2026-09-09,3863,3949,0.0
446,2026-09-10,3994,3976,0.0
447,2026-08-27,20858,20485,0.0
447,2026-08-28,21442,21580,0.0
447,2026-08-29,22307,22094,0.0
447,2026-08-30,21714,21502,0.0
447,2026-08-31,21081,20846,0.0
447,2026-09-01,22103,21328,0.0
447,2026-09-02,22217,22322,0.0
447,2026-09-03,21000,21438,0.0
447,2026-09-04,20004,20508,0.0
447,2026-09-05,22711,22269,0.0
447,2026-09-06,21504,20850,0.0
447,2026-09-07,22428,21754,0.0
447,2026-09-08,22140,21836,0.0
447,2026-09-09,22422,22256,0.0
447,2026-09-10,21514,21531,0.0
448,2026-08-27,6952,6836,0.0
448,2026-08-28,6983,6884,0.0
448,2026-08-29,6286,6393,0.0
448,2026-08-30,6493,6574,0.0
448,2026-08-31,6649,6784,0.0
448,2026-09-01,7167,6951,0.0
448,2026-09-02,6583,6532,0.0
448,2026-09-03,6649,6469,0.0
448,2026-09-04,6546,6429,0.0
448,2026-09-05,6899,6992,0.0
448,2026-09-06,6997,6941,0.0
448,2026-09-07,6207,6395,0.0
448,2026-09-08,6358,6552,0.0
448,2026-09-09,7219,6974,0.0
448,2026-09-10,6555,6594,0.0
449,2026-08-27,2525,2472,0.0
449,2026-08-28,2480,2457,0.0
449,2026-08-29,2279,2332,0.0
449,2026-08-30,2435,2362,0.0
449,2026-08-31,2343,2294,0.0
449,2026-09-01,2377,2390,0.0
449,2026-09-02,2368,2435,0.0
449,2026-09-03,2329,2270,0.0
449,2026-09-04,2256,2273,0.0
449,2026-09-05,2411,2369,0.0
449,2026-09-06,2288,2261,0.0
449,2026-09-07,2346,2353,0.0
449,2026-09-08,2517,2444,0.0
449,2026-09-09,2533,2476,0.0
449,2026-09-10,2319,2305,0.0
450,2026-08-27,24842,24080,0.0
450,2026-08-28,23706,23787,0.0
450,2026-08-29,23773,23797,0.0
450,2026-08-30,25316,24419,0.0
450,2026-08-31,24374,25008,0.0
450,2026-09-01,23387,23793,0.0
450,2026-09-02,23757,23524,0.0
450,2026-09-03,23315,23729,0.0
450,2026-09-04,25234,24504,0.0
450,2026-09-05,24158,24102,0.0
450,2026-09-06,23840,23442,0.0
450,2026-09-07,24507,24804,0.0
450,2026-09-08,24482,23940,0.0
450,2026-09-09,25368,24738,0.0
450,2026-09-10,23711,22904,0.0
451,2026-08-27,32285,32658,0.0
451,2026-08-28,33270,33005,0.0
451,2026-08-29,34124,33091,0.0
451,2026-08-30,32071,31214,0.0
451,2026-08-31,31514,31159,0.0
451,2026-09-01,29359,32902,2.8
451,2026-09-02,31452,31381,0.0
451,2026-09-03,31562,30941,0.0
451,2026-09-04,30162,30870,0.0
451,2026-09-05,32201,31696,0.0
451,2026-09-06,33082,32799,0.0
451,2026-09-07,33472,32930,0.0
451,2026-09-08,30666,30922,0.0
451,2026-09-09,31479,31378,0.0
451,2026-09-10,33490,32652,0.0
452,2026-08-27,25227,25665,0.0
452,2026-08-28,26063,25204,0.0
452,2026-08-29,25478,25228,0.0
452,2026-08-30,25392,25629,0.0
452,2026-08-31,25908,25246,0.0
452,2026-09-01,27903,27131,0.0
452,2026-09-02,26242,26972,0.0
452,2026-09-03,26553,25604,0.0
452,2026-09-04,26788,26679,0.0
452,2026-09-05,26238,26939,0.0
452,2026-09-06,25427,26208,0.0
452,2026-09-07,26719,26183,0.0
452,2026-09-08,27034,26653,0.0
452,2026-09-09,27514,26735,0.0
452,2026-09-10,25630,25688,0.0
453,2026-08-27,9161,9138,0.0
453,2026-08-28,8647,8682,0.0
453,2026-08-29,8993,9245,0.0
453,2026-08-30,9207,9258,0.0
453,2026-08-31,8867,9035,0.0
453,2026-09-01,8641,8660,0.0
453,2026-09-02,9611,9255,0.0
453,2026-09-03,8828,8727,0.0
453,2026-09-04,8755,9009,0.0
453,2026-09-05,9443,9132,0.0
453,2026-09-06,9107,8936,0.0
453,2026-09-07,8403,8648,0.0
453,2026-09-08,8739,8846,0.0
453,2026-09-09,9313,9369,0.0
453,2026-09-10,9197,8944,0.0
454,2026-08-27,43690,42166,0.0
454,2026-08-28,41356,42160,0.0
454,2026-08-29,45696,44284,0.0
454,2026-08-30,39287,42994,1.9
454,2026-08-31,43376,42977,0.0
454,2026-09-01,37915,43745,2.6
454,2026-09-02,44421,43567,0.0
454,2026-09-03,26264,40588,8.5
454,2026-09-04,42848,43692,0.0
454,2026-09-05,44668,44115,0.0
454,2026-09-06,45054,44373,0.0
454,2026-09-07,42478,42666,0.0
454,2026-09-08,41706,42172,0.0
454,2026-09-09,43795,44115,0.0
454,2026-09-10,43399,41821,0.0
455,2026-08-27,8837,8929,0.0
455,2026-08-28,9445,9096,0.0
455,2026-08-29,9558,9208,0.0
455,2026-08-30,9236,8949,0.0
455,2026-08-31,9152,9122,0.0
455,2026-09-01,9173,9266,0.0
455,2026-09-02,9225,9161,0.0
455,2026-09-03,8893,8887,0.0
455,2026-09-04,9126,8882,0.0
455,2026-09-05,9296,9076,0.0
455,2026-09-06,8861,8956,0.0
455,2026-09-07,8782,8899,0.0
455,2026-09-08,9479,9315,0.0
455,2026-09-09,9175,9056,0.0
455,2026-09-10,8870,8911,0.0
456,2026-08-27,9036,9220,0.0
456,2026-08-28,9458,9418,0.0
456,2026-08-29,8631,8694,0.0
456,2026-08-30,9120,9096,0.0
456,2026-08-31,9390,9516,0.0
456,2026-09-01,8649,8873,0.0
456,2026-09-02,9523,9218,0.0
456,2026-09-03,9027,9019,0.0
456,2026-09-04,8781,8794,0.0
456,2026-09-05,9280,9269,0.0
456,2026-09-06,9870,9520,0.0
456,2026-09-07,8940,9090,0.0
456,2026-09-08,9325,9319,0.0
456,2026-09-09,9733,9359,0.0
456,2026-09-10,9452,9407,0.0
457,2026-08-27,23832,22964,0.0
457,2026-08-28,22302,22183,0.0
457,2026-08-29,23140,22760,0.0
457,2026-08-30,20673,21048,0.0
457,2026-08-31,22207,22844,0.0
457,2026-09-01,21844,21683,0.0
457,2026-09-02,22529,21924,0.0
457,2026-09-03,21200,21233,0.0
457,2026-09-04,23418,22736,0.0
457,2026-09-05,20660,21168,0.0
457,2026-09-06,21918,21544,0.0
457,2026-09-07,22448,22138,0.0
457,2026-09-08,22507,22204,0.0
457,2026-09-09,22156,22154,0.0
457,2026-09-10,21938,22442,0.0
458,2026-08-27,24384,24371,0.0
458,2026-08-28,24637,25303,0.0
458,2026-08-29,25446,25330,0.0
458,2026-08-30,25293,24757,0.0
458,2026-08-31,24820,24502,0.0
458,2026-09-01,24994,25570,0.0
458,2026-09-02,24712,24272,0.0
458,2026-09-03,24545,23815,0.0
458,2026-09-04,24965,25178,0.0
458,2026-09-05,24030,24312,0.0
458,2026-09-06,24985,24186,0.0
458,2026-09-07,26129,25663,0.0
458,2026-09-08,25432,25129,0.0
458,2026-09-09,25978,25739,0.0
458,2026-09-10,24744,23844,0.0
459,2026-08-27,11670,11762,0.0
459,2026-08-28,11166,11317,0.0
459,2026-08-29,11812,11500,0.0
459,2026-08-30,12551,12164,0.0
459,2026-08-31,11794,12087,0.0
459,2026-09-01,11439,11382,0.0
459,2026-09-02,11358,11641,0.0
459,2026-09-03,11419,11348,0.0
459,2026-09-04,12227,11946,0.0
459,2026-09-05,12139,12127,0.0
459,2026-09-06,12024,11707,0.0
459,2026-09-07,11904,11889,0.0
459,2026-09-08,11961,12079,0.0
459,2026-09-09,11300,11525,0.0
459,2026-09-10,11754,11392,0.0
460,2026-08-27,4594,4693,0.0
460,2026-08-28,4826,4641,0.0
460,2026-08-29,4622,4498,0.0
460,2026-08-30,4749,4762,0.0
460,2026-08-31,4859,4675,0.0
460,2026-09-01,4599,4658,0.0
460,2026-09-02,4697,4629,0.0
460,2026-09-03,4612,4625,0.0
460,2026-09-04,4584,4482,0.0
460,2026-09-05,4797,4748,0.0
460,2026-09-06,4773,4623,0.0
460,2026-09-07,4689,4584,0.0
460,2026-09-08,4818,4803,0.0
460,2026-09-09,4337,4411,0.0
460,2026-09-10,4713,4809,0.0
461,2026-08-20,26115,26182,0.0
461,2026-08-21,25784,26062,0.0
461,2026-08-22,27500,26483,0.0
461,2026-08-23,25895,25585,0.0
461,2026-08-24,25541,24675,0.0
461,2026-08-25,25720,25960,0.0
461,2026-08-26,27735,26716,0.0
461,2026-08-27,26261,26789,0.0
461,2026-08-28,26213,26468,0.0
461,2026-08-29,26738,26921,0.0
461,2026-08-30,27032,26130,0.0
461,2026-08-31,27290,27155,0.0
461,2026-09-01,25094,25380,0.0
461,2026-09-02,28023,27114,0.0
461,2026-09-03,25844,26487,0.0
461,2026-09-04,27142,26665,0.0
461,2026-09-05,25160,24713,0.0
461,2026-09-06,26724,25789,0.0
461,2026-09-07,26667,26377,0.0
461,2026-09-08,26856,26127,0.0
461,2026-09-09,24224,24809,0.0
461,2026-09-10,24562,25072,0.0
462,2026-08-20,50776,51089,0.0
462,2026-08-21,53401,52461,0.0
462,2026-08-22,51034,50747,0.0
462,2026-08-23,51459,52640,0.0
462,2026-08-24,55290,53177,0.0
462,2026-08-25,42859,53228,5.3
462,2026-08-26,55284,54574,0.0
462,2026-08-27,53408,54438,0.0
462,2026-08-28,47720,53048,2.9
462,2026-08-29,52146,52845,0.0
462,2026-08-30,53876,52224,0.0
462,2026-08-31,51729,50990,0.0
462,2026-09-01,53051,51688,0.0
462,2026-09-02,54771,55536,0.0
462,2026-09-03,53256,51868,0.0
462,2026-09-04,55109,53138,0.0
462,2026-09-05,52134,52402,0.0
462,2026-09-06,56034,55290,0.0
462,2026-09-07,55345,55686,0.0
462,2026-09-08,51001,52021,0.0
462,2026-09-09,53010,54118,0.0
462,2026-09-10,55511,55796,0.0
463,2026-08-20,29576,28550,0.0
463,2026-08-21,29403,29217,0.0
463,2026-08-22,27201,27706,0.0
463,2026-08-23,27552,27459,0.0
463,2026-08-24,29091,29753,0.0
463,2026-08-25,29128,28452,0.0
463,2026-08-26,28870,28404,0.0
463,2026-08-27,27800,28540,0.0
463,2026-08-28,29432,29044,0.0
463,2026-08-29,30082,28979,0.0
463,2026-08-30,29972,29520,0.0
463,2026-08-31,29413,29680,0.0
463,2026-09-01,28738,27976,0.0
463,2026-09-02,29247,28456,0.0
463,2026-09-03,30340,29869,0.0
463,2026-09-04,27077,27776,0.0
463,2026-09-05,28769,29425,0.0
463,2026-09-06,28827,28303,0.0
463,2026-09-07,28702,28507,0.0
463,2026-09-08,26642,27236,0.0
463,2026-09-09,27965,28223,0.0
463,2026-09-10,28566,28835,0.0
464,2026-08-20,21259,20717,0.0
464,2026-08-21,19702,19507,0.0
464,2026-08-22,19519,19521,0.0
464,2026-08-23,20484,20363,0.0
464,2026-08-24,21090,20546,0.0
464,2026-08-25,20059,20658,0.0
464,2026-08-26,19810,19637,0.0
464,2026-08-27,19600,19219,0.0
464,2026-08-28,19000,19323,0.0
464,2026-08-29,20161,19647,0.0
464,2026-08-30,20499,19928,0.0
464,2026-08-31,18775,19258,0.0
464,2026-09-01,19004,19169,0.0
464,2026-09-02,18845,19419,0.0
464,2026-09-03,21080,20573,0.0
464,2026-09-04,20679,19979,0.0
464,2026-09-05,19560,19011,0.0
464,2026-09-06,20633,20896,0.0
464,2026-09-07,21458,20726,0.0
464,2026-09-08,19953,19563,0.0
464,2026-09-09,19746,19033,0.0
464,2026-09-10,20910,20593,0.0
465,2026-08-20,13944,13799,0.0
465,2026-08-21,14176,13885,0.0
465,2026-08-22,13766,14073,0.0
465,2026-08-23,14298,14068,0.0
465,2026-08-24,13654,13856,0.0
465,2026-08-25,13689,13424,0.0
465,2026-08-26,13470,13745,0.0
465,2026-08-27,13520,13188,0.0
465,2026-08-28,14584,14128,0.0
465,2026-08-29,14754,14300,0.0
465,2026-08-30,13930,13889,0.0
465,2026-08-31,13492,13008,0.0
465,2026-09-01,13606,13197,0.0
465,2026-09-02,13968,13442,0.0
465,2026-09-03,12905,13180,0.0
465,2026-09-04,13379,13274,0.0
465,2026-09-05,13749,13476,0.0
465,2026-09-06,13998,13675,0.0
465,2026-09-07,13443,13350,0.0
465,2026-09-08,14065,14111,0.0
465,2026-09-09,13802,14111,0.0
465,2026-09-10,13750,13343,0.0
466,2026-08-20,3996,3878,0.0
466,2026-08-21,4246,4136,0.0
466,2026-08-22,4183,4051,0.0
466,2026-08-23,3765,3854,0.0
466,2026-08-24,4049,4033,0.0
466,2026-08-25,4073,3973,0.0
466,2026-08-26,3864,3967,0.0
466,2026-08-27,4126,4097,0.0
466,2026-08-28,4074,4093,0.0
466,2026-08-29,3974,3879,0.0
466,2026-08-30,4025,3884,0.0
466,2026-08-31,3899,3901,0.0
466,2026-09-01,3976,3827,0.0
466,2026-09-02,4241,4166,0.0
466,2026-09-03,3938,3963,0.0
466,2026-09-04,4031,3885,0.0
466,2026-09-05,4210,4120,0.0
466,2026-09-06,4331,4179,0.0
466,2026-09-07,4018,3945,0.0
466,2026-09-08,4029,3916,0.0
466,2026-09-09,4094,4194,0.0
466,2026-09-10,4130,4131,0.0
467,2026-08-20,10003,9765,0.0
467,2026-08-21,9937,10018,0.0
467,2026-08-22,9521,9553,0.0
467,2026-08-23,9924,9898,0.0
467,2026-08-24,10205,9858,0.0
467,2026-08-25,9626,9745,0.0
467,2026-08-26,9756,9421,0.0
467,2026-08-27,9635,9447,0.0
467,2026-08-28,9763,10053,0.0
467,2026-08-29,10242,9959,0.0
467,2026-08-30,9664,9885,0.0
467,2026-08-31,9758,9406,0.0
467,2026-09-01,9426,9414,0.0
467,2026-09-02,9364,9170,0.0
467,2026-09-03,9673,9642,0.0
467,2026-09-04,9900,10077,0.0
467,2026-09-05,9772,9969,0.0
467,2026-09-06,10165,9813,0.0
467,2026-09-07,9539,9368,0.0
467,2026-09-08,9894,9895,0.0
467,2026-09-09,9674,9857,0.0
467,2026-09-10,9643,9354,0.0
468,2026-08-20,5690,5769,0.0
468,2026-08-21,5611,5737,0.0
468,2026-08-22,5830,5813,0.0
468,2026-08-23,6176,6162,0.0
468,2026-08-24,6064,5832,0.0
468,2026-08-25,5795,5957,0.0
468,2026-08-26,5928,6096,0.0
468,2026-08-27,6147,6075,0.0
468,2026-08-28,5971,6102,0.0
468,2026-08-29,5893,6005,0.0
468,2026-08-30,6046,6017,0.0
468,2026-08-31,6022,5942,0.0
468,2026-09-01,5662,5752,0.0
468,2026-09-02,5717,5625,0.0
468,2026-09-03,5655,5807,0.0
468,2026-09-04,6037,5971,0.0
468,2026-09-05,6329,6101,0.0
468,2026-09-06,5624,5763,0.0
468,2026-09-07,6059,5947,0.0
468,2026-09-08,5700,5603,0.0
468,2026-09-09,5689,5857,0.0
468,2026-09-10,5802,5774,0.0
469,2026-08-20,44128,42583,0.0
469,2026-08-21,45926,44878,0.0
469,2026-08-22,45368,43807,0.0
469,2026-08-23,43183,42857,0.0
469,2026-08-24,44574,43055,0.0
469,2026-08-25,43317,44028,0.0
469,2026-08-26,45786,45985,0.0
469,2026-08-27,45368,44061,0.0
469,2026-08-28,42914,42358,0.0
469,2026-08-29,42621,43070,0.0
469,2026-08-30,45334,45204,0.0
469,2026-08-31,42715,42655,0.0
469,2026-09-01,42628,41946,0.0
469,2026-09-02,41155,41847,0.0
469,2026-09-03,26996,44130,0.0
469,2026-09-04,20483,44403,4.8
469,2026-09-05,26390,42377,0.0
469,2026-09-06,25806,43488,0.0
469,2026-09-07,27114,44308,0.0
469,2026-09-08,25032,44701,0.0
469,2026-09-09,26440,44355,0.0
469,2026-09-10,26094,43229,0.0
470,2026-08-20,19704,19152,0.0
470,2026-08-21,20262,20083,0.0
470,2026-08-22,18563,19018,0.0
470,2026-08-23,19692,19591,0.0
470,2026-08-24,19533,19027,0.0
470,2026-08-25,19100,19379,0.0
470,2026-08-26,19074,19506,0.0
470,2026-08-27,20706,19985,0.0
470,2026-08-28,19922,19171,0.0
470,2026-08-29,19501,19932,0.0
470,2026-08-30,19576,19418,0.0
470,2026-08-31,20911,20579,0.0
470,2026-09-01,21039,20317,0.0
470,2026-09-02,20023,20600,0.0
470,2026-09-03,20780,20129,0.0
470,2026-09-04,20523,20039,0.0
470,2026-09-05,19979,20581,0.0
470,2026-09-06,19859,20387,0.0
470,2026-09-07,19836,19793,0.0
470,2026-09-08,20207,20470,0.0
470,2026-09-09,21127,20706,0.0
470,2026-09-10,19337,19447,0.0
471,2026-08-20,26081,25223,0.0
471,2026-08-21,26887,26554,0.0
471,2026-08-22,25543,25025,0.0
471,2026-08-23,27919,26953,0.0
471,2026-08-24,24345,24724,0.0
471,2026-08-25,27179,26699,0.0
471,2026-08-26,25724,24806,0.0
471,2026-08-27,25752,25829,0.0
471,2026-08-28,26440,26325,0.0
471,2026-08-29,24363,24714,0.0
471,2026-08-30,27776,26859,0.0
471,2026-08-31,25552,25429,0.0
471,2026-09-01,25526,25828,0.0
471,2026-09-02,26390,26256,0.0
471,2026-09-03,16665,24641,7.3
471,2026-09-04,24405,24754,0.0
471,2026-09-05,26858,26470,0.0
471,2026-09-06,24854,24649,0.0
471,2026-09-07,25836,26483,0.0
471,2026-09-08,27354,26598,0.0
471,2026-09-09,25723,26312,0.0
471,2026-09-10,25321,24804,0.0
472,2026-08-20,7426,7574,0.0
472,2026-08-21,7461,7204,0.0
472,2026-08-22,7246,7338,0.0
472,2026-08-23,7215,7220,0.0
472,2026-08-24,7362,7389,0.0
472,2026-08-25,7921,7658,0.0
472,2026-08-26,7359,7421,0.0
472,2026-08-27,7517,7283,0.0
472,2026-08-28,7544,7410,0.0
472,2026-08-29,7360,7160,0.0
472,2026-08-30,7233,7249,0.0
472,2026-08-31,7403,7236,0.0
472,2026-09-01,7939,7694,0.0
472,2026-09-02,7547,7443,0.0
472,2026-09-03,7277,7348,0.0
472,2026-09-04,7376,7095,0.0
472,2026-09-05,7376,7504,0.0
472,2026-09-06,7820,7646,0.0
472,2026-09-07,7352,7172,0.0
472,2026-09-08,7150,7104,0.0
472,2026-09-09,7425,7264,0.0
472,2026-09-10,7195,7354,0.0
473,2026-08-20,30198,29768,0.0
473,2026-08-21,29976,30082,0.0
473,2026-08-22,28092,28681,0.0
473,2026-08-23,29713,29193,0.0
473,2026-08-24,29871,29963,0.0
473,2026-08-25,30912,30039,0.0
473,2026-08-26,30983,30346,0.0
473,2026-08-27,30374,29465,0.0
473,2026-08-28,29467,28968,0.0
473,2026-08-29,29953,29529,0.0
473,2026-08-30,28728,28833,0.0
473,2026-08-31,29317,28371,0.0
473,2026-09-01,28964,28742,0.0
473,2026-09-02,29645,28816,0.0
473,2026-09-03,28906,28439,0.0
473,2026-09-04,29826,28857,0.0
473,2026-09-05,28143,28133,0.0
473,2026-09-06,30340,29846,0.0
473,2026-09-07,27778,27627,0.0
473,2026-09-08,27676,27611,0.0
473,2026-09-09,29817,29032,0.0
473,2026-09-10,29139,29630,0.0
474,2026-08-20,27541,27920,0.0
474,2026-08-21,27286,27575,0.0
474,2026-08-22,28388,27432,0.0
474,2026-08-23,26836,26587,0.0
474,2026-08-24,25472,26162,0.0
474,2026-08-25,27372,26490,0.0
474,2026-08-26,26677,27497,0.0
474,2026-08-27,26086,26736,0.0
474,2026-08-28,25288,25681,0.0
474,2026-08-29,27275,26881,0.0
474,2026-08-30,26190,25951,0.0
474,2026-08-31,25714,25542,0.0
474,2026-09-01,27863,27317,0.0
474,2026-09-02,26853,26432,0.0
474,2026-09-03,27674,26844,0.0
474,2026-09-04,26479,26876,0.0
474,2026-09-05,27470,27337,0.0
474,2026-09-06,28032,27450,0.0
474,2026-09-07,28077,27606,0.0
474,2026-09-08,25422,27245,2.0
474,2026-09-09,27294,27577,0.0
474,2026-09-10,27042,27721,0.0
475,2026-08-20,8276,8346,0.0
475,2026-08-21,7859,8101,0.0
475,2026-08-22,8358,8097,0.0
475,2026-08-23,7743,7761,0.0
475,2026-08-24,8427,8269,0.0
475,2026-08-25,7997,8152,0.0
475,2026-08-26,8447,8329,0.0
475,2026-08-27,7838,7867,0.0
475,2026-08-28,8326,8330,0.0
475,2026-08-29,8671,8353,0.0
475,2026-08-30,8160,7863,0.0
475,2026-08-31,7769,7775,0.0
475,2026-09-01,8373,8220,0.0
475,2026-09-02,8007,8028,0.0
475,2026-09-03,7976,8068,0.0
475,2026-09-04,8084,8112,0.0
475,2026-09-05,7762,7728,0.0
475,2026-09-06,7931,7776,0.0
475,2026-09-07,8174,8366,0.0
475,2026-09-08,8005,8023,0.0
475,2026-09-09,8145,8359,0.0
475,2026-09-10,7838,8036,0.0
476,2026-08-20,7022,7005,0.0
476,2026-08-21,7715,7527,0.0
476,2026-08-22,7514,7440,0.0
476,2026-08-23,7174,7033,0.0
476,2026-08-24,7874,7670,0.0
476,2026-08-25,7631,7405,0.0
476,2026-08-26,7133,7016,0.0
476,2026-08-27,7049,7178,0.0
476,2026-08-28,7722,7429,0.0
476,2026-08-29,7214,7230,0.0
476,2026-08-30,4443,7230,0.0
476,2026-08-31,4671,7680,0.0
476,2026-09-01,4354,7175,0.0
476,2026-09-02,4684,7719,0.0
476,2026-09-03,4808,7189,0.0
476,2026-09-04,4429,7300,0.0
476,2026-09-05,4886,7268,0.0
476,2026-09-06,4746,7594,0.0
476,2026-09-07,4409,7182,0.0
476,2026-09-08,4756,7725,0.0
476,2026-09-09,4429,7055,0.0
476,2026-09-10,4992,7556,0.0
477,2026-08-20,8887,8694,0.0
477,2026-08-21,9125,8983,0.0
477,2026-08-22,8543,8793,0.0
477,2026-08-23,8934,9080,0.0
477,2026-08-24,9258,9077,0.0
477,2026-08-25,8606,8665,0.0
477,2026-08-26,9168,8853,0.0
477,2026-08-27,9363,9431,0.0
477,2026-08-28,9134,9206,0.0
477,2026-08-29,8896,9129,0.0
477,2026-08-30,8815,8825,0.0
477,2026-08-31,8530,8633,0.0
477,2026-09-01,8987,9010,0.0
477,2026-09-02,9346,9348,0.0
477,2026-09-03,9272,9050,0.0
477,2026-09-04,8752,8705,0.0
477,2026-09-05,9113,8855,0.0
477,2026-09-06,8850,8925,0.0
477,2026-09-07,9290,9392,0.0
477,2026-09-08,9083,9008,0.0
477,2026-09-09,8881,8674,0.0
477,2026-09-10,9052,8811,0.0
478,2026-08-20,12071,11672,0.0
478,2026-08-21,11426,11238,0.0
478,2026-08-22,11823,11888,0.0
478,2026-08-23,11653,11332,0.0
478,2026-08-24,11865,11450,0.0
478,2026-08-25,11016,11189,0.0
478,2026-08-26,11981,11749,0.0
478,2026-08-27,11105,11125,0.0
478,2026-08-28,11551,11179,0.0
478,2026-08-29,11089,11068,0.0
478,2026-08-30,11663,11770,0.0
478,2026-08-31,10956,11211,0.0
478,2026-09-01,12449,12162,0.0
478,2026-09-02,12442,12146,0.0
478,2026-09-03,7842,11609,0.0
478,2026-09-04,8510,11835,0.0
478,2026-09-05,8362,11661,0.0
478,2026-09-06,7880,11194,0.0
478,2026-09-07,7273,11067,0.0
478,2026-09-08,8593,12163,0.0
478,2026-09-09,8214,11288,0.0
478,2026-09-10,8622,12103,0.0
479,2026-08-20,4848,4772,0.0
479,2026-08-21,4569,4453,0.0
479,2026-08-22,4544,4496,0.0
479,2026-08-23,4734,4592,0.0
479,2026-08-24,4777,4757,0.0
479,2026-08-25,4610,4715,0.0
479,2026-08-26,4623,4472,0.0
479,2026-08-27,4614,4659,0.0
479,2026-08-28,4526,4630,0.0
479,2026-08-29,4855,4751,0.0
479,2026-08-30,4274,4406,0.0
479,2026-08-31,4423,4504,0.0
479,2026-09-01,4664,4631,0.0
479,2026-09-02,5017,4853,0.0
479,2026-09-03,4579,4518,0.0
479,2026-09-04,4520,4622,0.0
479,2026-09-05,4492,4602,0.0
479,2026-09-06,4623,4725,0.0
479,2026-09-07,4623,4621,0.0
479,2026-09-08,4556,4438,0.0
479,2026-09-09,4735,4833,0.0
479,2026-09-10,4642,4504,0.0
480,2026-08-20,4172,4027,0.0
480,2026-08-21,3884,3848,0.0
480,2026-08-22,3772,3831,0.0
480,2026-08-23,3975,3847,0.0
480,2026-08-24,4031,4031,0.0
480,2026-08-25,3962,3931,0.0
480,2026-08-26,3793,3872,0.0
480,2026-08-27,4055,4077,0.0
480,2026-08-28,3747,3857,0.0
480,2026-08-29,4253,4109,0.0
480,2026-08-30,3742,3850,0.0
480,2026-08-31,3881,3926,0.0
480,2026-09-01,4067,4048,0.0
480,2026-09-02,3815,3815,0.0
480,2026-09-03,4027,3962,0.0
480,2026-09-04,3907,4006,0.0
480,2026-09-05,3864,3902,0.0
480,2026-09-06,4034,4112,0.0
480,2026-09-07,3890,3898,0.0
480,2026-09-08,3795,3751,0.0
480,2026-09-09,4113,4086,0.0
480,2026-09-10,4050,4092,0.0
481,2026-08-20,5507,5310,0.0
481,2026-08-21,5153,5079,0.0
481,2026-08-22,5275,5350,0.0
481,2026-08-23,5217,5317,0.0
481,2026-08-24,5167,4983,0.0
481,2026-08-25,5104,4956,0.0
481,2026-08-26,5338,5138,0.0
481,2026-08-27,5039,5116,0.0
481,2026-08-28,4904,5028,0.0
481,2026-08-29,4914,5029,0.0
481,2026-08-30,5016,5121,0.0
481,2026-08-31,5290,5270,0.0
481,2026-09-01,4979,5032,0.0
481,2026-09-02,4839,4986,0.0
481,2026-09-03,4850,4900,0.0
481,2026-09-04,4962,4964,0.0
481,2026-09-05,4801,4856,0.0
481,2026-09-06,5017,5007,0.0
481,2026-09-07,5159,5052,0.0
481,2026-09-08,5200,5240,0.0
481,2026-09-09,5073,5150,0.0
481,2026-09-10,5062,4991,0.0
482,2026-08-20,26377,25646,0.0
482,2026-08-21,25238,24675,0.0
482,2026-08-22,25332,25429,0.0
482,2026-08-23,25054,24779,0.0
482,2026-08-24,24610,25362,0.0
482,2026-08-25,25580,25108,0.0
482,2026-08-26,25814,26016,0.0
482,2026-08-27,25901,25783,0.0
482,2026-08-28,26494,25851,0.0
482,2026-08-29,24447,24043,0.0
482,2026-08-30,24421,24423,0.0
482,2026-08-31,24584,23975,0.0
482,2026-09-01,26854,26343,0.0
482,2026-09-02,24315,24733,0.0
482,2026-09-03,25511,25106,0.0
482,2026-09-04,12454,24628,0.0
482,2026-09-05,12644,25357,0.0
482,2026-09-06,11757,24685,0.0
482,2026-09-07,12238,26413,0.0
482,2026-09-08,11771,24853,0.0
482,2026-09-09,13140,26173,0.0
482,2026-09-10,12541,25686,0.0
483,2026-08-20,18329,18888,0.0
483,2026-08-21,19004,18845,0.0
483,2026-08-22,19093,18534,0.0
483,2026-08-23,17350,17827,0.0
483,2026-08-24,19072,18685,0.0
483,2026-08-25,19151,18598,0.0
483,2026-08-26,17946,17839,0.0
483,2026-08-27,19312,18572,0.0
483,2026-08-28,17455,17829,0.0
483,2026-08-29,18284,18695,0.0
483,2026-08-30,18478,18008,0.0
483,2026-08-31,18302,18674,0.0
483,2026-09-01,18730,18408,0.0
483,2026-09-02,17168,17595,0.0
483,2026-09-03,18734,19098,0.0
483,2026-09-04,18784,18586,0.0
483,2026-09-05,18175,17524,0.0
483,2026-09-06,17405,17545,0.0
483,2026-09-07,19679,19187,0.0
483,2026-09-08,18266,18604,0.0
483,2026-09-09,18370,17754,0.0
483,2026-09-10,18270,18357,0.0
484,2026-08-20,4803,4626,0.0
484,2026-08-21,4632,4605,0.0
484,2026-08-22,4613,4645,0.0
484,2026-08-23,4795,4671,0.0
484,2026-08-24,4597,4442,0.0
484,2026-08-25,4584,4471,0.0
484,2026-08-26,4631,4502,0.0
484,2026-08-27,4797,4757,0.0
484,2026-08-28,4671,4659,0.0
484,2026-08-29,4451,4585,0.0
484,2026-08-30,4622,4589,0.0
484,2026-08-31,4497,4387,0.0
484,2026-09-01,4499,4515,0.0
484,2026-09-02,4328,4370,0.0
484,2026-09-03,4850,4823,0.0
484,2026-09-04,4650,4534,0.0
484,2026-09-05,4852,4803,0.0
484,2026-09-06,4394,4514,0.0
484,2026-09-07,4562,4403,0.0
484,2026-09-08,4582,4661,0.0
484,2026-09-09,4812,4785,0.0
484,2026-09-10,4537,4374,0.0
485,2026-08-20,22451,22150,0.0
485,2026-08-21,23419,23177,0.0
485,2026-08-22,21984,21964,0.0
485,2026-08-23,21471,22036,0.0
485,2026-08-24,22332,22220,0.0
485,2026-08-25,22921,22499,0.0
485,2026-08-26,23369,22813,0.0
485,2026-08-27,22350,22082,0.0
485,2026-08-28,22129,21732,0.0
485,2026-08-29,21929,22389,0.0
485,2026-08-30,23204,23183,0.0
485,2026-08-31,21973,21879,0.0
485,2026-09-01,23961,23048,0.0
485,2026-09-02,22870,22395,0.0
485,2026-09-03,22375,22515,0.0
485,2026-09-04,22360,21855,0.0
485,2026-09-05,22354,21806,0.0
485,2026-09-06,21585,21249,0.0
485,2026-09-07,22394,22941,0.0
485,2026-09-08,23631,23183,0.0
485,2026-09-09,21657,22027,0.0
485,2026-09-10,21344,21464,0.0
486,2026-08-20,47282,47145,0.0
486,2026-08-21,41154,47975,3.7
486,2026-08-22,49805,48804,0.0
486,2026-08-23,50110,50139,0.0
486,2026-08-24,48250,47486,0.0
486,2026-08-25,48114,47988,0.0
486,2026-08-26,49894,50334,0.0
486,2026-08-27,49418,50537,0.0
486,2026-08-28,50331,50080,0.0
486,2026-08-29,51106,50510,0.0
486,2026-08-30,49038,48041,0.0
486,2026-08-31,48161,48476,0.0
486,2026-09-01,48980,48219,0.0
486,2026-09-02,46102,46592,0.0
486,2026-09-03,47807,46276,0.0
486,2026-09-04,45218,46615,0.0
486,2026-09-05,51798,50176,0.0
486,2026-09-06,38957,47044,4.3
486,2026-09-07,47381,48032,0.0
486,2026-09-08,50764,48926,0.0
486,2026-09-09,47473,48660,0.0
486,2026-09-10,49532,49282,0.0
487,2026-08-20,49290,48525,0.0
487,2026-08-21,51808,49847,0.0
487,2026-08-22,50390,48872,0.0
487,2026-08-23,52599,51300,0.0
487,2026-08-24,49313,49868,0.0
487,2026-08-25,49672,47906,0.0
487,2026-08-26,47751,48241,0.0
487,2026-08-27,47831,47237,0.0
487,2026-08-28,48461,48503,0.0
487,2026-08-29,48376,49539,0.0
487,2026-08-30,53623,51790,0.0
487,2026-08-31,49693,49802,0.0
487,2026-09-01,48660,48794,0.0
487,2026-09-02,33587,50387,8.3
487,2026-09-03,48197,49678,0.0
487,2026-09-04,50116,51566,0.0
487,2026-09-05,47479,47191,0.0
487,2026-09-06,46178,47410,0.0
487,2026-09-07,46786,46981,0.0
487,2026-09-08,47352,47695,0.0
487,2026-09-09,48893,48514,0.0
487,2026-09-10,47763,48234,0.0
488,2026-08-20,15589,15309,0.0
488,2026-08-21,14286,14523,0.0
488,2026-08-22,15646,15541,0.0
488,2026-08-23,15131,14818,0.0
488,2026-08-24,14919,14624,0.0
488,2026-08-25,14748,14609,0.0
488,2026-08-26,16210,15673,0.0
488,2026-08-27,14135,14462,0.0
488,2026-08-28,15606,15016,0.0
488,2026-08-29,14513,14427,0.0
488,2026-08-30,15667,15623,0.0
488,2026-08-31,15289,15077,0.0
488,2026-09-01,15680,15739,0.0
488,2026-09-02,14800,14598,0.0
488,2026-09-03,14745,15137,0.0
488,2026-09-04,15042,15463,0.0
488,2026-09-05,14749,15181,0.0
488,2026-09-06,15038,14937,0.0
488,2026-09-07,14610,14615,0.0
488,2026-09-08,15029,14731,0.0
488,2026-09-09,15571,15056,0.0
488,2026-09-10,14981,15351,0.0
489,2026-08-20,26796,26056,0.0
489,2026-08-21,25045,25516,0.0
489,2026-08-22,26633,26652,0.0
489,2026-08-23,26550,25787,0.0
489,2026-08-24,25715,25677,0.0
489,2026-08-25,24430,24712,0.0
489,2026-08-26,25431,25502,0.0
489,2026-08-27,27390,26880,0.0
489,2026-08-28,25934,26619,0.0
489,2026-08-29,27403,26451,0.0
489,2026-08-30,25377,25526,0.0
489,2026-08-31,25630,25662,0.0
489,2026-09-01,24615,25045,0.0
489,2026-09-02,26590,25786,0.0
489,2026-09-03,26175,25517,0.0
489,2026-09-04,26873,26437,0.0
489,2026-09-05,24784,25390,0.0
489,2026-09-06,26253,26578,0.0
489,2026-09-07,27228,26877,0.0
489,2026-09-08,25845,26517,0.0
489,2026-09-09,24928,24458,0.0
489,2026-09-10,27688,26843,0.0
490,2026-08-20,3009,3029,0.0
490,2026-08-21,2980,3007,0.0
490,2026-08-22,2945,2947,0.0
490,2026-08-23,2898,2801,0.0
490,2026-08-24,2796,2860,0.0
490,2026-08-25,3023,2998,0.0
490,2026-08-26,2989,2984,0.0
490,2026-08-27,2897,2822,0.0
490,2026-08-28,3048,3016,0.0
490,2026-08-29,2866,2773,0.0
490,2026-08-30,2966,2872,0.0
490,2026-08-31,2856,2862,0.0
490,2026-09-01,2778,2833,0.0
490,2026-09-02,2737,2763,0.0
490,2026-09-03,2869,2789,0.0
490,2026-09-04,2961,2852,0.0
490,2026-09-05,2934,2902,0.0
490,2026-09-06,3015,3021,0.0
490,2026-09-07,2847,2778,0.0
490,2026-09-08,2952,2839,0.0
490,2026-09-09,3058,2990,0.0
490,2026-09-10,2827,2826,0.0
491,2026-08-20,9049,9181,0.0
491,2026-08-21,9791,9545,0.0
491,2026-08-22,10038,9981,0.0
491,2026-08-23,10193,10094,0.0
491,2026-08-24,9896,9875,0.0
491,2026-08-25,9298,9305,0.0
491,2026-08-26,10015,9724,0.0
491,2026-08-27,9182,9313,0.0
491,2026-08-28,9215,9221,0.0
491,2026-08-29,10462,10062,0.0
491,2026-08-30,9370,9541,0.0
491,2026-08-31,9145,9205,0.0
491,2026-09-01,9565,9262,0.0
491,2026-09-02,9584,9235,0.0
491,2026-09-03,9839,9904,0.0
491,2026-09-04,10288,9934,0.0
491,2026-09-05,10332,9989,0.0
491,2026-09-06,9845,10090,0.0
491,2026-09-07,10037,9670,0.0
491,2026-09-08,9614,9761,0.0
491,2026-09-09,10045,9759,0.0
491,2026-09-10,9496,9189,0.0
492,2026-08-20,6612,6661,0.0
492,2026-08-21,6160,6251,0.0
492,2026-08-22,6797,6537,0.0
492,2026-08-23,6290,6272,0.0
492,2026-08-24,6286,6135,0.0
492,2026-08-25,6939,6707,0.0
492,2026-08-26,6375,6215,0.0
492,2026-08-27,5988,6124,0.0
492,2026-08-28,6508,6520,0.0
492,2026-08-29,6521,6618,0.0
492,2026-08-30,6495,6612,0.0
492,2026-08-31,6781,6638,0.0
492,2026-09-01,6473,6514,0.0
492,2026-09-02,6392,6240,0.0
492,2026-09-03,6850,6617,0.0
492,2026-09-04,6175,6259,0.0
492,2026-09-05,6172,6295,0.0
492,2026-09-06,6812,6631,0.0
492,2026-09-07,6306,6237,0.0
492,2026-09-08,6606,6373,0.0
492,2026-09-09,6158,6320,0.0
492,2026-09-10,6303,6208,0.0
493,2026-08-20,8841,9084,0.0
493,2026-08-21,8437,8599,0.0
493,2026-08-22,9182,8840,0.0
493,2026-08-23,8678,8627,0.0
493,2026-08-24,8163,8358,0.0
493,2026-08-25,9296,8943,0.0
493,2026-08-26,9232,8984,0.0
493,2026-08-27,8589,8646,0.0
493,2026-08-28,9273,8936,0.0
493,2026-08-29,8139,8339,0.0
493,2026-08-30,8766,8541,0.0
493,2026-08-31,8541,8694,0.0
493,2026-09-01,8841,8991,0.0
493,2026-09-02,8101,8236,0.0
493,2026-09-03,8763,8629,0.0
493,2026-09-04,8910,8736,0.0
493,2026-09-05,9003,9083,0.0
493,2026-09-06,8940,8768,0.0
493,2026-09-07,9284,8998,0.0
493,2026-09-08,9220,9026,0.0
493,2026-09-09,8744,8549,0.0
493,2026-09-10,8528,8579,0.0
494,2026-08-20,5147,5006,0.0
494,2026-08-21,4916,5024,0.0
494,2026-08-22,5385,5462,0.0
494,2026-08-23,5298,5203,0.0
494,2026-08-24,5223,5283,0.0
494,2026-08-25,5324,5131,0.0
494,2026-08-26,5371,5403,0.0
494,2026-08-27,5517,5445,0.0
494,2026-08-28,4879,4956,0.0
494,2026-08-29,5227,5049,0.0
494,2026-08-30,5213,5020,0.0
494,2026-08-31,5383,5188,0.0
494,2026-09-01,5144,5154,0.0
494,2026-09-02,4994,5066,0.0
494,2026-09-03,5449,5337,0.0
494,2026-09-04,5472,5315,0.0
494,2026-09-05,5559,5376,0.0
494,2026-09-06,5259,5189,0.0
494,2026-09-07,5551,5432,0.0
494,2026-09-08,4988,5118,0.0
494,2026-09-09,5468,5273,0.0
494,2026-09-10,5398,5393,0.0
495,2026-08-20,6923,6730,0.0
495,2026-08-21,6703,6476,0.0
495,2026-08-22,6507,6375,0.0
495,2026-08-23,6528,6509,0.0
495,2026-08-24,6373,6512,0.0
495,2026-08-25,6743,6611,0.0
495,2026-08-26,6293,6164,0.0
495,2026-08-27,4908,6641,0.0
495,2026-08-28,4597,6262,0.0
495,2026-08-29,4075,6130,0.0
495,2026-08-30,4499,6124,0.0
495,2026-08-31,4509,6273,0.0
495,2026-09-01,4406,6632,0.0
495,2026-09-02,4535,6698,0.0
495,2026-09-03,4348,6323,0.0
495,2026-09-04,4423,6373,0.0
495,2026-09-05,4787,6560,0.0
495,2026-09-06,4169,6233,0.0
495,2026-09-07,4639,6334,0.0
495,2026-09-08,4565,6511,0.0
495,2026-09-09,6465,6601,0.0
495,2026-09-10,6405,6252,0.0
496,2026-08-20,54559,55515,0.0
496,2026-08-21,54555,53212,0.0
496,2026-08-22,57438,56979,0.0
496,2026-08-23,39640,56706,7.2
496,2026-08-24,54539,54815,0.0
496,2026-08-25,54904,55357,0.0
496,2026-08-26,57296,55260,0.0
496,2026-08-27,56386,56406,0.0
496,2026-08-28,54696,53839,0.0
496,2026-08-29,53016,53653,0.0
496,2026-08-30,59141,56980,0.0
496,2026-08-31,56123,56211,0.0
496,2026-09-01,56665,55205,0.0
496,2026-09-02,53492,53012,0.0
496,2026-09-03,57063,55947,0.0
496,2026-09-04,55136,53745,0.0
496,2026-09-05,36368,53875,0.0
496,2026-09-06,36327,55869,0.0
496,2026-09-07,38527,56256,0.0
496,2026-09-08,36333,56060,0.0
496,2026-09-09,36800,54762,0.0
496,2026-09-10,35854,53626,0.0
497,2026-08-20,9109,9141,0.0
497,2026-08-21,9045,9282,0.0
497,2026-08-22,9444,9346,0.0
497,2026-08-23,9518,9212,0.0
497,2026-08-24,9341,9358,0.0
497,2026-08-25,9966,9989,0.0
497,2026-08-26,9586,9790,0.0
497,2026-08-27,9290,9341,0.0
497,2026-08-28,10215,9998,0.0
497,2026-08-29,10288,9946,0.0
497,2026-08-30,10036,9833,0.0
497,2026-08-31,9782,9511,0.0
497,2026-09-01,9359,9098,0.0
497,2026-09-02,9525,9536,0.0
497,2026-09-03,9868,9726,0.0
497,2026-09-04,9432,9682,0.0
497,2026-09-05,9791,9625,0.0
497,2026-09-06,9546,9673,0.0
497,2026-09-07,9525,9332,0.0
497,2026-09-08,9326,9242,0.0
497,2026-09-09,9605,9417,0.0
497,2026-09-10,9628,9291,0.0
498,2026-08-20,27817,28440,0.0
498,2026-08-21,29630,28957,0.0
498,2026-08-22,27581,27288,0.0
498,2026-08-23,29203,28208,0.0
498,2026-08-24,29589,29070,0.0
498,2026-08-25,28947,28783,0.0
498,2026-08-26,29705,28789,0.0
498,2026-08-27,26619,27417,0.0
498,2026-08-28,28392,28251,0.0
498,2026-08-29,28699,27709,0.0
498,2026-08-30,27726,27854,0.0
498,2026-08-31,26431,27017,0.0
498,2026-09-01,27250,27919,0.0
498,2026-09-02,28229,28166,0.0
498,2026-09-03,29444,29513,0.0
498,2026-09-04,26912,26953,0.0
498,2026-09-05,29759,28741,0.0
498,2026-09-06,27139,27208,0.0
498,2026-09-07,28834,28767,0.0
498,2026-09-08,28814,29056,0.0
498,2026-09-09,30274,29451,0.0
498,2026-09-10,28954,29207,0.0
499,2026-08-20,33858,32943,0.0
499,2026-08-21,34769,33752,0.0
499,2026-08-22,31383,31886,0.0
499,2026-08-23,32380,32480,0.0
499,2026-08-24,32473,32719,0.0
499,2026-08-25,33154,33961,0.0
499,2026-08-26,36201,35027,0.0
499,2026-08-27,33962,33451,0.0
499,2026-08-28,31692,32198,0.0
499,2026-08-29,33630,33798,0.0
499,2026-08-30,34179,33835,0.0
499,2026-08-31,35472,34115,0.0
499,2026-09-01,33569,34151,0.0
499,2026-09-02,34009,32802,0.0
499,2026-09-03,33297,33132,0.0
499,2026-09-04,34536,34512,0.0
499,2026-09-05,35291,34682,0.0
499,2026-09-06,33897,33618,0.0
499,2026-09-07,32692,32738,0.0
499,2026-09-08,30880,31793,0.0
499,2026-09-09,33949,33401,0.0
499,2026-09-10,34709,33710,0.0
500,2026-08-20,8907,8919,0.0
500,2026-08-21,9154,8905,0.0
500,2026-08-22,8443,8693,0.0
500,2026-08-23,8707,8918,0.0
500,2026-08-24,8931,8636,0.0
500,2026-08-25,8624,8789,0.0
500,2026-08-26,8925,8768,0.0
500,2026-08-27,9127,8940,0.0
500,2026-08-28,9105,9009,0.0
500,2026-08-29,9161,9163,0.0
500,2026-08-30,9161,8859,0.0
500,2026-08-31,8897,9158,0.0
500,2026-09-01,8648,8747,0.0
500,2026-09-02,8951,9149,0.0
500,2026-09-03,9204,9314,0.0
500,2026-09-04,9611,9271,0.0
500,2026-09-05,8645,8606,0.0
500,2026-09-06,9198,8928,0.0
500,2026-09-07,9073,8736,0.0
500,2026-09-08,9443,9465,0.0
500,2026-09-09,9372,9175,0.0
500,2026-09-10,9621,9391,0.0
501,2026-08-20,9612,9344,0.0
501,2026-08-21,8507,8553,0.0
501,2026-08-22,9358,9385,0.0
501,2026-08-23,8793,8883,0.0
501,2026-08-24,8975,9023,0.0
501,2026-08-25,8767,8905,0.0
501,2026-08-26,8706,8686,0.0
501,2026-08-27,8887,8806,0.0
501,2026-08-28,8822,8731,0.0
501,2026-08-29,9005,8687,0.0
501,2026-08-30,9220,9031,0.0
501,2026-08-31,9557,9210,0.0
501,2026-09-01,9526,9341,0.0
501,2026-09-02,9076,9028,0.0
501,2026-09-03,8705,8912,0.0
501,2026-09-04,9563,9399,0.0
501,2026-09-05,9500,9204,0.0
501,2026-09-06,8871,8809,0.0
501,2026-09-07,8656,8728,0.0
501,2026-09-08,9072,9146,0.0
501,2026-09-09,9134,8935,0.0
501,2026-09-10,9673,9334,0.0
502,2026-08-20,12296,12013,0.0
502,2026-08-21,12982,12664,0.0
502,2026-08-22,11692,11512,0.0
502,2026-08-23,12268,12091,0.0
502,2026-08-24,11521,11659,0.0
502,2026-08-25,12198,12549,0.0
502,2026-08-26,12683,12482,0.0
502,2026-08-27,11899,11555,0.0
502,2026-08-28,12029,11846,0.0
502,2026-08-29,12877,12563,0.0
502,2026-08-30,12244,12233,0.0
502,2026-08-31,12413,12591,0.0
502,2026-09-01,12207,12169,0.0
502,2026-09-02,11884,11548,0.0
502,2026-09-03,11799,11938,0.0
502,2026-09-04,11638,11912,0.0
502,2026-09-05,12533,12387,0.0
502,2026-09-06,12053,11697,0.0
502,2026-09-07,12499,12163,0.0
502,2026-09-08,11848,11833,0.0
502,2026-09-09,11304,11617,0.0
502,2026-09-10,12553,12661,0.0
503,2026-08-20,24436,24728,0.0
503,2026-08-21,26043,25281,0.0
503,2026-08-22,24414,24262,0.0
503,2026-08-23,24172,23925,0.0
503,2026-08-24,24458,23862,0.0
503,2026-08-25,25439,24558,0.0
503,2026-08-26,24058,23401,0.0
503,2026-08-27,24103,24645,0.0
503,2026-08-28,24990,24942,0.0
503,2026-08-29,22588,23230,0.0
503,2026-08-30,23970,23761,0.0
503,2026-08-31,24054,24774,0.0
503,2026-09-01,25476,24752,0.0
503,2026-09-02,24625,24973,0.0
503,2026-09-03,25803,25337,0.0
503,2026-09-04,24750,24958,0.0
503,2026-09-05,24096,23817,0.0
503,2026-09-06,25486,24666,0.0
503,2026-09-07,24156,23528,0.0
503,2026-09-08,25188,24294,0.0
503,2026-09-09,24701,25213,0.0
503,2026-09-10,25238,24268,0.0
504,2026-08-20,31035,31366,0.0
504,2026-08-21,32931,32895,0.0
504,2026-08-22,32124,31389,0.0
504,2026-08-23,32134,32156,0.0
504,2026-08-24,30962,31251,0.0
504,2026-08-25,30883,30295,0.0
504,2026-08-26,32052,31853,0.0
504,2026-08-27,31954,30978,0.0
504,2026-08-28,30957,31646,0.0
504,2026-08-29,31248,30990,0.0
504,2026-08-30,31979,32332,0.0
504,2026-08-31,29659,30384,0.0
504,2026-09-01,32307,32914,0.0
504,2026-09-02,32400,32187,0.0
504,2026-09-03,32762,32438,0.0
504,2026-09-04,29484,30280,0.0
504,2026-09-05,32887,32040,0.0
504,2026-09-06,32295,32208,0.0
504,2026-09-07,31242,31497,0.0
504,2026-09-08,34040,32744,0.0
504,2026-09-09,31776,32456,0.0
504,2026-09-10,31206,30543,0.0
505,2026-08-20,2524,2543,0.0
505,2026-08-21,2533,2583,0.0
505,2026-08-22,2380,2372,0.0
505,2026-08-23,2653,2557,0.0
505,2026-08-24,2349,2415,0.0
505,2026-08-25,2581,2566,0.0
505,2026-08-26,2555,2552,0.0
505,2026-08-27,2437,2441,0.0
505,2026-08-28,2397,2414,0.0
505,2026-08-29,2464,2485,0.0
505,2026-08-30,2555,2466,0.0
505,2026-08-31,2606,2527,0.0
505,2026-09-01,2605,2535,0.0
505,2026-09-02,2472,2478,0.0
505,2026-09-03,2635,2600,0.0
505,2026-09-04,2486,2563,0.0
505,2026-09-05,2439,2484,0.0
505,2026-09-06,2504,2558,0.0
505,2026-09-07,2366,2399,0.0
505,2026-09-08,2620,2531,0.0
505,2026-09-09,2591,2496,0.0
505,2026-09-10,2538,2542,0.0
506,2026-08-20,4269,4336,0.0
506,2026-08-21,4139,4047,0.0
506,2026-08-22,4057,4115,0.0
506,2026-08-23,4280,4301,0.0
506,2026-08-24,4204,4169,0.0
506,2026-08-25,4284,4218,0.0
506,2026-08-26,4386,4231,0.0
506,2026-08-27,4191,4223,0.0
506,2026-08-28,3998,3952,0.0
506,2026-08-29,3975,4058,0.0
506,2026-08-30,4186,4315,0.0
506,2026-08-31,4022,4016,0.0
506,2026-09-01,4283,4206,0.0
506,2026-09-02,4346,4309,0.0
506,2026-09-03,4329,4189,0.0
506,2026-09-04,4176,4216,0.0
506,2026-09-05,4124,4054,0.0
506,2026-09-06,4340,4181,0.0
506,2026-09-07,4073,4121,0.0
506,2026-09-08,3932,4030,0.0
506,2026-09-09,4202,4184,0.0
506,2026-09-10,4188,4197,0.0
507,2026-08-20,2429,2362,0.0
507,2026-08-21,2521,2442,0.0
507,2026-08-22,2389,2319,0.0
507,2026-08-23,2276,2262,0.0
507,2026-08-24,2303,2263,0.0
507,2026-08-25,2435,2401,0.0
507,2026-08-26,2376,2359,0.0
507,2026-08-27,2457,2448,0.0
507,2026-08-28,2275,2323,0.0
507,2026-08-29,2315,2334,0.0
507,2026-08-30,1546,2294,0.0
507,2026-08-31,1585,2300,0.0
507,2026-09-01,1636,2390,0.0
507,2026-09-02,1602,2264,0.0
507,2026-09-03,1732,2335,0.0
507,2026-09-04,1663,2311,0.0
507,2026-09-05,1742,2301,0.0
507,2026-09-06,1736,2313,0.0
507,2026-09-07,1656,2313,0.0
507,2026-09-08,1616,2323,0.0
507,2026-09-09,1853,2469,0.0
507,2026-09-10,1778,2382,0.0
508,2026-08-20,3284,3255,0.0
508,2026-08-21,3093,3043,0.0
508,2026-08-22,3191,3166,0.0
508,2026-08-23,3220,3256,0.0
508,2026-08-24,3114,3173,0.0
508,2026-08-25,3212,3261,0.0
508,2026-08-26,3054,3120,0.0
508,2026-08-27,3160,3096,0.0
508,2026-08-28,3179,3087,0.0
508,2026-08-29,3178,3140,0.0
508,2026-08-30,3046,3122,0.0
508,2026-08-31,3048,3122,0.0
508,2026-09-01,3203,3256,0.0
508,2026-09-02,3139,3038,0.0
508,2026-09-03,3210,3256,0.0
508,2026-09-04,3245,3187,0.0
508,2026-09-05,3072,3019,0.0
508,2026-09-06,3146,3071,0.0
508,2026-09-07,3042,3058,0.0
508,2026-09-08,3014,3011,0.0
508,2026-09-09,2895,2979,0.0
508,2026-09-10,3088,3124,0.0
509,2026-08-20,5780,5708,0.0
509,2026-08-21,5676,5602,0.0
509,2026-08-22,5404,5468,0.0
509,2026-08-23,5885,5694,0.0
509,2026-08-24,5883,5808,0.0
509,2026-08-25,5361,5448,0.0
509,2026-08-26,5736,5808,0.0
509,2026-08-27,5331,5355,0.0
509,2026-08-28,5784,5874,0.0
509,2026-08-29,5966,5800,0.0
509,2026-08-30,5247,5354,0.0
509,2026-08-31,6080,5884,0.0
509,2026-09-01,5544,5695,0.0
509,2026-09-02,5926,5764,0.0
509,2026-09-03,5611,5684,0.0
509,2026-09-04,5471,5462,0.0
509,2026-09-05,5700,5698,0.0
509,2026-09-06,5550,5529,0.0
509,2026-09-07,5683,5652,0.0
509,2026-09-08,5603,5598,0.0
509,2026-09-09,5602,5737,0.0
509,2026-09-10,5707,5588,0.0
510,2026-08-20,10386,10530,0.0
510,2026-08-21,11250,10821,0.0
510,2026-08-22,11383,11328,0.0
510,2026-08-23,10872,10478,0.0
510,2026-08-24,11368,11285,0.0
510,2026-08-25,11520,11268,0.0
510,2026-08-26,10902,11008,0.0
510,2026-08-27,10842,10921,0.0
510,2026-08-28,11069,11178,0.0
510,2026-08-29,10355,10391,0.0
510,2026-08-30,10917,10779,0.0
510,2026-08-31,11081,10846,0.0
510,2026-09-01,10797,11010,0.0
510,2026-09-02,10638,10933,0.0
510,2026-09-03,10560,10581,0.0
510,2026-09-04,10600,10900,0.0
510,2026-09-05,10584,10449,0.0
510,2026-09-06,10300,10422,0.0
510,2026-09-07,10759,10740,0.0
510,2026-09-08,11395,11054,0.0
510,2026-09-09,11114,10761,0.0
510,2026-09-10,10510,10793,0.0
511,2026-08-20,11596,11359,0.0
511,2026-08-21,10268,10569,0.0
511,2026-08-22,10727,10809,0.0
511,2026-08-23,11149,10946,0.0
511,2026-08-24,11313,10973,0.0
511,2026-08-25,10448,10493,0.0
511,2026-08-26,11224,11232,0.0
511,2026-08-27,11060,10732,0.0
511,2026-08-28,11249,11112,0.0
511,2026-08-29,11596,11532,0.0
511,2026-08-30,11260,10986,0.0
511,2026-08-31,10652,10884,0.0
511,2026-09-01,11170,11017,0.0
511,2026-09-02,11554,11228,0.0
511,2026-09-03,10190,10466,0.0
511,2026-09-04,8108,10761,0.0
511,2026-09-05,9201,11379,0.0
511,2026-09-06,8486,11189,0.0
511,2026-09-07,8455,11457,0.0
511,2026-09-08,8453,10692,0.0
511,2026-09-09,8265,11032,0.0
511,2026-09-10,8607,10578,0.0
512,2026-08-20,14743,14856,0.0
512,2026-08-21,16169,15885,0.0
512,2026-08-22,15079,15329,0.0
512,2026-08-23,15244,15654,0.0
512,2026-08-24,15766,15678,0.0
512,2026-08-25,15065,15520,0.0
512,2026-08-26,14379,14541,0.0
512,2026-08-27,15569,15050,0.0
512,2026-08-28,14396,14610,0.0
512,2026-08-29,15236,14941,0.0
512,2026-08-30,15874,15585,0.0
512,2026-08-31,15568,15743,0.0
512,2026-09-01,16077,15857,0.0
512,2026-09-02,14855,14546,0.0
512,2026-09-03,15336,15137,0.0
512,2026-09-04,15595,15665,0.0
512,2026-09-05,14868,14727,0.0
512,2026-09-06,15639,15354,0.0
512,2026-09-07,15320,15644,0.0
512,2026-09-08,15426,15323,0.0
512,2026-09-09,14868,15172,0.0
512,2026-09-10,15932,15442,0.0
513,2026-08-20,4091,4050,0.0
513,2026-08-21,4002,4065,0.0
513,2026-08-22,4057,4001,0.0
513,2026-08-23,4098,4216,0.0
513,2026-08-24,4173,4059,0.0
513,2026-08-25,4339,4198,0.0
513,2026-08-26,4147,4051,0.0
513,2026-08-27,4185,4065,0.0
513,2026-08-28,4276,4136,0.0
513,2026-08-29,4057,4025,0.0
513,2026-08-30,3995,3985,0.0
513,2026-08-31,4101,4049,0.0
513,2026-09-01,4177,4184,0.0
513,2026-09-02,4114,4165,0.0
513,2026-09-03,3922,3880,0.0
513,2026-09-04,3828,3849,0.0
513,2026-09-05,4077,4102,0.0
513,2026-09-06,4227,4224,0.0
513,2026-09-07,4159,4190,0.0
513,2026-09-08,4071,4129,0.0
513,2026-09-09,4295,4133,0.0
513,2026-09-10,3913,3887,0.0
514,2026-08-20,15805,15723,0.0
514,2026-08-21,15428,15652,0.0
514,2026-08-22,16451,16211,0.0
514,2026-08-23,17383,16742,0.0
514,2026-08-24,16977,16911,0.0
514,2026-08-25,15563,15625,0.0
514,2026-08-26,16886,16987,0.0
514,2026-08-27,17067,16998,0.0
514,2026-08-28,17527,16886,0.0
514,2026-08-29,15244,15551,0.0
514,2026-08-30,15528,15871,0.0
514,2026-08-31,16457,16622,0.0
514,2026-09-01,16789,16842,0.0
514,2026-09-02,16246,16118,0.0
514,2026-09-03,16043,16032,0.0
514,2026-09-04,15821,15653,0.0
514,2026-09-05,15630,15617,0.0
514,2026-09-06,16743,16577,0.0
514,2026-09-07,15987,16011,0.0
514,2026-09-08,16233,15928,0.0
514,2026-09-09,16585,16626,0.0
514,2026-09-10,16391,16154,0.0
515,2026-08-20,7229,7000,0.0
515,2026-08-21,7118,7027,0.0
515,2026-08-22,6862,6958,0.0
515,2026-08-23,6834,6784,0.0
515,2026-08-24,6924,6830,0.0
515,2026-08-25,6797,6961,0.0
515,2026-08-26,6915,6760,0.0
515,2026-08-27,6447,6572,0.0
515,2026-08-28,6665,6826,0.0
515,2026-08-29,6904,6752,0.0
515,2026-08-30,6460,6651,0.0
515,2026-08-31,6668,6488,0.0
515,2026-09-01,7093,6858,0.0
515,2026-09-02,6841,7020,0.0
515,2026-09-03,6622,6816,0.0
515,2026-09-04,6986,6855,0.0
515,2026-09-05,6816,6566,0.0
515,2026-09-06,7255,7054,0.0
515,2026-09-07,6636,6765,0.0
515,2026-09-08,6679,6657,0.0
515,2026-09-09,6892,6817,0.0
515,2026-09-10,6774,6628,0.0
516,2026-08-20,16441,16729,0.0
516,2026-08-21,16686,16338,0.0
516,2026-08-22,16975,17253,0.0
516,2026-08-23,16665,16997,0.0
516,2026-08-24,17832,17293,0.0
516,2026-08-25,17157,16639,0.0
516,2026-08-26,17749,17426,0.0
516,2026-08-27,16500,16670,0.0
516,2026-08-28,16522,16461,0.0
516,2026-08-29,17137,17030,0.0
516,2026-08-30,16682,16485,0.0
516,2026-08-31,16761,16934,0.0
516,2026-09-01,17658,17357,0.0
516,2026-09-02,16880,16317,0.0
516,2026-09-03,16745,16883,0.0
516,2026-09-04,16804,16848,0.0
516,2026-09-05,17340,17172,0.0
516,2026-09-06,17458,17666,0.0
516,2026-09-07,17125,16828,0.0
516,2026-09-08,16670,16919,0.0
516,2026-09-09,18342,17668,0.0
516,2026-09-10,16548,16828,0.0
517,2026-08-20,21947,21359,0.0
517,2026-08-21,23270,22411,0.0
517,2026-08-22,23942,23181,0.0
517,2026-08-23,23030,22277,0.0
517,2026-08-24,22922,22780,0.0
517,2026-08-25,22611,22400,0.0
517,2026-08-26,22839,23249,0.0
517,2026-08-27,20876,21252,0.0
517,2026-08-28,21558,21969,0.0
517,2026-08-29,22915,23097,0.0
517,2026-08-30,22747,22301,0.0
517,2026-08-31,22032,22130,0.0
517,2026-09-01,22556,23198,0.0
517,2026-09-02,21387,21447,0.0
517,2026-09-03,22759,22926,0.0
517,2026-09-04,21020,21512,0.0
517,2026-09-05,21192,21359,0.0
517,2026-09-06,23032,22195,0.0
517,2026-09-07,21366,21579,0.0
517,2026-09-08,23227,22838,0.0
517,2026-09-09,22697,23094,0.0
517,2026-09-10,22398,22675,0.0
518,2026-08-20,8479,8680,0.0
518,2026-08-21,8925,8649,0.0
518,2026-08-22,8513,8750,0.0
518,2026-08-23,9158,9410,0.0
518,2026-08-24,9049,8979,0.0
518,2026-08-25,8802,8668,0.0
518,2026-08-26,9117,9084,0.0
518,2026-08-27,9060,8917,0.0
518,2026-08-28,9180,8949,0.0
518,2026-08-29,8567,8703,0.0
518,2026-08-30,8480,8682,0.0
518,2026-08-31,8765,8575,0.0
518,2026-09-01,9433,9316,0.0
518,2026-09-02,8630,8602,0.0
518,2026-09-03,9364,9326,0.0
518,2026-09-04,9545,9379,0.0
518,2026-09-05,8527,8631,0.0
518,2026-09-06,8806,8621,0.0
518,2026-09-07,8975,8872,0.0
518,2026-09-08,9387,9300,0.0
518,2026-09-09,9372,9030,0.0
518,2026-09-10,8822,8591,0.0
519,2026-08-20,4532,4622,0.0
519,2026-08-21,5032,4845,0.0
519,2026-08-22,4651,4549,0.0
519,2026-08-23,4656,4542,0.0
519,2026-08-24,4658,4508,0.0
519,2026-08-25,4555,4573,0.0
519,2026-08-26,4656,4702,0.0
519,2026-08-27,4878,4809,0.0
519,2026-08-28,4845,4707,0.0
519,2026-08-29,4667,4793,0.0
519,2026-08-30,4477,4600,0.0
519,2026-08-31,4781,4640,0.0
519,2026-09-01,4931,4837,0.0
519,2026-09-02,4521,4463,0.0
519,2026-09-03,4943,4797,0.0
519,2026-09-04,4737,4723,0.0
519,2026-09-05,4494,4409,0.0
519,2026-09-06,4694,4542,0.0
519,2026-09-07,4658,4718,0.0
519,2026-09-08,4361,4459,0.0
519,2026-09-09,4943,4830,0.0
519,2026-09-10,4428,4511,0.0
520,2026-08-20,11409,11525,0.0
520,2026-08-21,12005,11694,0.0
520,2026-08-22,11079,10929,0.0
520,2026-08-23,10970,11299,0.0
520,2026-08-24,11112,11022,0.0
520,2026-08-25,11454,11178,0.0
520,2026-08-26,10927,10919,0.0
520,2026-08-27,11357,11400,0.0
520,2026-08-28,11356,11284,0.0
520,2026-08-29,11419,11010,0.0
520,2026-08-30,10612,10878,0.0
520,2026-08-31,10799,11130,0.0
520,2026-09-01,11174,11193,0.0
520,2026-09-02,11035,10667,0.0
520,2026-09-03,11804,11589,0.0
520,2026-09-04,11581,11167,0.0
520,2026-09-05,10833,10805,0.0
520,2026-09-06,11615,11464,0.0
520,2026-09-07,11013,10959,0.0
520,2026-09-08,10778,11100,0.0
520,2026-09-09,11286,11401,0.0
520,2026-09-10,10877,10933,0.0
521,2026-08-20,24228,23811,0.0
521,2026-08-21,25057,25684,0.0
521,2026-08-22,24069,24182,0.0
521,2026-08-23,24562,24162,0.0
521,2026-08-24,24903,24741,0.0
521,2026-08-25,24310,24935,0.0
521,2026-08-26,25602,25350,0.0
521,2026-08-27,25616,25422,0.0
521,2026-08-28,23913,23446,0.0
521,2026-08-29,24897,25422,0.0
521,2026-08-30,23910,24240,0.0
521,2026-08-31,24356,24994,0.0
521,2026-09-01,26138,25523,0.0
521,2026-09-02,25906,24924,0.0
521,2026-09-03,24475,24892,0.0
521,2026-09-04,26046,25171,0.0
521,2026-09-05,23854,23986,0.0
521,2026-09-06,25448,24530,0.0
521,2026-09-07,25728,25316,0.0
521,2026-09-08,23911,24192,0.0
521,2026-09-09,25023,24560,0.0
521,2026-09-10,23854,23561,0.0
522,2026-08-20,16072,16380,0.0
522,2026-08-21,16024,16442,0.0
522,2026-08-22,16342,16215,0.0
522,2026-08-23,15128,15237,0.0
522,2026-08-24,16352,16108,0.0
522,2026-08-25,15793,15992,0.0
522,2026-08-26,15659,15084,0.0
522,2026-08-27,15178,15448,0.0
522,2026-08-28,16149,16038,0.0
522,2026-08-29,15678,15487,0.0
522,2026-08-30,16093,16200,0.0
522,2026-08-31,15406,15663,0.0
522,2026-09-01,15859,15670,0.0
522,2026-09-02,15845,15724,0.0
522,2026-09-03,15648,16038,0.0
522,2026-09-04,15079,14989,0.0
522,2026-09-05,15017,15043,0.0
522,2026-09-06,16592,16425,0.0
522,2026-09-07,16308,15791,0.0
522,2026-09-08,15242,15396,0.0
522,2026-09-09,16216,16164,0.0
522,2026-09-10,15542,15927,0.0
523,2026-08-20,12058,11599,0.0
523,2026-08-21,11149,11256,0.0
523,2026-08-22,12163,11779,0.0
523,2026-08-23,11209,11183,0.0
523,2026-08-24,11530,11456,0.0
523,2026-08-25,11050,11118,0.0
523,2026-08-26,11727,11492,0.0
523,2026-08-27,11534,11629,0.0
523,2026-08-28,11390,11055,0.0
523,2026-08-29,11393,10997,0.0
523,2026-08-30,11055,11262,0.0
523,2026-08-31,10779,10828,0.0
523,2026-09-01,11984,11555,0.0
523,2026-09-02,11062,11146,0.0
523,2026-09-03,10826,10793,0.0
523,2026-09-04,11184,11461,0.0
523,2026-09-05,12169,11848,0.0
523,2026-09-06,10979,11188,0.0
523,2026-09-07,11633,11373,0.0
523,2026-09-08,10536,10799,0.0
523,2026-09-09,11195,11244,0.0
523,2026-09-10,11193,10904,0.0
524,2026-08-20,15199,15619,0.0
524,2026-08-21,16363,16399,0.0
524,2026-08-22,16304,16312,0.0
524,2026-08-23,16063,16235,0.0
524,2026-08-24,15714,15736,0.0
524,2026-08-25,16400,16110,0.0
524,2026-08-26,15566,15420,0.0
524,2026-08-27,15574,15872,0.0
524,2026-08-28,16290,16405,0.0
524,2026-08-29,15685,15929,0.0
524,2026-08-30,15779,15458,0.0
524,2026-08-31,15764,15520,0.0
524,2026-09-01,15154,15347,0.0
524,2026-09-02,16383,15913,0.0
524,2026-09-03,16760,16191,0.0
524,2026-09-04,16673,16589,0.0
524,2026-09-05,16515,16286,0.0
524,2026-09-06,16970,16383,0.0
524,2026-09-07,15613,15612,0.0
524,2026-09-08,15879,16071,0.0
524,2026-09-09,9167,16323,0.0
524,2026-09-10,7644,15135,0.0
525,2026-08-20,4576,4667,0.0
525,2026-08-21,4328,4436,0.0
525,2026-08-22,4424,4495,0.0
525,2026-08-23,4604,4608,0.0
525,2026-08-24,4567,4678,0.0
525,2026-08-25,4680,4655,0.0
525,2026-08-26,4529,4537,0.0
525,2026-08-27,4935,4845,0.0
525,2026-08-28,4497,4450,0.0
525,2026-08-29,4654,4484,0.0
525,2026-08-30,4664,4643,0.0
525,2026-08-31,4414,4419,0.0
525,2026-09-01,4843,4700,0.0
525,2026-09-02,4728,4773,0.0
525,2026-09-03,4745,4770,0.0
525,2026-09-04,4702,4795,0.0
525,2026-09-05,4631,4585,0.0
525,2026-09-06,4440,4512,0.0
525,2026-09-07,4656,4690,0.0
525,2026-09-08,5028,4871,0.0
525,2026-09-09,4576,4693,0.0
525,2026-09-10,4909,4764,0.0
526,2026-08-20,5157,4990,0.0
526,2026-08-21,5056,5107,0.0
526,2026-08-22,5030,4908,0.0
526,2026-08-23,5067,5215,0.0
526,2026-08-24,5042,5180,0.0
526,2026-08-25,4976,4823,0.0
526,2026-08-26,5185,5182,0.0
526,2026-08-27,5121,4956,0.0
526,2026-08-28,4771,4912,0.0
526,2026-08-29,5466,5260,0.0
526,2026-08-30,4803,4859,0.0
526,2026-08-31,4910,4805,0.0
526,2026-09-01,5276,5233,0.0
526,2026-09-02,5186,5270,0.0
526,2026-09-03,5095,4913,0.0
526,2026-09-04,5388,5232,0.0
526,2026-09-05,5030,5103,0.0
526,2026-09-06,4834,4852,0.0
526,2026-09-07,4856,4836,0.0
526,2026-09-08,5036,5181,0.0
526,2026-09-09,5102,5029,0.0
526,2026-09-10,4743,4854,0.0
527,2026-08-20,19759,19967,0.0
527,2026-08-21,19260,19288,0.0
527,2026-08-22,19982,19630,0.0
527,2026-08-23,19555,18907,0.0
527,2026-08-24,20255,19853,0.0
527,2026-08-25,21039,20398,0.0
527,2026-08-26,19161,19570,0.0
527,2026-08-27,19563,20122,0.0
527,2026-08-28,19564,19756,0.0
527,2026-08-29,21053,20460,0.0
527,2026-08-30,18952,19240,0.0
527,2026-08-31,20500,19817,0.0
527,2026-09-01,19394,18670,0.0
527,2026-09-02,19209,19709,0.0
527,2026-09-03,20642,20116,0.0
527,2026-09-04,19627,19858,0.0
527,2026-09-05,19602,19217,0.0
527,2026-09-06,20113,20265,0.0
527,2026-09-07,19126,19250,0.0
527,2026-09-08,19375,18701,0.0
527,2026-09-09,19442,19249,0.0
527,2026-09-10,19681,19490,0.0
528,2026-08-20,40446,38988,0.0
528,2026-08-21,38063,38245,0.0
528,2026-08-22,35879,36308,0.0
528,2026-08-23,34827,35893,0.0
528,2026-08-24,38462,38259,0.0
528,2026-08-25,30771,38558,4.6
528,2026-08-26,40450,39298,0.0
528,2026-08-27,37460,36126,0.0
528,2026-08-28,36253,37284,0.0
528,2026-08-29,36404,36295,0.0
528,2026-08-30,35873,36822,0.0
528,2026-08-31,27859,37058,0.0
528,2026-09-01,31021,39293,0.0
528,2026-09-02,29122,36440,0.0
528,2026-09-03,31001,38173,0.0
528,2026-09-04,27090,36108,0.0
528,2026-09-05,25453,37625,3.8
528,2026-09-06,26962,36567,0.0
528,2026-09-07,30241,38590,0.0
528,2026-09-08,27452,35786,0.0
528,2026-09-09,30045,38183,0.0
528,2026-09-10,28812,38607,0.0
529,2026-07-09,20052,19329,0.0
529,2026-07-10,18260,17849,0.0
529,2026-07-11,19349,19171,0.0
529,2026-07-12,19031,18719,0.0
529,2026-07-13,18233,18355,0.0
529,2026-07-14,17679,17759,0.0
529,2026-07-15,18232,18393,0.0
529,2026-07-16,17960,18463,0.0
529,2026-07-17,19122,18769,0.0
529,2026-07-18,17764,17742,0.0
529,2026-07-19,19717,19120,0.0
529,2026-07-20,17812,17896,0.0
529,2026-07-21,18694,19056,0.0
529,2026-07-22,18374,18532,0.0
529,2026-07-23,18649,19012,0.0
529,2026-07-24,18216,17800,0.0
529,2026-07-25,17239,17611,0.0
529,2026-07-26,18442,17887,0.0
529,2026-07-27,18471,18342,0.0
529,2026-07-28,19376,18756,0.0
529,2026-07-29,18861,19255,0.0
529,2026-07-30,18163,17635,0.0
529,2026-07-31,18857,18260,0.0
529,2026-08-01,18167,18173,0.0
529,2026-08-02,17988,17558,0.0
529,2026-08-03,19100,18966,0.0
529,2026-08-04,19591,18866,0.0
529,2026-08-05,18241,17660,0.0
529,2026-08-06,17666,17808,0.0
529,2026-08-07,18135,18415,0.0
529,2026-08-08,19556,19003,0.0
529,2026-08-09,18805,19219,0.0
529,2026-08-10,17809,18001,0.0
529,2026-08-11,17904,18173,0.0
529,2026-08-12,17998,18497,0.0
529,2026-08-13,19092,18586,0.0
529,2026-08-14,19511,19014,0.0
529,2026-08-15,18068,18572,0.0
529,2026-08-16,17515,17540,0.0
529,2026-08-17,19607,19204,0.0
529,2026-08-18,18820,18248,0.0
529,2026-08-19,18297,18474,0.0
529,2026-08-20,18392,18464,0.0
529,2026-08-21,17646,17803,0.0
529,2026-08-22,18046,18359,0.0
529,2026-08-23,18102,18151,0.0
529,2026-08-24,18657,18780,0.0
529,2026-08-25,19689,19136,0.0
529,2026-08-26,17618,17764,0.0
529,2026-08-27,18086,18413,0.0
529,2026-08-28,18085,18614,0.0
529,2026-08-29,17807,18166,0.0
529,2026-08-30,19395,19023,0.0
529,2026-08-31,17871,18018,0.0
529,2026-09-01,19477,18909,0.0
529,2026-09-02,17957,18285,0.0
529,2026-09-03,18774,19274,0.0
529,2026-09-04,17763,17855,0.0
529,2026-09-05,19792,19301,0.0
529,2026-09-06,18563,18332,0.0
529,2026-09-07,18163,17838,0.0
529,2026-09-08,18643,19190,0.0
529,2026-09-09,17827,18089,0.0
529,2026-09-10,18911,18331,0.0
530,2026-07-09,7327,7436,0.0
530,2026-07-10,7547,7753,0.0
530,2026-07-11,7895,7847,0.0
530,2026-07-12,7301,7413,0.0
530,2026-07-13,7250,7353,0.0
530,2026-07-14,7825,7792,0.0
530,2026-07-15,7738,7862,0.0
530,2026-07-16,7408,7529,0.0
530,2026-07-17,7689,7660,0.0
530,2026-07-18,7349,7348,0.0
530,2026-07-19,8228,8034,0.0
530,2026-07-20,7654,7713,0.0
530,2026-07-21,7692,7649,0.0
530,2026-07-22,8273,8062,0.0
530,2026-07-23,7851,7923,0.0
530,2026-07-24,8163,7959,0.0
530,2026-07-25,8011,7751,0.0
530,2026-07-26,7622,7820,0.0
530,2026-07-27,7982,7738,0.0
530,2026-07-28,7214,7322,0.0
530,2026-07-29,7579,7678,0.0
530,2026-07-30,7590,7547,0.0
530,2026-07-31,7430,7379,0.0
530,2026-08-01,7806,7895,0.0
530,2026-08-02,7938,7794,0.0
530,2026-08-03,7506,7398,0.0
530,2026-08-04,8033,7957,0.0
530,2026-08-05,7585,7709,0.0
530,2026-08-06,7769,7780,0.0
530,2026-08-07,7334,7318,0.0
530,2026-08-08,7360,7377,0.0
530,2026-08-09,8190,8029,0.0
530,2026-08-10,7876,7918,0.0
530,2026-08-11,7799,8016,0.0
530,2026-08-12,7986,7781,0.0
530,2026-08-13,7536,7701,0.0
530,2026-08-14,7965,7766,0.0
530,2026-08-15,7356,7381,0.0
530,2026-08-16,7675,7706,0.0
530,2026-08-17,7459,7675,0.0
530,2026-08-18,7800,7637,0.0
530,2026-08-19,7488,7651,0.0
530,2026-08-20,7144,7361,0.0
530,2026-08-21,7489,7619,0.0
530,2026-08-22,7278,7390,0.0
530,2026-08-23,7601,7430,0.0
530,2026-08-24,7674,7443,0.0
530,2026-08-25,7567,7588,0.0
530,2026-08-26,7583,7353,0.0
530,2026-08-27,7600,7781,0.0
530,2026-08-28,7917,7621,0.0
530,2026-08-29,7285,7505,0.0
530,2026-08-30,7367,7417,0.0
530,2026-08-31,7711,7724,0.0
530,2026-09-01,7850,8021,0.0
530,2026-09-02,7729,7930,0.0
530,2026-09-03,7573,7644,0.0
530,2026-09-04,7379,7301,0.0
530,2026-09-05,7333,7490,0.0
530,2026-09-06,7416,7381,0.0
530,2026-09-07,8116,7836,0.0
530,2026-09-08,7579,7397,0.0
530,2026-09-09,7857,7581,0.0
530,2026-09-10,7601,7393,0.0
531,2026-07-09,4408,4486,0.0
531,2026-07-10,4332,4221,0.0
531,2026-07-11,4360,4400,0.0
531,2026-07-12,4513,4410,0.0
531,2026-07-13,4410,4443,0.0
531,2026-07-14,4377,4222,0.0
531,2026-07-15,4327,4169,0.0
531,2026-07-16,4452,4545,0.0
531,2026-07-17,4509,4414,0.0
531,2026-07-18,4514,4562,0.0
531,2026-07-19,4418,4487,0.0
531,2026-07-20,4472,4362,0.0
531,2026-07-21,4506,4520,0.0
531,2026-07-22,4147,4140,0.0
531,2026-07-23,4256,4367,0.0
531,2026-07-24,4536,4503,0.0
531,2026-07-25,4405,4430,0.0
531,2026-07-26,4223,4262,0.0
531,2026-07-27,4236,4181,0.0
531,2026-07-28,4453,4556,0.0
531,2026-07-29,4176,4260,0.0
531,2026-07-30,4555,4551,0.0
531,2026-07-31,4396,4351,0.0
531,2026-08-01,4127,4178,0.0
531,2026-08-02,4479,4502,0.0
531,2026-08-03,4159,4282,0.0
531,2026-08-04,4408,4329,0.0
531,2026-08-05,4370,4244,0.0
531,2026-08-06,4314,4181,0.0
531,2026-08-07,4469,4430,0.0
531,2026-08-08,4488,4407,0.0
531,2026-08-09,4263,4311,0.0
531,2026-08-10,4293,4216,0.0
531,2026-08-11,4238,4278,0.0
531,2026-08-12,4385,4235,0.0
531,2026-08-13,4431,4374,0.0
531,2026-08-14,4209,4337,0.0
531,2026-08-15,4057,4143,0.0
531,2026-08-16,4590,4466,0.0
531,2026-08-17,4582,4451,0.0
531,2026-08-18,4538,4565,0.0
531,2026-08-19,4319,4366,0.0
531,2026-08-20,4081,4191,0.0
531,2026-08-21,4348,4344,0.0
531,2026-08-22,4121,4136,0.0
531,2026-08-23,4454,4561,0.0
531,2026-08-24,4320,4322,0.0
531,2026-08-25,4295,4279,0.0
531,2026-08-26,4222,4217,0.0
531,2026-08-27,4582,4489,0.0
531,2026-08-28,4199,4251,0.0
531,2026-08-29,4321,4187,0.0
531,2026-08-30,4259,4150,0.0
531,2026-08-31,4266,4263,0.0
531,2026-09-01,4363,4452,0.0
531,2026-09-02,4331,4463,0.0
531,2026-09-03,4177,4140,0.0
531,2026-09-04,4188,4254,0.0
531,2026-09-05,4377,4449,0.0
531,2026-09-06,4328,4430,0.0
531,2026-09-07,4232,4206,0.0
531,2026-09-08,4454,4450,0.0
531,2026-09-09,4226,4251,0.0
531,2026-09-10,4449,4333,0.0
532,2026-07-09,8561,8677,0.0
532,2026-07-10,9141,9252,0.0
532,2026-07-11,8581,8767,0.0
532,2026-07-12,9012,8954,0.0
532,2026-07-13,9586,9239,0.0
532,2026-07-14,9300,9158,0.0
532,2026-07-15,8922,8637,0.0
532,2026-07-16,9551,9248,0.0
532,2026-07-17,8954,8687,0.0
532,2026-07-18,9080,9344,0.0
532,2026-07-19,9163,9324,0.0
532,2026-07-20,8739,8843,0.0
532,2026-07-21,8752,8661,0.0
532,2026-07-22,8984,8929,0.0
532,2026-07-23,9110,9318,0.0
532,2026-07-24,9074,8792,0.0
532,2026-07-25,9569,9275,0.0
532,2026-07-26,9321,9140,0.0
532,2026-07-27,8477,8652,0.0
532,2026-07-28,8878,9099,0.0
532,2026-07-29,8751,8632,0.0
532,2026-07-30,8705,8529,0.0
532,2026-07-31,8681,8500,0.0
532,2026-08-01,8903,9080,0.0
532,2026-08-02,9255,9352,0.0
532,2026-08-03,9003,8657,0.0
532,2026-08-04,9132,8976,0.0
532,2026-08-05,9116,8983,0.0
532,2026-08-06,9140,9176,0.0
532,2026-08-07,9094,9236,0.0
532,2026-08-08,8820,8601,0.0
532,2026-08-09,9065,9139,0.0
532,2026-08-10,8551,8666,0.0
532,2026-08-11,8962,8995,0.0
532,2026-08-12,8786,8658,0.0
532,2026-08-13,9220,8943,0.0
532,2026-08-14,9507,9311,0.0
532,2026-08-15,9148,9030,0.0
532,2026-08-16,9142,9110,0.0
532,2026-08-17,9040,9109,0.0
532,2026-08-18,9385,9123,0.0
532,2026-08-19,9038,8752,0.0
532,2026-08-20,8706,8776,0.0
532,2026-08-21,9191,9022,0.0
532,2026-08-22,8701,8659,0.0
532,2026-08-23,9276,9009,0.0
532,2026-08-24,8896,8629,0.0
532,2026-08-25,8801,8939,0.0
532,2026-08-26,9149,9076,0.0
532,2026-08-27,9128,9338,0.0
532,2026-08-28,8689,8707,0.0
532,2026-08-29,9114,9198,0.0
532,2026-08-30,9269,9028,0.0
532,2026-08-31,8518,8721,0.0
532,2026-09-01,8747,8945,0.0
532,2026-09-02,9112,9198,0.0
532,2026-09-03,9182,9165,0.0
532,2026-09-04,8872,8721,0.0
532,2026-09-05,8638,8552,0.0
532,2026-09-06,9249,9093,0.0
532,2026-09-07,5693,9332,0.0
532,2026-09-08,5241,9064,0.0
532,2026-09-09,5459,8844,0.0
532,2026-09-10,4800,8651,0.0
533,2026-07-09,26359,26260,0.0
533,2026-07-10,25864,26148,0.0
533,2026-07-11,20527,24864,3.9
533,2026-07-12,25248,25549,0.0
533,2026-07-13,25414,25174,0.0
533,2026-07-14,26598,26792,0.0
533,2026-07-15,25460,24999,0.0
533,2026-07-16,27648,26792,0.0
533,2026-07-17,26875,25863,0.0
533,2026-07-18,26010,25760,0.0
533,2026-07-19,27056,26337,0.0
533,2026-07-20,25588,26064,0.0
533,2026-07-21,26213,26605,0.0
533,2026-07-22,24998,25591,0.0
533,2026-07-23,26864,26107,0.0
533,2026-07-24,25712,26122,0.0
533,2026-07-25,25711,26195,0.0
533,2026-07-26,25558,25181,0.0
533,2026-07-27,25094,25479,0.0
533,2026-07-28,24259,24725,0.0
533,2026-07-29,25861,26501,0.0
533,2026-07-30,26405,25934,0.0
533,2026-07-31,26432,26741,0.0
533,2026-08-01,27193,27157,0.0
533,2026-08-02,25976,25118,0.0
533,2026-08-03,22742,24853,1.5
533,2026-08-04,24588,24898,0.0
533,2026-08-05,26020,26551,0.0
533,2026-08-06,25722,24814,0.0
533,2026-08-07,24815,24749,0.0
533,2026-08-08,25716,26082,0.0
533,2026-08-09,26420,26721,0.0
533,2026-08-10,25811,26098,0.0
533,2026-08-11,26899,26119,0.0
533,2026-08-12,27000,26160,0.0
533,2026-08-13,25313,24916,0.0
533,2026-08-14,25129,25038,0.0
533,2026-08-15,26356,26917,0.0
533,2026-08-16,24584,24814,0.0
533,2026-08-17,25878,26362,0.0
533,2026-08-18,26657,25900,0.0
533,2026-08-19,27167,26284,0.0
533,2026-08-20,23995,25497,1.9
533,2026-08-21,24472,24828,0.0
533,2026-08-22,24139,24678,0.0
533,2026-08-23,25335,25066,0.0
533,2026-08-24,25621,24914,0.0
533,2026-08-25,25714,26225,0.0
533,2026-08-26,26503,26090,0.0
533,2026-08-27,27333,26935,0.0
533,2026-08-28,25632,24861,0.0
533,2026-08-29,24765,24622,0.0
533,2026-08-30,24761,24738,0.0
533,2026-08-31,27152,26511,0.0
533,2026-09-01,26625,26152,0.0
533,2026-09-02,26142,26339,0.0
533,2026-09-03,24916,24989,0.0
533,2026-09-04,26302,26809,0.0
533,2026-09-05,26830,26695,0.0
533,2026-09-06,27164,27057,0.0
533,2026-09-07,26876,26673,0.0
533,2026-09-08,26555,25944,0.0
533,2026-09-09,24438,25057,0.0
533,2026-09-10,25321,25585,0.0
534,2026-07-09,3280,3299,0.0
534,2026-07-10,3124,3174,0.0
534,2026-07-11,3121,3062,0.0
534,2026-07-12,3058,3121,0.0
534,2026-07-13,3232,3241,0.0
534,2026-07-14,3215,3136,0.0
534,2026-07-15,3210,3284,0.0
534,2026-07-16,3395,3268,0.0
534,2026-07-17,3056,3034,0.0
534,2026-07-18,3024,3048,0.0
534,2026-07-19,3156,3067,0.0
534,2026-07-20,3145,3104,0.0
534,2026-07-21,3376,3306,0.0
534,2026-07-22,3338,3321,0.0
534,2026-07-23,3097,3032,0.0
534,2026-07-24,3146,3146,0.0
534,2026-07-25,3160,3197,0.0
534,2026-07-26,3060,3093,0.0
534,2026-07-27,3261,3178,0.0
534,2026-07-28,3228,3127,0.0
534,2026-07-29,3116,3054,0.0
534,2026-07-30,3258,3175,0.0
534,2026-07-31,3285,3257,0.0
534,2026-08-01,3270,3265,0.0
534,2026-08-02,3142,3121,0.0
534,2026-08-03,3179,3113,0.0
534,2026-08-04,3126,3122,0.0
534,2026-08-05,3036,3082,0.0
534,2026-08-06,3094,3139,0.0
534,2026-08-07,3130,3210,0.0
534,2026-08-08,3083,3055,0.0
534,2026-08-09,3159,3094,0.0
534,2026-08-10,3336,3310,0.0
534,2026-08-11,3400,3328,0.0
534,2026-08-12,3290,3244,0.0
534,2026-08-13,3370,3267,0.0
534,2026-08-14,3026,3057,0.0
534,2026-08-15,3442,3316,0.0
534,2026-08-16,3087,3140,0.0
534,2026-08-17,3196,3249,0.0
534,2026-08-18,2994,3085,0.0
534,2026-08-19,2963,3038,0.0
534,2026-08-20,3187,3186,0.0
534,2026-08-21,3185,3160,0.0
534,2026-08-22,3384,3264,0.0
534,2026-08-23,3083,3028,0.0
534,2026-08-24,3212,3123,0.0
534,2026-08-25,3093,3116,0.0
534,2026-08-26,3226,3235,0.0
534,2026-08-27,3151,3082,0.0
534,2026-08-28,3187,3240,0.0
534,2026-08-29,3101,3051,0.0
534,2026-08-30,3165,3061,0.0
534,2026-08-31,3109,3060,0.0
534,2026-09-01,3230,3289,0.0
534,2026-09-02,3433,3323,0.0
534,2026-09-03,2980,3033,0.0
534,2026-09-04,3267,3253,0.0
534,2026-09-05,3310,3190,0.0
534,2026-09-06,2973,3025,0.0
534,2026-09-07,3204,3157,0.0
534,2026-09-08,3364,3249,0.0
534,2026-09-09,3044,3030,0.0
534,2026-09-10,3141,3071,0.0
535,2026-07-09,3217,3270,0.0
535,2026-07-10,3296,3206,0.0
535,2026-07-11,3202,3094,0.0
535,2026-07-12,3189,3175,0.0
535,2026-07-13,3284,3215,0.0
535,2026-07-14,3137,3216,0.0
535,2026-07-15,3277,3241,0.0
535,2026-07-16,3009,3074,0.0
535,2026-07-17,3011,3099,0.0
535,2026-07-18,3264,3261,0.0
535,2026-07-19,3152,3176,0.0
535,2026-07-20,2992,3027,0.0
535,2026-07-21,3154,3127,0.0
535,2026-07-22,3438,3323,0.0
535,2026-07-23,3278,3216,0.0
535,2026-07-24,3251,3333,0.0
535,2026-07-25,3341,3217,0.0
535,2026-07-26,3110,3087,0.0
535,2026-07-27,3333,3209,0.0
535,2026-07-28,3295,3223,0.0
535,2026-07-29,3097,3072,0.0
535,2026-07-30,3096,3096,0.0
535,2026-07-31,2988,3029,0.0
535,2026-08-01,3150,3243,0.0
535,2026-08-02,3317,3203,0.0
535,2026-08-03,3410,3317,0.0
535,2026-08-04,3335,3262,0.0
535,2026-08-05,3175,3088,0.0
535,2026-08-06,3105,3047,0.0
535,2026-08-07,1799,3044,0.0
535,2026-08-08,1817,3156,0.0
535,2026-08-09,1928,3306,0.0
535,2026-08-10,1903,3158,0.0
535,2026-08-11,1965,3254,0.0
535,2026-08-12,1842,3185,0.0
535,2026-08-13,1774,3028,0.0
535,2026-08-14,1898,3219,0.0
535,2026-08-15,1857,3310,0.0
535,2026-08-16,1973,3309,0.0
535,2026-08-17,1788,3077,0.0
535,2026-08-18,1818,3261,0.0
535,2026-08-19,1832,3185,0.0
535,2026-08-20,1949,3302,0.0
535,2026-08-21,1884,3191,0.0
535,2026-08-22,1878,3230,0.0
535,2026-08-23,1679,3045,0.0
535,2026-08-24,1992,3342,0.0
535,2026-08-25,1900,3277,0.0
535,2026-08-26,1953,3317,0.0
535,2026-08-27,1779,3098,0.0
535,2026-08-28,1816,3070,0.0
535,2026-08-29,1987,3295,0.0
535,2026-08-30,1924,3183,0.0
535,2026-08-31,1931,3165,0.0
535,2026-09-01,1693,3036,0.0
535,2026-09-02,1909,3267,0.0
535,2026-09-03,1693,3026,0.0
535,2026-09-04,1874,3089,0.0
535,2026-09-05,1847,3110,0.0
535,2026-09-06,1712,3103,0.0
535,2026-09-07,1745,3109,0.0
535,2026-09-08,1813,3054,0.0
535,2026-09-09,1801,3130,0.0
535,2026-09-10,1825,3263,0.0
536,2026-07-09,20998,21317,0.0
536,2026-07-10,20796,21150,0.0
536,2026-07-11,21194,21179,0.0
536,2026-07-12,21790,22447,0.0
536,2026-07-13,22332,22307,0.0
536,2026-07-14,22312,21558,0.0
536,2026-07-15,21976,22509,0.0
536,2026-07-16,22535,21693,0.0
536,2026-07-17,22379,22548,0.0
536,2026-07-18,21290,21861,0.0
536,2026-07-19,22300,21677,0.0
536,2026-07-20,22864,22065,0.0
536,2026-07-21,23447,22873,0.0
536,2026-07-22,21491,21221,0.0
536,2026-07-23,22206,22208,0.0
536,2026-07-24,22157,21951,0.0
536,2026-07-25,20791,21404,0.0
536,2026-07-26,22500,22598,0.0
536,2026-07-27,20683,21234,0.0
536,2026-07-28,20953,21131,0.0
536,2026-07-29,16208,23066,6.8
536,2026-07-30,21551,21884,0.0
536,2026-07-31,22340,22262,0.0
536,2026-08-01,21136,21291,0.0
536,2026-08-02,23609,22867,0.0
536,2026-08-03,22560,21714,0.0
536,2026-08-04,23672,22852,0.0
536,2026-08-05,22061,21854,0.0
536,2026-08-06,22250,22452,0.0
536,2026-08-07,21561,21220,0.0
536,2026-08-08,20974,21601,0.0
536,2026-08-09,22600,22089,0.0
536,2026-08-10,23599,22862,0.0
536,2026-08-11,22360,21761,0.0
536,2026-08-12,21088,21394,0.0
536,2026-08-13,22356,21682,0.0
536,2026-08-14,22119,21739,0.0
536,2026-08-15,23223,22540,0.0
536,2026-08-16,22346,22684,0.0
536,2026-08-17,20380,21731,2.1
536,2026-08-18,22770,22928,0.0
536,2026-08-19,18930,21210,2.4
536,2026-08-20,22624,22075,0.0
536,2026-08-21,23054,22927,0.0
536,2026-08-22,21799,22151,0.0
536,2026-08-23,20654,21239,0.0
536,2026-08-24,22558,22885,0.0
536,2026-08-25,22766,22322,0.0
536,2026-08-26,23100,22589,0.0
536,2026-08-27,23512,22853,0.0
536,2026-08-28,21697,21661,0.0
536,2026-08-29,21340,21542,0.0
536,2026-08-30,22240,22835,0.0
536,2026-08-31,23212,22502,0.0
536,2026-09-01,22664,22239,0.0
536,2026-09-02,22005,22494,0.0
536,2026-09-03,20751,21035,0.0
536,2026-09-04,20910,21364,0.0
536,2026-09-05,21258,21101,0.0
536,2026-09-06,22206,21638,0.0
536,2026-09-07,23139,22914,0.0
536,2026-09-08,22792,23097,0.0
536,2026-09-09,22252,22830,0.0
536,2026-09-10,23271,22571,0.0
537,2026-07-09,10715,10401,0.0
537,2026-07-10,11039,10945,0.0
537,2026-07-11,9979,10173,0.0
537,2026-07-12,9935,10229,0.0
537,2026-07-13,11288,11036,0.0
537,2026-07-14,10875,10764,0.0
537,2026-07-15,10210,10253,0.0
537,2026-07-16,10576,10324,0.0
537,2026-07-17,10838,10750,0.0
537,2026-07-18,10417,10298,0.0
537,2026-07-19,9963,10149,0.0
537,2026-07-20,10874,10651,0.0
537,2026-07-21,9905,10048,0.0
537,2026-07-22,10119,10108,0.0
537,2026-07-23,10086,10092,0.0
537,2026-07-24,10979,10878,0.0
537,2026-07-25,10763,11009,0.0
537,2026-07-26,10579,10669,0.0
537,2026-07-27,9969,10129,0.0
537,2026-07-28,10442,10283,0.0
537,2026-07-29,11034,11007,0.0
537,2026-07-30,10421,10374,0.0
537,2026-07-31,10982,10606,0.0
537,2026-08-01,10543,10726,0.0
537,2026-08-02,10664,10976,0.0
537,2026-08-03,10072,10359,0.0
537,2026-08-04,10679,10381,0.0
537,2026-08-05,10467,10392,0.0
537,2026-08-06,10439,10621,0.0
537,2026-08-07,10934,11059,0.0
537,2026-08-08,11112,11064,0.0
537,2026-08-09,10999,10792,0.0
537,2026-08-10,10748,10394,0.0
537,2026-08-11,10427,10069,0.0
537,2026-08-12,10629,10357,0.0
537,2026-08-13,10085,10176,0.0
537,2026-08-14,10162,10105,0.0
537,2026-08-15,11163,10778,0.0
537,2026-08-16,10761,10715,0.0
537,2026-08-17,10727,10685,0.0
537,2026-08-18,11124,10814,0.0
537,2026-08-19,11079,10894,0.0
537,2026-08-20,9035,11058,3.9
537,2026-08-21,10190,10035,0.0
537,2026-08-22,10729,10785,0.0
537,2026-08-23,10191,10334,0.0
537,2026-08-24,10036,10147,0.0
537,2026-08-25,10667,10569,0.0
537,2026-08-26,10495,10525,0.0
537,2026-08-27,10409,10549,0.0
537,2026-08-28,10078,10307,0.0
537,2026-08-29,9849,10051,0.0
537,2026-08-30,9872,10141,0.0
537,2026-08-31,10355,10670,0.0
537,2026-09-01,10192,10042,0.0
537,2026-09-02,10925,10523,0.0
537,2026-09-03,10728,10928,0.0
537,2026-09-04,10223,10351,0.0
537,2026-09-05,10911,11020,0.0
537,2026-09-06,10212,10304,0.0
537,2026-09-07,11422,11055,0.0
537,2026-09-08,10270,10572,0.0
537,2026-09-09,10679,10586,0.0
537,2026-09-10,10202,10445,0.0
538,2026-07-09,2566,2602,0.0
538,2026-07-10,2647,2713,0.0
538,2026-07-11,2668,2622,0.0
538,2026-07-12,2672,2610,0.0
538,2026-07-13,2764,2696,0.0
538,2026-07-14,2598,2514,0.0
538,2026-07-15,2564,2573,0.0
538,2026-07-16,2597,2622,0.0
538,2026-07-17,2619,2618,0.0
538,2026-07-18,2678,2681,0.0
538,2026-07-19,2758,2720,0.0
538,2026-07-20,2670,2598,0.0
538,2026-07-21,2660,2732,0.0
538,2026-07-22,2571,2619,0.0
538,2026-07-23,2741,2679,0.0
538,2026-07-24,2573,2564,0.0
538,2026-07-25,2679,2711,0.0
538,2026-07-26,2679,2735,0.0
538,2026-07-27,2499,2524,0.0
538,2026-07-28,2612,2626,0.0
538,2026-07-29,2584,2551,0.0
538,2026-07-30,2517,2495,0.0
538,2026-07-31,2635,2672,0.0
538,2026-08-01,2558,2615,0.0
538,2026-08-02,2665,2651,0.0
538,2026-08-03,2727,2673,0.0
538,2026-08-04,2749,2677,0.0
538,2026-08-05,2611,2548,0.0
538,2026-08-06,2660,2618,0.0
538,2026-08-07,2496,2541,0.0
538,2026-08-08,2740,2701,0.0
538,2026-08-09,2576,2494,0.0
538,2026-08-10,2680,2654,0.0
538,2026-08-11,2518,2506,0.0
538,2026-08-12,2803,2720,0.0
538,2026-08-13,2796,2730,0.0
538,2026-08-14,2470,2535,0.0
538,2026-08-15,2637,2559,0.0
538,2026-08-16,2452,2521,0.0
538,2026-08-17,1773,2557,0.0
538,2026-08-18,1838,2543,0.0
538,2026-08-19,1863,2596,0.0
538,2026-08-20,1928,2547,0.0
538,2026-08-21,1874,2707,0.0
538,2026-08-22,1840,2573,0.0
538,2026-08-23,2021,2662,0.0
538,2026-08-24,1863,2647,0.0
538,2026-08-25,1779,2551,0.0
538,2026-08-26,2020,2651,0.0
538,2026-08-27,1892,2601,0.0
538,2026-08-28,1831,2628,0.0
538,2026-08-29,2048,2721,0.0
538,2026-08-30,1856,2520,0.0
538,2026-08-31,2030,2725,0.0
538,2026-09-01,2021,2644,0.0
538,2026-09-02,1866,2576,0.0
538,2026-09-03,1891,2578,0.0
538,2026-09-04,1775,2550,0.0
538,2026-09-05,1933,2616,0.0
538,2026-09-06,1924,2529,0.0
538,2026-09-07,1975,2555,0.0
538,2026-09-08,1902,2554,0.0
538,2026-09-09,1957,2706,0.0
538,2026-09-10,1977,2679,0.0
539,2026-07-09,8619,8791,0.0
539,2026-07-10,9274,9236,0.0
539,2026-07-11,9228,8884,0.0
539,2026-07-12,8824,8666,0.0
539,2026-07-13,9060,9150,0.0
539,2026-07-14,9269,9305,0.0
539,2026-07-15,8662,8622,0.0
539,2026-07-16,8595,8678,0.0
539,2026-07-17,9082,9038,0.0
539,2026-07-18,9097,9340,0.0
539,2026-07-19,9243,9178,0.0
539,2026-07-20,9038,9148,0.0
539,2026-07-21,9579,9283,0.0
539,2026-07-22,8571,8593,0.0
539,2026-07-23,8399,8618,0.0
539,2026-07-24,8702,8745,0.0
539,2026-07-25,9057,8711,0.0
539,2026-07-26,8619,8720,0.0
539,2026-07-27,8670,8811,0.0
539,2026-07-28,9172,9303,0.0
539,2026-07-29,8279,8475,0.0
539,2026-07-30,8394,8502,0.0
539,2026-07-31,9214,8913,0.0
539,2026-08-01,8725,8709,0.0
539,2026-08-02,8391,8649,0.0
539,2026-08-03,9239,8982,0.0
539,2026-08-04,9197,9303,0.0
539,2026-08-05,9239,9073,0.0
539,2026-08-06,9082,9178,0.0
539,2026-08-07,8738,8635,0.0
539,2026-08-08,8960,9094,0.0
539,2026-08-09,9517,9234,0.0
539,2026-08-10,8395,8554,0.0
539,2026-08-11,8531,8594,0.0
539,2026-08-12,8804,8580,0.0
539,2026-08-13,9203,9213,0.0
539,2026-08-14,9269,8940,0.0
539,2026-08-15,9513,9255,0.0
539,2026-08-16,9434,9115,0.0
539,2026-08-17,8423,8646,0.0
539,2026-08-18,8325,8543,0.0
539,2026-08-19,8630,8655,0.0
539,2026-08-20,8785,8568,0.0
539,2026-08-21,9059,8868,0.0
539,2026-08-22,9070,8859,0.0
539,2026-08-23,8658,8707,0.0
539,2026-08-24,8476,8697,0.0
539,2026-08-25,8649,8619,0.0
539,2026-08-26,8973,8765,0.0
539,2026-08-27,9630,9328,0.0
539,2026-08-28,9169,9161,0.0
539,2026-08-29,9408,9304,0.0
539,2026-08-30,9187,9080,0.0
539,2026-08-31,8636,8816,0.0
539,2026-09-01,8925,8704,0.0
539,2026-09-02,9140,9047,0.0
539,2026-09-03,8584,8818,0.0
539,2026-09-04,9085,9340,0.0
539,2026-09-05,9409,9305,0.0
539,2026-09-06,8929,9092,0.0
539,2026-09-07,9329,9194,0.0
539,2026-09-08,9322,9240,0.0
539,2026-09-09,8926,8898,0.0
539,2026-09-10,8877,9019,0.0
540,2026-07-09,3124,3032,0.0
540,2026-07-10,2945,2997,0.0
540,2026-07-11,3250,3136,0.0
540,2026-07-12,3267,3195,0.0
540,2026-07-13,3100,3164,0.0
540,2026-07-14,3221,3127,0.0
540,2026-07-15,3067,3066,0.0
540,2026-07-16,3308,3253,0.0
540,2026-07-17,3160,3177,0.0
540,2026-07-18,3242,3158,0.0
540,2026-07-19,3010,3057,0.0
540,2026-07-20,3230,3127,0.0
540,2026-07-21,3042,2964,0.0
540,2026-07-22,3144,3103,0.0
540,2026-07-23,3159,3106,0.0
540,2026-07-24,3288,3235,0.0
540,2026-07-25,2979,3036,0.0
540,2026-07-26,3254,3205,0.0
540,2026-07-27,3277,3166,0.0
540,2026-07-28,3083,3092,0.0
540,2026-07-29,3129,3191,0.0
540,2026-07-30,3381,3258,0.0
540,2026-07-31,3167,3142,0.0
540,2026-08-01,3240,3141,0.0
540,2026-08-02,3263,3238,0.0
540,2026-08-03,3170,3215,0.0
540,2026-08-04,3195,3196,0.0
540,2026-08-05,3102,3097,0.0
540,2026-08-06,3126,3084,0.0
540,2026-08-07,3094,3003,0.0
540,2026-08-08,2927,2967,0.0
540,2026-08-09,3183,3105,0.0
540,2026-08-10,3030,3043,0.0
540,2026-08-11,3096,3049,0.0
540,2026-08-12,3325,3261,0.0
540,2026-08-13,3075,3119,0.0
540,2026-08-14,2905,2984,0.0
540,2026-08-15,2986,3010,0.0
540,2026-08-16,3028,3004,0.0
540,2026-08-17,3328,3242,0.0
540,2026-08-18,2975,2967,0.0
540,2026-08-19,3244,3229,0.0
540,2026-08-20,3276,3168,0.0
540,2026-08-21,3196,3131,0.0
540,2026-08-22,3242,3249,0.0
540,2026-08-23,3037,3093,0.0
540,2026-08-24,3017,3096,0.0
540,2026-08-25,2934,3017,0.0
540,2026-08-26,3048,3004,0.0
540,2026-08-27,3073,2971,0.0
540,2026-08-28,3205,3264,0.0
540,2026-08-29,3108,3055,0.0
540,2026-08-30,2980,2989,0.0
540,2026-08-31,3122,3065,0.0
540,2026-09-01,3232,3222,0.0
540,2026-09-02,3116,3088,0.0
540,2026-09-03,3355,3228,0.0
540,2026-09-04,3102,3119,0.0
540,2026-09-05,3160,3246,0.0
540,2026-09-06,3154,3129,0.0
540,2026-09-07,3090,3141,0.0
540,2026-09-08,3213,3266,0.0
540,2026-09-09,3110,3046,0.0
540,2026-09-10,3228,3185,0.0
541,2026-07-09,4201,4274,0.0
541,2026-07-10,4351,4300,0.0
541,2026-07-11,4454,4352,0.0
541,2026-07-12,4275,4295,0.0
541,2026-07-13,4307,4175,0.0
541,2026-07-14,4174,4239,0.0
541,2026-07-15,4252,4216,0.0
541,2026-07-16,4283,4398,0.0
541,2026-07-17,4438,4300,0.0
541,2026-07-18,4596,4504,0.0
541,2026-07-19,4132,4170,0.0
541,2026-07-20,4255,4161,0.0
541,2026-07-21,4430,4481,0.0
541,2026-07-22,4531,4451,0.0
541,2026-07-23,4328,4281,0.0
541,2026-07-24,4547,4458,0.0
541,2026-07-25,4288,4151,0.0
541,2026-07-26,4563,4508,0.0
541,2026-07-27,4361,4280,0.0
541,2026-07-28,4089,4203,0.0
541,2026-07-29,4505,4417,0.0
541,2026-07-30,4381,4502,0.0
541,2026-07-31,4497,4349,0.0
541,2026-08-01,4280,4268,0.0
541,2026-08-02,4195,4126,0.0
541,2026-08-03,4036,4114,0.0
541,2026-08-04,4551,4400,0.0
541,2026-08-05,4437,4437,0.0
541,2026-08-06,4113,4175,0.0
541,2026-08-07,4187,4241,0.0
541,2026-08-08,4275,4363,0.0
541,2026-08-09,4428,4532,0.0
541,2026-08-10,4552,4386,0.0
541,2026-08-11,4368,4377,0.0
541,2026-08-12,4323,4423,0.0
541,2026-08-13,4312,4176,0.0
541,2026-08-14,4400,4454,0.0
541,2026-08-15,4471,4352,0.0
541,2026-08-16,4383,4485,0.0
541,2026-08-17,4319,4277,0.0
541,2026-08-18,4123,4172,0.0
541,2026-08-19,4222,4145,0.0
541,2026-08-20,4344,4241,0.0
541,2026-08-21,4432,4345,0.0
541,2026-08-22,4466,4469,0.0
541,2026-08-23,4261,4114,0.0
541,2026-08-24,4534,4481,0.0
541,2026-08-25,4317,4324,0.0
541,2026-08-26,4367,4311,0.0
541,2026-08-27,4389,4315,0.0
541,2026-08-28,4303,4418,0.0
541,2026-08-29,4501,4410,0.0
541,2026-08-30,4300,4402,0.0
541,2026-08-31,4405,4278,0.0
541,2026-09-01,4413,4454,0.0
541,2026-09-02,4537,4512,0.0
541,2026-09-03,4508,4352,0.0
541,2026-09-04,4080,4120,0.0
541,2026-09-05,4525,4454,0.0
541,2026-09-06,4236,4361,0.0
541,2026-09-07,4430,4339,0.0
541,2026-09-08,4193,4158,0.0
541,2026-09-09,4415,4307,0.0
541,2026-09-10,4124,4234,0.0
542,2026-07-09,2685,2757,0.0
542,2026-07-10,2852,2919,0.0
542,2026-07-11,2848,2884,0.0
542,2026-07-12,3019,2981,0.0
542,2026-07-13,2873,2882,0.0
542,2026-07-14,2896,2877,0.0
542,2026-07-15,2758,2737,0.0
542,2026-07-16,2803,2770,0.0
542,2026-07-17,3035,2958,0.0
542,2026-07-18,2967,2956,0.0
542,2026-07-19,2985,3005,0.0
542,2026-07-20,2895,2873,0.0
542,2026-07-21,2855,2928,0.0
542,2026-07-22,2962,2908,0.0
542,2026-07-23,2903,2948,0.0
542,2026-07-24,3126,3014,0.0
542,2026-07-25,2943,2913,0.0
542,2026-07-26,2816,2892,0.0
542,2026-07-27,3036,2939,0.0
542,2026-07-28,2857,2788,0.0
542,2026-07-29,2828,2730,0.0
542,2026-07-30,2905,2989,0.0
542,2026-07-31,2966,3003,0.0
542,2026-08-01,2869,2917,0.0
542,2026-08-02,3024,2928,0.0
542,2026-08-03,2976,2915,0.0
542,2026-08-04,2854,2819,0.0
542,2026-08-05,2928,2955,0.0
542,2026-08-06,3030,2949,0.0
542,2026-08-07,3069,2963,0.0
542,2026-08-08,2835,2739,0.0
542,2026-08-09,3091,2979,0.0
542,2026-08-10,2864,2840,0.0
542,2026-08-11,2801,2779,0.0
542,2026-08-12,2877,2784,0.0
542,2026-08-13,2849,2891,0.0
542,2026-08-14,2925,2906,0.0
542,2026-08-15,2751,2777,0.0
542,2026-08-16,2917,2988,0.0
542,2026-08-17,2811,2810,0.0
542,2026-08-18,2984,2976,0.0
542,2026-08-19,2789,2778,0.0
542,2026-08-20,2910,2933,0.0
542,2026-08-21,2789,2825,0.0
542,2026-08-22,2858,2860,0.0
542,2026-08-23,2707,2754,0.0
542,2026-08-24,2743,2772,0.0
542,2026-08-25,2921,2861,0.0
542,2026-08-26,2905,2802,0.0
542,2026-08-27,2938,2929,0.0
542,2026-08-28,2756,2762,0.0
542,2026-08-29,2764,2795,0.0
542,2026-08-30,2828,2788,0.0
542,2026-08-31,2869,2950,0.0
542,2026-09-01,2975,2879,0.0
542,2026-09-02,2942,2975,0.0
542,2026-09-03,2736,2790,0.0
542,2026-09-04,2815,2891,0.0
542,2026-09-05,3060,2962,0.0
542,2026-09-06,2761,2794,0.0
542,2026-09-07,2907,2839,0.0
542,2026-09-08,2786,2731,0.0
542,2026-09-09,3007,2921,0.0
542,2026-09-10,2888,2956,0.0
543,2026-07-09,32266,33133,0.0
543,2026-07-10,31105,30413,0.0
543,2026-07-11,31355,31861,0.0
543,2026-07-12,31371,30650,0.0
543,2026-07-13,30631,31013,0.0
543,2026-07-14,32656,33148,0.0
543,2026-07-15,29634,30516,0.0
543,2026-07-16,29599,30438,0.0
543,2026-07-17,31800,31055,0.0
543,2026-07-18,30239,30366,0.0
543,2026-07-19,31002,30458,0.0
543,2026-07-20,30999,31208,0.0
543,2026-07-21,30787,31195,0.0
543,2026-07-22,30947,30485,0.0
543,2026-07-23,31775,32301,0.0
543,2026-07-24,33705,32571,0.0
543,2026-07-25,31088,31235,0.0
543,2026-07-26,30931,31670,0.0
543,2026-07-27,32510,31286,0.0
543,2026-07-28,30827,31001,0.0
543,2026-07-29,31294,30330,0.0
543,2026-07-30,31407,31042,0.0
543,2026-07-31,31982,31052,0.0
543,2026-08-01,31841,31745,0.0
543,2026-08-02,30358,30327,0.0
543,2026-08-03,32256,32984,0.0
543,2026-08-04,31067,31691,0.0
543,2026-08-05,30069,30850,0.0
543,2026-08-06,32389,32114,0.0
543,2026-08-07,31563,31955,0.0
543,2026-08-08,31790,30913,0.0
543,2026-08-09,31838,31019,0.0
543,2026-08-10,31251,31058,0.0
543,2026-08-11,33902,32996,0.0
543,2026-08-12,30697,30136,0.0
543,2026-08-13,31553,31827,0.0
543,2026-08-14,31893,31702,0.0
543,2026-08-15,32294,31960,0.0
543,2026-08-16,31907,30959,0.0
543,2026-08-17,29217,30119,0.0
543,2026-08-18,33285,32937,0.0
543,2026-08-19,30831,30968,0.0
543,2026-08-20,30785,30329,0.0
543,2026-08-21,30360,30055,0.0
543,2026-08-22,32376,31566,0.0
543,2026-08-23,32141,33014,0.0
543,2026-08-24,29995,30723,0.0
543,2026-08-25,30974,30650,0.0
543,2026-08-26,32277,31465,0.0
543,2026-08-27,30919,31554,0.0
543,2026-08-28,30546,30968,0.0
543,2026-08-29,31994,32644,0.0
543,2026-08-30,32945,32483,0.0
543,2026-08-31,30333,30782,0.0
543,2026-09-01,31970,31767,0.0
543,2026-09-02,33237,32461,0.0
543,2026-09-03,29981,30246,0.0
543,2026-09-04,30103,30430,0.0
543,2026-09-05,31119,30276,0.0
543,2026-09-06,18141,31027,0.0
543,2026-09-07,18073,32904,0.0
543,2026-09-08,17012,32136,0.0
543,2026-09-09,17295,30055,0.0
543,2026-09-10,17570,31683,0.0
544,2026-07-09,6135,5948,0.0
544,2026-07-10,5864,5940,0.0
544,2026-07-11,6264,6157,0.0
544,2026-07-12,5686,5662,0.0
544,2026-07-13,6109,6029,0.0
544,2026-07-14,6290,6073,0.0
544,2026-07-15,6211,6123,0.0
544,2026-07-16,5598,5767,0.0
544,2026-07-17,5712,5687,0.0
544,2026-07-18,5866,6031,0.0
544,2026-07-19,6342,6123,0.0
544,2026-07-20,5662,5834,0.0
544,2026-07-21,5582,5747,0.0
544,2026-07-22,5863,5857,0.0
544,2026-07-23,6072,6074,0.0
544,2026-07-24,6263,6172,0.0
544,2026-07-25,6304,6103,0.0
544,2026-07-26,5603,5695,0.0
544,2026-07-27,6104,6144,0.0
544,2026-07-28,5865,6010,0.0
544,2026-07-29,5632,5703,0.0
544,2026-07-30,6117,6235,0.0
544,2026-07-31,5950,5906,0.0
544,2026-08-01,5870,5859,0.0
544,2026-08-02,6127,6186,0.0
544,2026-08-03,6370,6139,0.0
544,2026-08-04,5911,5773,0.0
544,2026-08-05,6028,6108,0.0
544,2026-08-06,5875,5992,0.0
544,2026-08-07,5747,5710,0.0
544,2026-08-08,5896,5864,0.0
544,2026-08-09,5855,6000,0.0
544,2026-08-10,6071,6008,0.0
544,2026-08-11,6041,5934,0.0
544,2026-08-12,5895,5673,0.0
544,2026-08-13,6014,5880,0.0
544,2026-08-14,6140,5933,0.0
544,2026-08-15,6349,6120,0.0
544,2026-08-16,6052,5937,0.0
544,2026-08-17,6353,6183,0.0
544,2026-08-18,6000,6129,0.0
544,2026-08-19,6132,6118,0.0
544,2026-08-20,6081,6230,0.0
544,2026-08-21,5964,5820,0.0
544,2026-08-22,5632,5670,0.0
544,2026-08-23,6252,6090,0.0
544,2026-08-24,6032,6114,0.0
544,2026-08-25,6110,6025,0.0
544,2026-08-26,6077,5910,0.0
544,2026-08-27,5915,5835,0.0
544,2026-08-28,6040,5920,0.0
544,2026-08-29,5938,5780,0.0
544,2026-08-30,5829,5946,0.0
544,2026-08-31,6104,6179,0.0
544,2026-09-01,5865,5751,0.0
544,2026-09-02,5600,5705,0.0
544,2026-09-03,5754,5835,0.0
544,2026-09-04,5712,5887,0.0
544,2026-09-05,6098,6061,0.0
544,2026-09-06,5983,5894,0.0
544,2026-09-07,5974,6004,0.0
544,2026-09-08,6405,6196,0.0
544,2026-09-09,5801,5874,0.0
544,2026-09-10,6293,6083,0.0
545,2026-07-09,19633,19664,0.0
545,2026-07-10,19843,19712,0.0
545,2026-07-11,21406,20714,0.0
545,2026-07-12,19550,19138,0.0
545,2026-07-13,19186,19393,0.0
545,2026-07-14,20766,20296,0.0
545,2026-07-15,19961,20475,0.0
545,2026-07-16,19218,19043,0.0
545,2026-07-17,19581,19731,0.0
545,2026-07-18,19352,19832,0.0
545,2026-07-19,19106,19044,0.0
545,2026-07-20,19470,19065,0.0
545,2026-07-21,18788,19166,0.0
545,2026-07-22,19899,20300,0.0
545,2026-07-23,19105,19258,0.0
545,2026-07-24,19242,19737,0.0
545,2026-07-25,19305,19541,0.0
545,2026-07-26,19810,20384,0.0
545,2026-07-27,19572,19559,0.0
545,2026-07-28,21414,20731,0.0
545,2026-07-29,19691,18970,0.0
545,2026-07-30,21197,20496,0.0
545,2026-07-31,20321,20626,0.0
545,2026-08-01,20170,19908,0.0
545,2026-08-02,20010,19871,0.0
545,2026-08-03,19774,19707,0.0
545,2026-08-04,20929,20509,0.0
545,2026-08-05,20492,20401,0.0
545,2026-08-06,19971,19319,0.0
545,2026-08-07,19764,19301,0.0
545,2026-08-08,19672,19912,0.0
545,2026-08-09,20162,20329,0.0
545,2026-08-10,19670,20024,0.0
545,2026-08-11,19858,19771,0.0
545,2026-08-12,21219,20515,0.0
545,2026-08-13,19995,20417,0.0
545,2026-08-14,20478,20894,0.0
545,2026-08-15,20225,20614,0.0
545,2026-08-16,20901,20678,0.0
545,2026-08-17,20016,19843,0.0
545,2026-08-18,20832,20632,0.0
545,2026-08-19,20938,20607,0.0
545,2026-08-20,20219,20112,0.0
545,2026-08-21,19375,19023,0.0
545,2026-08-22,19565,19192,0.0
545,2026-08-23,20216,19641,0.0
545,2026-08-24,21155,20392,0.0
545,2026-08-25,18844,19023,0.0
545,2026-08-26,20606,20611,0.0
545,2026-08-27,19264,19595,0.0
545,2026-08-28,19860,19733,0.0
545,2026-08-29,20733,19988,0.0
545,2026-08-30,20070,20646,0.0
545,2026-08-31,18892,19097,0.0
545,2026-09-01,20345,19642,0.0
545,2026-09-02,19287,19337,0.0
545,2026-09-03,20950,20343,0.0
545,2026-09-04,20930,20424,0.0
545,2026-09-05,19707,19088,0.0
545,2026-09-06,19281,19620,0.0
545,2026-09-07,20071,20528,0.0
545,2026-09-08,20509,20404,0.0
545,2026-09-09,20810,20705,0.0
545,2026-09-10,20292,20478,0.0
546,2026-07-09,7101,7317,0.0
546,2026-07-10,7826,7744,0.0
546,2026-07-11,7923,7660,0.0
546,2026-07-12,7044,7184,0.0
546,2026-07-13,7345,7370,0.0
546,2026-07-14,7078,7281,0.0
546,2026-07-15,7324,7420,0.0
546,2026-07-16,7242,7356,0.0
546,2026-07-17,7793,7705,0.0
546,2026-07-18,7839,7699,0.0
546,2026-07-19,7590,7644,0.0
546,2026-07-20,7659,7694,0.0
546,2026-07-21,7588,7732,0.0
546,2026-07-22,7348,7409,0.0
546,2026-07-23,7384,7314,0.0
546,2026-07-24,7410,7268,0.0
546,2026-07-25,7364,7276,0.0
546,2026-07-26,7566,7641,0.0
546,2026-07-27,6992,7036,0.0
546,2026-07-28,7163,7240,0.0
546,2026-07-29,7411,7593,0.0
546,2026-07-30,7094,7302,0.0
546,2026-07-31,7283,7308,0.0
546,2026-08-01,7357,7386,0.0
546,2026-08-02,7505,7427,0.0
546,2026-08-03,7269,7163,0.0
546,2026-08-04,7599,7489,0.0
546,2026-08-05,7554,7741,0.0
546,2026-08-06,7288,7189,0.0
546,2026-08-07,7144,7284,0.0
546,2026-08-08,7162,7132,0.0
546,2026-08-09,7241,7408,0.0
546,2026-08-10,7702,7723,0.0
546,2026-08-11,7320,7126,0.0
546,2026-08-12,7556,7499,0.0
546,2026-08-13,7534,7394,0.0
546,2026-08-14,7410,7197,0.0
546,2026-08-15,7337,7298,0.0
546,2026-08-16,7287,7328,0.0
546,2026-08-17,7615,7496,0.0
546,2026-08-18,7357,7534,0.0
546,2026-08-19,7778,7712,0.0
546,2026-08-20,7959,7687,0.0
546,2026-08-21,7801,7506,0.0
546,2026-08-22,7207,7146,0.0
546,2026-08-23,7048,7071,0.0
546,2026-08-24,7418,7240,0.0
546,2026-08-25,7235,7171,0.0
546,2026-08-26,7542,7569,0.0
546,2026-08-27,7445,7233,0.0
546,2026-08-28,7297,7216,0.0
546,2026-08-29,7312,7176,0.0
546,2026-08-30,7379,7482,0.0
546,2026-08-31,7703,7703,0.0
546,2026-09-01,7642,7580,0.0
546,2026-09-02,7802,7598,0.0
546,2026-09-03,7724,7721,0.0
546,2026-09-04,7380,7573,0.0
546,2026-09-05,7560,7302,0.0
546,2026-09-06,7783,7667,0.0
546,2026-09-07,7703,7447,0.0
546,2026-09-08,7479,7503,0.0
546,2026-09-09,7354,7385,0.0
546,2026-09-10,7530,7315,0.0
547,2026-07-09,10074,9844,0.0
547,2026-07-10,9789,10037,0.0
547,2026-07-11,9863,10054,0.0
547,2026-07-12,9201,9232,0.0
547,2026-07-13,10155,9860,0.0
547,2026-07-14,9183,9156,0.0
547,2026-07-15,9568,9661,0.0
547,2026-07-16,9310,9579,0.0
547,2026-07-17,9872,9825,0.0
547,2026-07-18,9857,10065,0.0
547,2026-07-19,9195,9152,0.0
547,2026-07-20,10279,10003,0.0
547,2026-07-21,9899,9900,0.0
547,2026-07-22,9624,9520,0.0
547,2026-07-23,9853,9892,0.0
547,2026-07-24,9411,9597,0.0
547,2026-07-25,10072,9767,0.0
547,2026-07-26,9622,9700,0.0
547,2026-07-27,9833,9655,0.0
547,2026-07-28,9514,9672,0.0
547,2026-07-29,10027,9935,0.0
547,2026-07-30,10086,9802,0.0
547,2026-07-31,9246,9517,0.0
547,2026-08-01,9302,9242,0.0
547,2026-08-02,9504,9588,0.0
547,2026-08-03,10204,10101,0.0
547,2026-08-04,10281,9921,0.0
547,2026-08-05,10108,9905,0.0
547,2026-08-06,9810,9972,0.0
547,2026-08-07,9490,9548,0.0
547,2026-08-08,10060,10044,0.0
547,2026-08-09,10142,9759,0.0
547,2026-08-10,9537,9471,0.0
547,2026-08-11,9318,9321,0.0
547,2026-08-12,9803,10091,0.0
547,2026-08-13,10102,9964,0.0
547,2026-08-14,10226,9979,0.0
547,2026-08-15,9694,9712,0.0
547,2026-08-16,9591,9824,0.0
547,2026-08-17,9642,9413,0.0
547,2026-08-18,9451,9338,0.0
547,2026-08-19,9928,9696,0.0
547,2026-08-20,9562,9586,0.0
547,2026-08-21,9668,9492,0.0
547,2026-08-22,9739,9424,0.0
547,2026-08-23,9523,9245,0.0
547,2026-08-24,9450,9217,0.0
547,2026-08-25,9818,9483,0.0
547,2026-08-26,9047,9177,0.0
547,2026-08-27,10090,10088,0.0
547,2026-08-28,9853,9754,0.0
547,2026-08-29,9755,9747,0.0
547,2026-08-30,9169,9224,0.0
547,2026-08-31,9580,9543,0.0
547,2026-09-01,9764,9910,0.0
547,2026-09-02,9448,9196,0.0
547,2026-09-03,9007,9253,0.0
547,2026-09-04,10104,9993,0.0
547,2026-09-05,10241,9973,0.0
547,2026-09-06,9542,9539,0.0
547,2026-09-07,10402,10028,0.0
547,2026-09-08,9701,9886,0.0
547,2026-09-09,9867,9625,0.0
547,2026-09-10,10369,10083,0.0
548,2026-07-09,6524,6624,0.0
548,2026-07-10,6579,6697,0.0
548,2026-07-11,6470,6232,0.0
548,2026-07-12,6678,6616,0.0
548,2026-07-13,6118,6229,0.0
548,2026-07-14,6783,6712,0.0
548,2026-07-15,6827,6675,0.0
548,2026-07-16,6235,6408,0.0
548,2026-07-17,6509,6393,0.0
548,2026-07-18,6179,6182,0.0
548,2026-07-19,6349,6375,0.0
548,2026-07-20,6147,6298,0.0
548,2026-07-21,6754,6622,0.0
548,2026-07-22,6026,6206,0.0
548,2026-07-23,6632,6453,0.0
548,2026-07-24,6839,6598,0.0
548,2026-07-25,6408,6268,0.0
548,2026-07-26,6124,6155,0.0
548,2026-07-27,6436,6281,0.0
548,2026-07-28,6361,6545,0.0
548,2026-07-29,6071,6105,0.0
548,2026-07-30,6636,6540,0.0
548,2026-07-31,6175,6211,0.0
548,2026-08-01,6190,6233,0.0
548,2026-08-02,6139,6315,0.0
548,2026-08-03,6542,6524,0.0
548,2026-08-04,6652,6447,0.0
548,2026-08-05,6671,6502,0.0
548,2026-08-06,6528,6658,0.0
548,2026-08-07,6938,6732,0.0
548,2026-08-08,6169,6352,0.0
548,2026-08-09,6736,6568,0.0
548,2026-08-10,6499,6412,0.0
548,2026-08-11,6527,6517,0.0
548,2026-08-12,6133,6191,0.0
548,2026-08-13,6262,6430,0.0
548,2026-08-14,4249,6240,0.0
548,2026-08-15,3905,6197,0.0
548,2026-08-16,4478,6747,0.0
548,2026-08-17,4356,6404,0.0
548,2026-08-18,4178,6148,0.0
548,2026-08-19,4065,6285,0.0
548,2026-08-20,4233,6373,0.0
548,2026-08-21,4465,6517,0.0
548,2026-08-22,3984,6530,0.0
548,2026-08-23,6667,6535,0.0
548,2026-08-24,6279,6418,0.0
548,2026-08-25,6166,6184,0.0
548,2026-08-26,6651,6415,0.0
548,2026-08-27,6009,6130,0.0
548,2026-08-28,6307,6325,0.0
548,2026-08-29,6576,6671,0.0
548,2026-08-30,6663,6492,0.0
548,2026-08-31,6636,6585,0.0
548,2026-09-01,6680,6568,0.0
548,2026-09-02,6361,6371,0.0
548,2026-09-03,6597,6544,0.0
548,2026-09-04,6554,6375,0.0
548,2026-09-05,6199,6209,0.0
548,2026-09-06,6347,6203,0.0
548,2026-09-07,6898,6642,0.0
548,2026-09-08,6712,6659,0.0
548,2026-09-09,6305,6194,0.0
548,2026-09-10,6036,6118,0.0
549,2026-07-09,31479,32396,0.0
549,2026-07-10,31968,32405,0.0
549,2026-07-11,30991,31508,0.0
549,2026-07-12,32428,31835,0.0
549,2026-07-13,33614,32356,0.0
549,2026-07-14,30642,30610,0.0
549,2026-07-15,33636,33315,0.0
549,2026-07-16,31217,31477,0.0
549,2026-07-17,34466,33206,0.0
549,2026-07-18,20683,30847,0.0
549,2026-07-19,19609,30841,0.0
549,2026-07-20,22074,32437,0.0
549,2026-07-21,19604,30928,0.0
549,2026-07-22,21539,32114,0.0
549,2026-07-23,18964,31185,0.0
549,2026-07-24,21154,33298,0.0
549,2026-07-25,19583,32349,0.0
549,2026-07-26,21502,32743,0.0
549,2026-07-27,19426,30803,0.0
549,2026-07-28,17818,31248,2.8
549,2026-07-29,20479,31430,0.0
549,2026-07-30,20005,32700,0.0
549,2026-07-31,20643,33326,0.0
549,2026-08-01,19607,31432,0.0
549,2026-08-02,20441,33644,0.0
549,2026-08-03,19320,31685,0.0
549,2026-08-04,20262,33021,0.0
549,2026-08-05,21195,33355,0.0
549,2026-08-06,19475,31443,0.0
549,2026-08-07,20094,31638,0.0
549,2026-08-08,18515,31564,3.0
549,2026-08-09,13891,33150,8.5
549,2026-08-10,21407,32848,0.0
549,2026-08-11,19472,31133,0.0
549,2026-08-12,20813,33316,0.0
549,2026-08-13,15224,33469,6.9
549,2026-08-14,18040,32790,3.8
549,2026-08-15,21618,32138,0.0
549,2026-08-16,21815,33195,0.0
549,2026-08-17,21351,32968,0.0
549,2026-08-18,21102,33392,0.0
549,2026-08-19,19203,31265,0.0
549,2026-08-20,21885,32838,0.0
549,2026-08-21,20812,32927,0.0
549,2026-08-22,19015,31122,0.0
549,2026-08-23,19389,31891,0.0
549,2026-08-24,20613,32211,0.0
549,2026-08-25,21091,31202,0.0
549,2026-08-26,20350,31547,0.0
549,2026-08-27,19368,31413,0.0
549,2026-08-28,22084,32782,0.0
549,2026-08-29,19067,31278,0.0
549,2026-08-30,21539,32427,0.0
549,2026-08-31,19971,32901,0.0
549,2026-09-01,20972,32664,0.0
549,2026-09-02,21375,32811,0.0
549,2026-09-03,22282,33626,0.0
549,2026-09-04,22001,33162,0.0
549,2026-09-05,14589,32903,8.1
549,2026-09-06,20637,33740,0.0
549,2026-09-07,19775,31947,0.0
549,2026-09-08,16562,32780,4.9
549,2026-09-09,19977,31046,0.0
549,2026-09-10,20221,33087,0.0
550,2026-07-09,26312,26937,0.0
550,2026-07-10,24039,27553,2.7
550,2026-07-11,26593,26317,0.0
550,2026-07-12,26470,27051,0.0
550,2026-07-13,26926,26187,0.0
550,2026-07-14,27571,27764,0.0
550,2026-07-15,27876,27399,0.0
550,2026-07-16,25177,25646,0.0
550,2026-07-17,26419,27081,0.0
550,2026-07-18,26978,26768,0.0
550,2026-07-19,26780,26740,0.0
550,2026-07-20,28499,27510,0.0
550,2026-07-21,27662,26864,0.0
550,2026-07-22,25697,25562,0.0
550,2026-07-23,27207,28021,0.0
550,2026-07-24,27745,27157,0.0
550,2026-07-25,28418,27854,0.0
550,2026-07-26,27075,26743,0.0
550,2026-07-27,25650,26162,0.0
550,2026-07-28,28464,28152,0.0
550,2026-07-29,27972,27788,0.0
550,2026-07-30,27420,27815,0.0
550,2026-07-31,26577,26174,0.0
550,2026-08-01,27197,27377,0.0
550,2026-08-02,26128,26257,0.0
550,2026-08-03,25822,26200,0.0
550,2026-08-04,26889,26995,0.0
550,2026-08-05,26269,26391,0.0
550,2026-08-06,27313,27129,0.0
550,2026-08-07,25172,25759,0.0
550,2026-08-08,21138,26939,5.2
550,2026-08-09,27571,27744,0.0
550,2026-08-10,27931,27100,0.0
550,2026-08-11,28133,27376,0.0
550,2026-08-12,25899,25863,0.0
550,2026-08-13,27474,27821,0.0
550,2026-08-14,27848,28041,0.0
550,2026-08-15,27728,27501,0.0
550,2026-08-16,26691,26491,0.0
550,2026-08-17,25793,25716,0.0
550,2026-08-18,27160,27776,0.0
550,2026-08-19,26069,26648,0.0
550,2026-08-20,27368,27030,0.0
550,2026-08-21,27840,28182,0.0
550,2026-08-22,26662,26043,0.0
550,2026-08-23,28177,27667,0.0
550,2026-08-24,27180,26428,0.0
550,2026-08-25,27078,27155,0.0
550,2026-08-26,24893,25628,0.0
550,2026-08-27,25541,25813,0.0
550,2026-08-28,26782,27048,0.0
550,2026-08-29,27119,26523,0.0
550,2026-08-30,26953,27657,0.0
550,2026-08-31,26655,27255,0.0
550,2026-09-01,28860,27829,0.0
550,2026-09-02,26918,25935,0.0
550,2026-09-03,28790,27978,0.0
550,2026-09-04,26137,26529,0.0
550,2026-09-05,26706,26298,0.0
550,2026-09-06,28273,27347,0.0
550,2026-09-07,20581,26415,5.2
550,2026-09-08,26174,25936,0.0
550,2026-09-09,26871,27292,0.0
550,2026-09-10,28766,28185,0.0
551,2026-07-09,13358,12918,0.0
551,2026-07-10,11687,11951,0.0
551,2026-07-11,12281,12598,0.0
551,2026-07-12,12434,12452,0.0
551,2026-07-13,12358,11958,0.0
551,2026-07-14,11900,12056,0.0
551,2026-07-15,12265,12148,0.0
551,2026-07-16,12209,12476,0.0
551,2026-07-17,12801,12692,0.0
551,2026-07-18,12525,12328,0.0
551,2026-07-19,12650,12310,0.0
551,2026-07-20,11557,11781,0.0
551,2026-07-21,12236,12409,0.0
551,2026-07-22,11921,11864,0.0
551,2026-07-23,12627,12553,0.0
551,2026-07-24,12501,12758,0.0
551,2026-07-25,12881,12609,0.0
551,2026-07-26,12226,12229,0.0
551,2026-07-27,12585,12159,0.0
551,2026-07-28,12270,12454,0.0
551,2026-07-29,12848,12358,0.0
551,2026-07-30,11622,11966,0.0
551,2026-07-31,12109,12249,0.0
551,2026-08-01,12228,12085,0.0
551,2026-08-02,11995,12044,0.0
551,2026-08-03,12056,11716,0.0
551,2026-08-04,12860,12893,0.0
551,2026-08-05,12222,12085,0.0
551,2026-08-06,11841,11915,0.0
551,2026-08-07,12224,12433,0.0
551,2026-08-08,12117,12487,0.0
551,2026-08-09,11909,11806,0.0
551,2026-08-10,12941,12746,0.0
551,2026-08-11,11905,11855,0.0
551,2026-08-12,12178,12386,0.0
551,2026-08-13,11539,11736,0.0
551,2026-08-14,12339,12572,0.0
551,2026-08-15,13251,12907,0.0
551,2026-08-16,12304,12136,0.0
551,2026-08-17,12299,11918,0.0
551,2026-08-18,12050,12244,0.0
551,2026-08-19,12350,12620,0.0
551,2026-08-20,12414,12728,0.0
551,2026-08-21,11551,11849,0.0
551,2026-08-22,13260,12878,0.0
551,2026-08-23,13163,12858,0.0
551,2026-08-24,13234,12938,0.0
551,2026-08-25,12051,12049,0.0
551,2026-08-26,11908,12225,0.0
551,2026-08-27,12298,12382,0.0
551,2026-08-28,12461,12161,0.0
551,2026-08-29,12764,12347,0.0
551,2026-08-30,11981,12081,0.0
551,2026-08-31,12373,12317,0.0
551,2026-09-01,11943,12006,0.0
551,2026-09-02,12410,12684,0.0
551,2026-09-03,12174,12283,0.0
551,2026-09-04,12078,12194,0.0
551,2026-09-05,12705,12928,0.0
551,2026-09-06,12117,12217,0.0
551,2026-09-07,12406,11991,0.0
551,2026-09-08,12688,12236,0.0
551,2026-09-09,13166,12811,0.0
551,2026-09-10,12340,12718,0.0
552,2026-07-09,23482,23892,0.0
552,2026-07-10,25614,24844,0.0
552,2026-07-11,24029,24608,0.0
552,2026-07-12,25913,25505,0.0
552,2026-07-13,24580,25149,0.0
552,2026-07-14,23941,24375,0.0
552,2026-07-15,22561,23143,0.0
552,2026-07-16,23699,23257,0.0
552,2026-07-17,22839,23285,0.0
552,2026-07-18,24537,25264,0.0
552,2026-07-19,23874,23721,0.0
552,2026-07-20,25575,24595,0.0
552,2026-07-21,23186,23201,0.0
552,2026-07-22,23261,23418,0.0
552,2026-07-23,24509,23603,0.0
552,2026-07-24,24465,24191,0.0
552,2026-07-25,25338,24796,0.0
552,2026-07-26,25420,25382,0.0
552,2026-07-27,25010,24840,0.0
552,2026-07-28,24593,24998,0.0
552,2026-07-29,25088,25164,0.0
552,2026-07-30,24042,24306,0.0
552,2026-07-31,24006,23705,0.0
552,2026-08-01,26154,25423,0.0
552,2026-08-02,24272,23581,0.0
552,2026-08-03,22762,23100,0.0
552,2026-08-04,22760,23093,0.0
552,2026-08-05,24048,24002,0.0
552,2026-08-06,25176,25218,0.0
552,2026-08-07,25155,25500,0.0
552,2026-08-08,23260,23678,0.0
552,2026-08-09,23542,23190,0.0
552,2026-08-10,22878,23382,0.0
552,2026-08-11,24773,24605,0.0
552,2026-08-12,23211,23776,0.0
552,2026-08-13,23868,23340,0.0
552,2026-08-14,23422,23912,0.0
552,2026-08-15,24037,24689,0.0
552,2026-08-16,24503,24377,0.0
552,2026-08-17,24294,23786,0.0
552,2026-08-18,23712,23922,0.0
552,2026-08-19,25345,24659,0.0
552,2026-08-20,24312,24275,0.0
552,2026-08-21,25294,24940,0.0
552,2026-08-22,24345,24679,0.0
552,2026-08-23,24910,25324,0.0
552,2026-08-24,23721,23273,0.0
552,2026-08-25,25067,25410,0.0
552,2026-08-26,24652,23930,0.0
552,2026-08-27,24586,24875,0.0
552,2026-08-28,24207,24731,0.0
552,2026-08-29,24565,23806,0.0
552,2026-08-30,24622,24059,0.0
552,2026-08-31,23885,24561,0.0
552,2026-09-01,25063,25279,0.0
552,2026-09-02,23641,23080,0.0
552,2026-09-03,26229,25306,0.0
552,2026-09-04,24367,24001,0.0
552,2026-09-05,24282,23984,0.0
552,2026-09-06,22782,23322,0.0
552,2026-09-07,24405,24986,0.0
552,2026-09-08,24978,25080,0.0
552,2026-09-09,23003,23217,0.0
552,2026-09-10,26436,25499,0.0
553,2026-07-09,51915,52257,0.0
553,2026-07-10,54209,53703,0.0
553,2026-07-11,58916,57195,0.0
553,2026-07-12,58638,56746,0.0
553,2026-07-13,54309,54569,0.0
553,2026-07-14,52208,53566,0.0
553,2026-07-15,34761,54017,8.9
553,2026-07-16,52313,53829,0.0
553,2026-07-17,54594,54868,0.0
553,2026-07-18,54788,53700,0.0
553,2026-07-19,47035,52966,2.2
553,2026-07-20,54048,53437,0.0
553,2026-07-21,55673,57294,0.0
553,2026-07-22,54288,52680,0.0
553,2026-07-23,55625,54761,0.0
553,2026-07-24,53975,53802,0.0
553,2026-07-25,53942,54666,0.0
553,2026-07-26,55832,54726,0.0
553,2026-07-27,52150,53380,0.0
553,2026-07-28,55056,54778,0.0
553,2026-07-29,57206,56866,0.0
553,2026-07-30,58251,56993,0.0
553,2026-07-31,55873,53979,0.0
553,2026-08-01,53278,53965,0.0
553,2026-08-02,54805,54087,0.0
553,2026-08-03,52599,53817,0.0
553,2026-08-04,52129,53533,0.0
553,2026-08-05,55235,53508,0.0
553,2026-08-06,55609,55284,0.0
553,2026-08-07,55315,56893,0.0
553,2026-08-08,55739,53855,0.0
553,2026-08-09,56396,56657,0.0
553,2026-08-10,56483,55938,0.0
553,2026-08-11,54252,54946,0.0
553,2026-08-12,53017,52483,0.0
553,2026-08-13,52039,52307,0.0
553,2026-08-14,54964,53325,0.0
553,2026-08-15,53179,53707,0.0
553,2026-08-16,48319,55762,3.6
553,2026-08-17,54765,54105,0.0
553,2026-08-18,58948,57274,0.0
553,2026-08-19,58274,57088,0.0
553,2026-08-20,56645,56942,0.0
553,2026-08-21,54282,52513,0.0
553,2026-08-22,54099,53734,0.0
553,2026-08-23,53272,54207,0.0
553,2026-08-24,52732,52505,0.0
553,2026-08-25,56258,57265,0.0
553,2026-08-26,52618,53321,0.0
553,2026-08-27,53272,53451,0.0
553,2026-08-28,54549,52892,0.0
553,2026-08-29,54845,55351,0.0
553,2026-08-30,58194,57398,0.0
553,2026-08-31,54233,54384,0.0
553,2026-09-01,54926,55400,0.0
553,2026-09-02,48168,57226,4.4
553,2026-09-03,55164,54497,0.0
553,2026-09-04,53783,53991,0.0
553,2026-09-05,55242,56180,0.0
553,2026-09-06,55446,55719,0.0
553,2026-09-07,58906,56642,0.0
553,2026-09-08,56330,55660,0.0
553,2026-09-09,51752,53070,0.0
553,2026-09-10,51484,52898,0.0
554,2026-07-09,5724,5625,0.0
554,2026-07-10,5272,5352,0.0
554,2026-07-11,5387,5479,0.0
554,2026-07-12,5586,5384,0.0
554,2026-07-13,5777,5597,0.0
554,2026-07-14,5629,5509,0.0
554,2026-07-15,5560,5510,0.0
554,2026-07-16,5584,5550,0.0
554,2026-07-17,5485,5386,0.0
554,2026-07-18,5774,5581,0.0
554,2026-07-19,5411,5313,0.0
554,2026-07-20,5303,5320,0.0
554,2026-07-21,5335,5250,0.0
554,2026-07-22,5111,5195,0.0
554,2026-07-23,5136,5262,0.0
554,2026-07-24,5265,5204,0.0
554,2026-07-25,5293,5125,0.0
554,2026-07-26,5075,5165,0.0
554,2026-07-27,5438,5490,0.0
554,2026-07-28,5453,5579,0.0
554,2026-07-29,5115,5253,0.0
554,2026-07-30,5419,5213,0.0
554,2026-07-31,5403,5423,0.0
554,2026-08-01,5295,5232,0.0
554,2026-08-02,5451,5366,0.0
554,2026-08-03,5351,5407,0.0
554,2026-08-04,5699,5549,0.0
554,2026-08-05,5194,5287,0.0
554,2026-08-06,5169,5138,0.0
554,2026-08-07,5689,5503,0.0
554,2026-08-08,5374,5287,0.0
554,2026-08-09,5256,5311,0.0
554,2026-08-10,5265,5109,0.0
554,2026-08-11,5120,5210,0.0
554,2026-08-12,5054,5150,0.0
554,2026-08-13,5268,5163,0.0
554,2026-08-14,5693,5604,0.0
554,2026-08-15,5277,5122,0.0
554,2026-08-16,5096,5213,0.0
554,2026-08-17,5430,5459,0.0
554,2026-08-18,5092,5116,0.0
554,2026-08-19,5255,5381,0.0
554,2026-08-20,5744,5589,0.0
554,2026-08-21,5466,5452,0.0
554,2026-08-22,5535,5556,0.0
554,2026-08-23,5249,5297,0.0
554,2026-08-24,5244,5248,0.0
554,2026-08-25,5279,5355,0.0
554,2026-08-26,5210,5092,0.0
554,2026-08-27,5435,5501,0.0
554,2026-08-28,4977,5098,0.0
554,2026-08-29,5280,5428,0.0
554,2026-08-30,5456,5554,0.0
554,2026-08-31,5597,5421,0.0
554,2026-09-01,5178,5262,0.0
554,2026-09-02,5286,5228,0.0
554,2026-09-03,5569,5372,0.0
554,2026-09-04,5281,5307,0.0
554,2026-09-05,5065,5170,0.0
554,2026-09-06,5172,5205,0.0
554,2026-09-07,5499,5494,0.0
554,2026-09-08,5273,5093,0.0
554,2026-09-09,5456,5327,0.0
554,2026-09-10,5519,5310,0.0
555,2026-07-09,6101,6120,0.0
555,2026-07-10,6185,6156,0.0
555,2026-07-11,5678,5774,0.0
555,2026-07-12,5686,5637,0.0
555,2026-07-13,5885,6041,0.0
555,2026-07-14,5764,5612,0.0
555,2026-07-15,5578,5741,0.0
555,2026-07-16,5886,6059,0.0
555,2026-07-17,6011,5858,0.0
555,2026-07-18,5589,5610,0.0
555,2026-07-19,6407,6177,0.0
555,2026-07-20,5864,5988,0.0
555,2026-07-21,6015,6040,0.0
555,2026-07-22,5814,5768,0.0
555,2026-07-23,5544,5670,0.0
555,2026-07-24,5919,5889,0.0
555,2026-07-25,5774,5879,0.0
555,2026-07-26,6312,6180,0.0
555,2026-07-27,6071,6047,0.0
555,2026-07-28,5907,5681,0.0
555,2026-07-29,6190,5960,0.0
555,2026-07-30,5872,6030,0.0
555,2026-07-31,6039,6100,0.0
555,2026-08-01,5978,5925,0.0
555,2026-08-02,5852,5644,0.0
555,2026-08-03,5660,5659,0.0
555,2026-08-04,5692,5839,0.0
555,2026-08-05,6271,6041,0.0
555,2026-08-06,5988,5890,0.0
555,2026-08-07,6059,5927,0.0
555,2026-08-08,6055,5966,0.0
555,2026-08-09,5714,5732,0.0
555,2026-08-10,6114,6071,0.0
555,2026-08-11,5953,5944,0.0
555,2026-08-12,5661,5800,0.0
555,2026-08-13,5993,5796,0.0
555,2026-08-14,5799,5734,0.0
555,2026-08-15,5843,5709,0.0
555,2026-08-16,5972,6137,0.0
555,2026-08-17,5743,5724,0.0
555,2026-08-18,5885,5689,0.0
555,2026-08-19,5632,5694,0.0
555,2026-08-20,5872,5806,0.0
555,2026-08-21,5521,5629,0.0
555,2026-08-22,6040,5963,0.0
555,2026-08-23,5694,5774,0.0
555,2026-08-24,6027,6080,0.0
555,2026-08-25,6259,6068,0.0
555,2026-08-26,5693,5747,0.0
555,2026-08-27,5778,5849,0.0
555,2026-08-28,5629,5665,0.0
555,2026-08-29,5472,5602,0.0
555,2026-08-30,6024,5813,0.0
555,2026-08-31,6189,6017,0.0
555,2026-09-01,6191,5962,0.0
555,2026-09-02,5970,6114,0.0
555,2026-09-03,6213,6146,0.0
555,2026-09-04,5731,5690,0.0
555,2026-09-05,6165,6167,0.0
555,2026-09-06,5890,5836,0.0
555,2026-09-07,5814,5980,0.0
555,2026-09-08,5950,5730,0.0
555,2026-09-09,5734,5812,0.0
555,2026-09-10,5830,5980,0.0
556,2026-07-09,4849,4884,0.0
556,2026-07-10,4897,4934,0.0
556,2026-07-11,5032,4945,0.0
556,2026-07-12,4913,4906,0.0
556,2026-07-13,5090,5076,0.0
556,2026-07-14,5095,5214,0.0
556,2026-07-15,5448,5303,0.0
556,2026-07-16,5302,5220,0.0
556,2026-07-17,4777,4828,0.0
556,2026-07-18,4846,4829,0.0
556,2026-07-19,4728,4840,0.0
556,2026-07-20,4827,4913,0.0
556,2026-07-21,5253,5280,0.0
556,2026-07-22,5244,5144,0.0
556,2026-07-23,5388,5184,0.0
556,2026-07-24,5009,4862,0.0
556,2026-07-25,5369,5184,0.0
556,2026-07-26,5053,5124,0.0
556,2026-07-27,4857,5006,0.0
556,2026-07-28,5025,4933,0.0
556,2026-07-29,5025,4998,0.0
556,2026-07-30,4852,4846,0.0
556,2026-07-31,5319,5173,0.0
556,2026-08-01,4873,4998,0.0
556,2026-08-02,5451,5252,0.0
556,2026-08-03,5094,5122,0.0
556,2026-08-04,5381,5200,0.0
556,2026-08-05,4981,5082,0.0
556,2026-08-06,4778,4839,0.0
556,2026-08-07,4755,4827,0.0
556,2026-08-08,5123,5239,0.0
556,2026-08-09,5001,5045,0.0
556,2026-08-10,5396,5245,0.0
556,2026-08-11,5050,5142,0.0
556,2026-08-12,5364,5298,0.0
556,2026-08-13,5034,4944,0.0
556,2026-08-14,4772,4850,0.0
556,2026-08-15,5199,5208,0.0
556,2026-08-16,4822,4943,0.0
556,2026-08-17,5167,5218,0.0
556,2026-08-18,4847,4808,0.0
556,2026-08-19,5198,5233,0.0
556,2026-08-20,4825,4965,0.0
556,2026-08-21,5098,5172,0.0
556,2026-08-22,5271,5136,0.0
556,2026-08-23,5253,5189,0.0
556,2026-08-24,5145,5297,0.0
556,2026-08-25,5125,5112,0.0
556,2026-08-26,5247,5152,0.0
556,2026-08-27,5294,5235,0.0
556,2026-08-28,5165,5099,0.0
556,2026-08-29,5144,5016,0.0
556,2026-08-30,5263,5152,0.0
556,2026-08-31,4785,4854,0.0
556,2026-09-01,4964,4811,0.0
556,2026-09-02,5421,5267,0.0
556,2026-09-03,5186,5175,0.0
556,2026-09-04,5223,5259,0.0
556,2026-09-05,5368,5271,0.0
556,2026-09-06,5116,5229,0.0
556,2026-09-07,5113,5246,0.0
556,2026-09-08,4826,4825,0.0
556,2026-09-09,5308,5255,0.0
556,2026-09-10,5211,5211,0.0
557,2026-07-09,2569,2548,0.0
557,2026-07-10,2660,2605,0.0
557,2026-07-11,2636,2713,0.0
557,2026-07-12,2782,2677,0.0
557,2026-07-13,2544,2596,0.0
557,2026-07-14,2547,2540,0.0
557,2026-07-15,2618,2688,0.0
557,2026-07-16,2683,2701,0.0
557,2026-07-17,2571,2484,0.0
557,2026-07-18,2456,2467,0.0
557,2026-07-19,2629,2614,0.0
557,2026-07-20,2474,2490,0.0
557,2026-07-21,2507,2486,0.0
557,2026-07-22,2656,2665,0.0
557,2026-07-23,2797,2718,0.0
557,2026-07-24,2532,2514,0.0
557,2026-07-25,2491,2477,0.0
557,2026-07-26,2553,2493,0.0
557,2026-07-27,2661,2695,0.0
557,2026-07-28,2658,2580,0.0
557,2026-07-29,2493,2488,0.0
557,2026-07-30,2705,2610,0.0
557,2026-07-31,2474,2499,0.0
557,2026-08-01,2602,2665,0.0
557,2026-08-02,2609,2652,0.0
557,2026-08-03,2738,2640,0.0
557,2026-08-04,2645,2621,0.0
557,2026-08-05,2624,2562,0.0
557,2026-08-06,2616,2582,0.0
557,2026-08-07,2773,2673,0.0
557,2026-08-08,2658,2621,0.0
557,2026-08-09,2454,2468,0.0
557,2026-08-10,2545,2604,0.0
557,2026-08-11,2455,2479,0.0
557,2026-08-12,2599,2652,0.0
557,2026-08-13,2793,2707,0.0
557,2026-08-14,2550,2597,0.0
557,2026-08-15,2708,2705,0.0
557,2026-08-16,2745,2710,0.0
557,2026-08-17,2531,2602,0.0
557,2026-08-18,2739,2652,0.0
557,2026-08-19,2669,2676,0.0
557,2026-08-20,2582,2611,0.0
557,2026-08-21,2773,2690,0.0
557,2026-08-22,2627,2572,0.0
557,2026-08-23,2802,2712,0.0
557,2026-08-24,2613,2665,0.0
557,2026-08-25,2747,2721,0.0
557,2026-08-26,2564,2577,0.0
557,2026-08-27,2636,2685,0.0
557,2026-08-28,2658,2605,0.0
557,2026-08-29,2496,2509,0.0
557,2026-08-30,2578,2576,0.0
557,2026-08-31,2658,2714,0.0
557,2026-09-01,2582,2582,0.0
557,2026-09-02,2793,2691,0.0
557,2026-09-03,2596,2557,0.0
557,2026-09-04,2544,2518,0.0
557,2026-09-05,2506,2581,0.0
557,2026-09-06,2627,2585,0.0
557,2026-09-07,2684,2717,0.0
557,2026-09-08,2769,2695,0.0
557,2026-09-09,2757,2661,0.0
557,2026-09-10,2478,2463,0.0
558,2026-07-09,9322,9341,0.0
558,2026-07-10,9150,9065,0.0
558,2026-07-11,9714,9433,0.0
558,2026-07-12,9202,9452,0.0
558,2026-07-13,9204,9040,0.0
558,2026-07-14,8815,8721,0.0
558,2026-07-15,9479,9290,0.0
558,2026-07-16,9764,9446,0.0
558,2026-07-17,9455,9455,0.0
558,2026-07-18,9342,9007,0.0
558,2026-07-19,9425,9304,0.0
558,2026-07-20,8594,8842,0.0
558,2026-07-21,9024,8730,0.0
558,2026-07-22,9088,9258,0.0
558,2026-07-23,9426,9102,0.0
558,2026-07-24,8631,8791,0.0
558,2026-07-25,9439,9430,0.0
558,2026-07-26,8821,8600,0.0
558,2026-07-27,9478,9391,0.0
558,2026-07-28,9409,9378,0.0
558,2026-07-29,8681,8750,0.0
558,2026-07-30,9422,9219,0.0
558,2026-07-31,9199,8855,0.0
558,2026-08-01,9208,9434,0.0
558,2026-08-02,8924,9117,0.0
558,2026-08-03,8916,8684,0.0
558,2026-08-04,9810,9500,0.0
558,2026-08-05,9398,9370,0.0
558,2026-08-06,8864,8630,0.0
558,2026-08-07,9100,9259,0.0
558,2026-08-08,9455,9201,0.0
558,2026-08-09,8943,9048,0.0
558,2026-08-10,9295,9064,0.0
558,2026-08-11,9168,9379,0.0
558,2026-08-12,9733,9452,0.0
558,2026-08-13,9061,9301,0.0
558,2026-08-14,9267,9426,0.0
558,2026-08-15,9131,9343,0.0
558,2026-08-16,9406,9179,0.0
558,2026-08-17,9741,9442,0.0
558,2026-08-18,9073,8876,0.0
558,2026-08-19,9114,9380,0.0
558,2026-08-20,9514,9435,0.0
558,2026-08-21,9352,9218,0.0
558,2026-08-22,9441,9330,0.0
558,2026-08-23,8912,8932,0.0
558,2026-08-24,9216,9136,0.0
558,2026-08-25,9096,9056,0.0
558,2026-08-26,9476,9313,0.0
558,2026-08-27,8988,8996,0.0
558,2026-08-28,8811,8739,0.0
558,2026-08-29,9158,9314,0.0
558,2026-08-30,9478,9498,0.0
558,2026-08-31,8736,8901,0.0
558,2026-09-01,8772,8850,0.0
558,2026-09-02,9462,9441,0.0
558,2026-09-03,9634,9266,0.0
558,2026-09-04,9082,8863,0.0
558,2026-09-05,9308,9336,0.0
558,2026-09-06,9487,9411,0.0
558,2026-09-07,8567,8646,0.0
558,2026-09-08,9342,8992,0.0
558,2026-09-09,8523,8734,0.0
558,2026-09-10,8622,8673,0.0
559,2026-07-09,15938,15934,0.0
559,2026-07-10,16812,17208,0.0
559,2026-07-11,17098,17290,0.0
559,2026-07-12,16427,16797,0.0
559,2026-07-13,16175,16555,0.0
559,2026-07-14,16200,16169,0.0
559,2026-07-15,16460,16847,0.0
559,2026-07-16,17347,16890,0.0
559,2026-07-17,16690,16143,0.0
559,2026-07-18,16367,16025,0.0
559,2026-07-19,16808,16654,0.0
559,2026-07-20,16473,16132,0.0
559,2026-07-21,15932,15987,0.0
559,2026-07-22,17075,17216,0.0
559,2026-07-23,16640,16089,0.0
559,2026-07-24,15980,16175,0.0
559,2026-07-25,17292,17379,0.0
559,2026-07-26,16824,16981,0.0
559,2026-07-27,17751,17305,0.0
559,2026-07-28,16659,16347,0.0
559,2026-07-29,17848,17221,0.0
559,2026-07-30,17430,17053,0.0
559,2026-07-31,17227,17152,0.0
559,2026-08-01,17574,17139,0.0
559,2026-08-02,16639,16100,0.0
559,2026-08-03,16291,16219,0.0
559,2026-08-04,16912,16799,0.0
559,2026-08-05,16668,16596,0.0
559,2026-08-06,15881,16317,0.0
559,2026-08-07,15897,16223,0.0
559,2026-08-08,16183,16352,0.0
559,2026-08-09,15909,15993,0.0
559,2026-08-10,17218,16985,0.0
559,2026-08-11,16489,16205,0.0
559,2026-08-12,17622,17296,0.0
559,2026-08-13,15712,16112,0.0
559,2026-08-14,15950,16336,0.0
559,2026-08-15,16844,16803,0.0
559,2026-08-16,15856,16256,0.0
559,2026-08-17,16515,16506,0.0
559,2026-08-18,15960,16091,0.0
559,2026-08-19,16889,16697,0.0
559,2026-08-20,16942,17228,0.0
559,2026-08-21,16839,16358,0.0
559,2026-08-22,17331,17291,0.0
559,2026-08-23,16075,16313,0.0
559,2026-08-24,15818,15965,0.0
559,2026-08-25,16640,16367,0.0
559,2026-08-26,16363,16094,0.0
559,2026-08-27,16857,16396,0.0
559,2026-08-28,17249,17230,0.0
559,2026-08-29,16684,17081,0.0
559,2026-08-30,17030,17196,0.0
559,2026-08-31,16533,16707,0.0
559,2026-09-01,17440,16825,0.0
559,2026-09-02,16760,16311,0.0
559,2026-09-03,9107,16935,0.0
559,2026-09-04,9940,17368,0.0
559,2026-09-05,9351,16478,0.0
559,2026-09-06,9406,17402,0.0
559,2026-09-07,8914,16674,0.0
559,2026-09-08,9152,15941,0.0
559,2026-09-09,8993,17094,0.0
559,2026-09-10,8482,16217,0.0
560,2026-07-09,3471,3490,0.0
560,2026-07-10,3349,3366,0.0
560,2026-07-11,3447,3380,0.0
560,2026-07-12,3317,3279,0.0
560,2026-07-13,3286,3292,0.0
560,2026-07-14,3358,3394,0.0
560,2026-07-15,3321,3306,0.0
560,2026-07-16,3261,3259,0.0
560,2026-07-17,3236,3204,0.0
560,2026-07-18,3314,3344,0.0
560,2026-07-19,3359,3368,0.0
560,2026-07-20,3549,3416,0.0
560,2026-07-21,3143,3177,0.0
560,2026-07-22,3369,3433,0.0
560,2026-07-23,3253,3315,0.0
560,2026-07-24,3486,3421,0.0
560,2026-07-25,3167,3219,0.0
560,2026-07-26,3473,3414,0.0
560,2026-07-27,3351,3385,0.0
560,2026-07-28,3235,3307,0.0
560,2026-07-29,3172,3268,0.0
560,2026-07-30,3298,3279,0.0
560,2026-07-31,3499,3453,0.0
560,2026-08-01,3318,3341,0.0
560,2026-08-02,3575,3493,0.0
560,2026-08-03,3240,3295,0.0
560,2026-08-04,3384,3307,0.0
560,2026-08-05,3284,3372,0.0
560,2026-08-06,3392,3476,0.0
560,2026-08-07,3303,3291,0.0
560,2026-08-08,3410,3366,0.0
560,2026-08-09,3189,3280,0.0
560,2026-08-10,3373,3246,0.0
560,2026-08-11,3140,3179,0.0
560,2026-08-12,3205,3293,0.0
560,2026-08-13,3498,3371,0.0
560,2026-08-14,3394,3485,0.0
560,2026-08-15,3231,3281,0.0
560,2026-08-16,3407,3298,0.0
560,2026-08-17,3266,3317,0.0
560,2026-08-18,3180,3215,0.0
560,2026-08-19,3536,3471,0.0
560,2026-08-20,3356,3417,0.0
560,2026-08-21,3245,3188,0.0
560,2026-08-22,3341,3284,0.0
560,2026-08-23,3461,3488,0.0
560,2026-08-24,3333,3207,0.0
560,2026-08-25,3493,3407,0.0
560,2026-08-26,3209,3286,0.0
560,2026-08-27,3399,3365,0.0
560,2026-08-28,3520,3421,0.0
560,2026-08-29,3263,3231,0.0
560,2026-08-30,3338,3376,0.0
560,2026-08-31,3320,3318,0.0
560,2026-09-01,3454,3477,0.0
560,2026-09-02,3392,3444,0.0
560,2026-09-03,3132,3202,0.0
560,2026-09-04,3482,3430,0.0
560,2026-09-05,3303,3356,0.0
560,2026-09-06,3278,3224,0.0
560,2026-09-07,3335,3353,0.0
560,2026-09-08,3458,3466,0.0
560,2026-09-09,3410,3449,0.0
560,2026-09-10,3277,3214,0.0
561,2026-07-09,26780,26500,0.0
561,2026-07-10,25653,25254,0.0
561,2026-07-11,26374,26592,0.0
561,2026-07-12,26849,26632,0.0
561,2026-07-13,26203,26821,0.0
561,2026-07-14,26663,26917,0.0
561,2026-07-15,27059,26826,0.0
561,2026-07-16,24604,24690,0.0
561,2026-07-17,24092,24424,0.0
561,2026-07-18,24388,24923,0.0
561,2026-07-19,27412,26658,0.0
561,2026-07-20,26459,26606,0.0
561,2026-07-21,25875,25996,0.0
561,2026-07-22,27085,26766,0.0
561,2026-07-23,24539,24897,0.0
561,2026-07-24,24131,24687,0.0
561,2026-07-25,27156,26462,0.0
561,2026-07-26,25590,26241,0.0
561,2026-07-27,25941,25183,0.0
561,2026-07-28,25780,26097,0.0
561,2026-07-29,25295,25383,0.0
561,2026-07-30,25362,24672,0.0
561,2026-07-31,25752,26169,0.0
561,2026-08-01,24754,24844,0.0
561,2026-08-02,25736,25907,0.0
561,2026-08-03,25969,25048,0.0
561,2026-08-04,24963,24392,0.0
561,2026-08-05,25858,25135,0.0
561,2026-08-06,26720,26172,0.0
561,2026-08-07,25461,26231,0.0
561,2026-08-08,26142,25916,0.0
561,2026-08-09,26508,26784,0.0
561,2026-08-10,25873,25976,0.0
561,2026-08-11,24539,24545,0.0
561,2026-08-12,25801,25710,0.0
561,2026-08-13,27485,26569,0.0
561,2026-08-14,24571,24991,0.0
561,2026-08-15,25945,25014,0.0
561,2026-08-16,25983,25983,0.0
561,2026-08-17,24870,25524,0.0
561,2026-08-18,23918,24462,0.0
561,2026-08-19,25312,26089,0.0
561,2026-08-20,25684,25760,0.0
561,2026-08-21,25064,25228,0.0
561,2026-08-22,25142,24999,0.0
561,2026-08-23,26295,26301,0.0
561,2026-08-24,27483,26590,0.0
561,2026-08-25,24656,24748,0.0
561,2026-08-26,26978,26131,0.0
561,2026-08-27,26242,25635,0.0
561,2026-08-28,24500,25254,0.0
561,2026-08-29,25002,24914,0.0
561,2026-08-30,26413,25917,0.0
561,2026-08-31,24804,24713,0.0
561,2026-09-01,25812,26139,0.0
561,2026-09-02,25556,25378,0.0
561,2026-09-03,26030,25379,0.0
561,2026-09-04,24840,24884,0.0
561,2026-09-05,25780,24935,0.0
561,2026-09-06,25732,25424,0.0
561,2026-09-07,25268,25719,0.0
561,2026-09-08,25457,25785,0.0
561,2026-09-09,25229,25176,0.0
561,2026-09-10,25362,26103,0.0
562,2026-07-09,17007,17307,0.0
562,2026-07-10,17944,17433,0.0
562,2026-07-11,18614,18112,0.0
562,2026-07-12,17763,17201,0.0
562,2026-07-13,18171,18389,0.0
562,2026-07-14,18394,17704,0.0
562,2026-07-15,17441,17063,0.0
562,2026-07-16,18837,18367,0.0
562,2026-07-17,17044,17420,0.0
562,2026-07-18,18097,18113,0.0
562,2026-07-19,17878,17474,0.0
562,2026-07-20,16948,17110,0.0
562,2026-07-21,17574,17297,0.0
562,2026-07-22,18456,18416,0.0
562,2026-07-23,17704,17759,0.0
562,2026-07-24,17123,17395,0.0
562,2026-07-25,18572,18451,0.0
562,2026-07-26,18076,17840,0.0
562,2026-07-27,17978,18329,0.0
562,2026-07-28,16857,17030,0.0
562,2026-07-29,18756,18169,0.0
562,2026-07-30,17684,17713,0.0
562,2026-07-31,17579,17846,0.0
562,2026-08-01,17387,17193,0.0
562,2026-08-02,18972,18455,0.0
562,2026-08-03,17073,16846,0.0
562,2026-08-04,18689,18341,0.0
562,2026-08-05,17749,18043,0.0
562,2026-08-06,16756,16993,0.0
562,2026-08-07,16968,17322,0.0
562,2026-08-08,18742,18116,0.0
562,2026-08-09,17950,17631,0.0
562,2026-08-10,17163,17252,0.0
562,2026-08-11,17979,18066,0.0
562,2026-08-12,17156,16825,0.0
562,2026-08-13,16732,17014,0.0
562,2026-08-14,18701,18434,0.0
562,2026-08-15,18362,18385,0.0
562,2026-08-16,17775,17829,0.0
562,2026-08-17,18319,18260,0.0
562,2026-08-18,19015,18437,0.0
562,2026-08-19,17520,17915,0.0
562,2026-08-20,17745,17528,0.0
562,2026-08-21,18269,18407,0.0
562,2026-08-22,18664,18546,0.0
562,2026-08-23,17305,17675,0.0
562,2026-08-24,18258,18085,0.0
562,2026-08-25,18709,18482,0.0
562,2026-08-26,17734,18124,0.0
562,2026-08-27,18052,18264,0.0
562,2026-08-28,17080,17325,0.0
562,2026-08-29,17940,17631,0.0
562,2026-08-30,17188,17010,0.0
562,2026-08-31,17389,17300,0.0
562,2026-09-01,17947,18097,0.0
562,2026-09-02,16873,17251,0.0
562,2026-09-03,17214,16802,0.0
562,2026-09-04,16848,17151,0.0
562,2026-09-05,18514,18189,0.0
562,2026-09-06,17547,17947,0.0
562,2026-09-07,18215,18313,0.0
562,2026-09-08,17599,17971,0.0
562,2026-09-09,17057,17263,0.0
562,2026-09-10,18878,18484,0.0
563,2026-07-09,26561,25587,0.0
563,2026-07-10,24179,24047,0.0
563,2026-07-11,25397,25518,0.0
563,2026-07-12,23840,24417,0.0
563,2026-07-13,26522,26312,0.0
563,2026-07-14,24498,24266,0.0
563,2026-07-15,25478,26061,0.0
563,2026-07-16,27286,26252,0.0
563,2026-07-17,26163,25585,0.0
563,2026-07-18,24881,25093,0.0
563,2026-07-19,24947,25043,0.0
563,2026-07-20,25063,24552,0.0
563,2026-07-21,25966,26125,0.0
563,2026-07-22,25551,25934,0.0
563,2026-07-23,24418,25131,0.0
563,2026-07-24,24940,24460,0.0
563,2026-07-25,24326,24285,0.0
563,2026-07-26,25341,24889,0.0
563,2026-07-27,25168,25260,0.0
563,2026-07-28,25801,26388,0.0
563,2026-07-29,25543,26319,0.0
563,2026-07-30,27475,26457,0.0
563,2026-07-31,26099,25944,0.0
563,2026-08-01,27317,26314,0.0
563,2026-08-02,25449,25096,0.0
563,2026-08-03,26641,25641,0.0
563,2026-08-04,25348,25977,0.0
563,2026-08-05,26715,25695,0.0
563,2026-08-06,24439,24433,0.0
563,2026-08-07,24071,24352,0.0
563,2026-08-08,24195,24888,0.0
563,2026-08-09,24647,24412,0.0
563,2026-08-10,25574,24891,0.0
563,2026-08-11,25629,26302,0.0
563,2026-08-12,26550,25550,0.0
563,2026-08-13,27107,26415,0.0
563,2026-08-14,25481,24877,0.0
563,2026-08-15,26239,25489,0.0
563,2026-08-16,25514,25192,0.0
563,2026-08-17,24206,24895,0.0
563,2026-08-18,25643,25365,0.0
563,2026-08-19,25881,26015,0.0
563,2026-08-20,26984,26099,0.0
563,2026-08-21,25562,26097,0.0
563,2026-08-22,25619,25813,0.0
563,2026-08-23,26391,26257,0.0
563,2026-08-24,27016,26094,0.0
563,2026-08-25,26214,25432,0.0
563,2026-08-26,24816,25246,0.0
563,2026-08-27,26165,25697,0.0
563,2026-08-28,24529,24575,0.0
563,2026-08-29,26081,25680,0.0
563,2026-08-30,25578,25124,0.0
563,2026-08-31,25783,25055,0.0
563,2026-09-01,24128,24494,0.0
563,2026-09-02,23442,24161,0.0
563,2026-09-03,25800,26435,0.0
563,2026-09-04,26978,26412,0.0
563,2026-09-05,25934,26067,0.0
563,2026-09-06,25078,24451,0.0
563,2026-09-07,25209,24918,0.0
563,2026-09-08,25668,24966,0.0
563,2026-09-09,24127,24152,0.0
563,2026-09-10,24900,25042,0.0
564,2026-07-09,54983,54814,0.0
564,2026-07-10,51266,52081,0.0
564,2026-07-11,49982,50663,0.0
564,2026-07-12,54431,55147,0.0
564,2026-07-13,52249,51255,0.0
564,2026-07-14,51291,51197,0.0
564,2026-07-15,53790,51949,0.0
564,2026-07-16,55355,55726,0.0
564,2026-07-17,53472,52741,0.0
564,2026-07-18,52357,53275,0.0
564,2026-07-19,51094,51232,0.0
564,2026-07-20,52221,52798,0.0
564,2026-07-21,35560,54636,8.0
564,2026-07-22,55467,53542,0.0
564,2026-07-23,55136,55050,0.0
564,2026-07-24,53892,53711,0.0
564,2026-07-25,54790,53588,0.0
564,2026-07-26,54095,55708,0.0
564,2026-07-27,44496,55626,4.8
564,2026-07-28,54239,55715,0.0
564,2026-07-29,56122,53984,0.0
564,2026-07-30,51380,52109,0.0
564,2026-07-31,53800,55079,0.0
564,2026-08-01,54656,55019,0.0
564,2026-08-02,49876,51308,0.0
564,2026-08-03,55893,54448,0.0
564,2026-08-04,50678,50916,0.0
564,2026-08-05,51824,53312,0.0
564,2026-08-06,51709,52444,0.0
564,2026-08-07,55254,53971,0.0
564,2026-08-08,55879,54885,0.0
564,2026-08-09,54122,55288,0.0
564,2026-08-10,51500,52319,0.0
564,2026-08-11,41263,53507,0.0
564,2026-08-12,42122,55545,0.0
564,2026-08-13,42887,55150,0.0
564,2026-08-14,41144,52618,0.0
564,2026-08-15,38565,55231,0.0
564,2026-08-16,37027,50629,0.0
564,2026-08-17,35643,54364,3.7
564,2026-08-18,37199,51045,0.0
564,2026-08-19,38838,52043,0.0
564,2026-08-20,41296,54087,0.0
564,2026-08-21,37758,53879,0.0
564,2026-08-22,43480,55861,0.0
564,2026-08-23,40256,52287,0.0
564,2026-08-24,33162,52124,2.5
564,2026-08-25,24671,51402,8.2
564,2026-08-26,50631,51897,0.0
564,2026-08-27,53010,53516,0.0
564,2026-08-28,53366,54473,0.0
564,2026-08-29,54261,52624,0.0
564,2026-08-30,54798,55614,0.0
564,2026-08-31,50983,51666,0.0
564,2026-09-01,54692,53858,0.0
564,2026-09-02,53182,52748,0.0
564,2026-09-03,55331,55406,0.0
564,2026-09-04,52353,52736,0.0
564,2026-09-05,50300,50851,0.0
564,2026-09-06,50244,51006,0.0
564,2026-09-07,54238,53716,0.0
564,2026-09-08,54451,55718,0.0
564,2026-09-09,56443,55211,0.0
564,2026-09-10,56807,54698,0.0
565,2026-07-09,9260,9146,0.0
565,2026-07-10,8905,9178,0.0
565,2026-07-11,8963,8886,0.0
565,2026-07-12,9314,9043,0.0
565,2026-07-13,9062,9177,0.0
565,2026-07-14,9077,9317,0.0
565,2026-07-15,9034,8800,0.0
565,2026-07-16,9413,9380,0.0
565,2026-07-17,9280,9489,0.0
565,2026-07-18,8863,8938,0.0
565,2026-07-19,9146,9210,0.0
565,2026-07-20,9343,9199,0.0
565,2026-07-21,8794,8970,0.0
565,2026-07-22,9765,9492,0.0
565,2026-07-23,9040,8991,0.0
565,2026-07-24,9763,9493,0.0
565,2026-07-25,8414,8655,0.0
565,2026-07-26,9382,9083,0.0
565,2026-07-27,8781,8677,0.0
565,2026-07-28,8921,8787,0.0
565,2026-07-29,8751,8691,0.0
565,2026-07-30,8761,9004,0.0
565,2026-07-31,9222,9171,0.0
565,2026-08-01,9202,9301,0.0
565,2026-08-02,9250,9364,0.0
565,2026-08-03,6769,9485,0.0
565,2026-08-04,6704,8904,0.0
565,2026-08-05,6371,8670,0.0
565,2026-08-06,7065,9217,0.0
565,2026-08-07,6910,9299,0.0
565,2026-08-08,6569,9385,0.0
565,2026-08-09,6131,8835,0.0
565,2026-08-10,6972,9203,0.0
565,2026-08-11,6280,8909,0.0
565,2026-08-12,6969,9167,0.0
565,2026-08-13,6314,8956,0.0
565,2026-08-14,6422,8860,0.0
565,2026-08-15,6734,9204,0.0
565,2026-08-16,7204,9357,0.0
565,2026-08-17,6587,9493,0.0
565,2026-08-18,6716,9060,0.0
565,2026-08-19,7027,9015,0.0
565,2026-08-20,6766,9262,0.0
565,2026-08-21,6188,8806,0.0
565,2026-08-22,6752,8739,0.0
565,2026-08-23,6326,8922,0.0
565,2026-08-24,6972,8977,0.0
565,2026-08-25,6882,9244,0.0
565,2026-08-26,6638,9349,0.0
565,2026-08-27,6316,8798,0.0
565,2026-08-28,6536,9094,0.0
565,2026-08-29,6997,9241,0.0
565,2026-08-30,6424,8718,0.0
565,2026-08-31,6881,9425,0.0
565,2026-09-01,6544,8654,0.0
565,2026-09-02,6881,9138,0.0
565,2026-09-03,6267,8993,0.0
565,2026-09-04,6477,8812,0.0
565,2026-09-05,6532,9306,0.0
565,2026-09-06,6797,8877,0.0
565,2026-09-07,7111,9296,0.0
565,2026-09-08,6927,8877,0.0
565,2026-09-09,6802,8787,0.0
565,2026-09-10,6560,9080,0.0
566,2026-07-09,12217,12492,0.0
566,2026-07-10,12256,12055,0.0
566,2026-07-11,11473,11357,0.0
566,2026-07-12,11293,11626,0.0
566,2026-07-13,12685,12347,0.0
566,2026-07-14,11617,11581,0.0
566,2026-07-15,12076,12052,0.0
566,2026-07-16,12763,12412,0.0
566,2026-07-17,11493,11407,0.0
566,2026-07-18,11991,11911,0.0
566,2026-07-19,12131,12420,0.0
566,2026-07-20,12099,11833,0.0
566,2026-07-21,12583,12219,0.0
566,2026-07-22,11767,12103,0.0
566,2026-07-23,12699,12406,0.0
566,2026-07-24,12335,11948,0.0
566,2026-07-25,12298,12125,0.0
566,2026-07-26,11813,11364,0.0
566,2026-07-27,11345,11576,0.0
566,2026-07-28,11875,11868,0.0
566,2026-07-29,12642,12498,0.0
566,2026-07-30,11647,11607,0.0
566,2026-07-31,12724,12368,0.0
566,2026-08-01,11895,11765,0.0
566,2026-08-02,12821,12412,0.0
566,2026-08-03,11807,11520,0.0
566,2026-08-04,11732,11566,0.0
566,2026-08-05,12169,11900,0.0
566,2026-08-06,11712,11965,0.0
566,2026-08-07,11394,11449,0.0
566,2026-08-08,11564,11790,0.0
566,2026-08-09,12826,12466,0.0
566,2026-08-10,12219,11829,0.0
566,2026-08-11,12258,12111,0.0
566,2026-08-12,12025,12061,0.0
566,2026-08-13,12094,11879,0.0
566,2026-08-14,11797,11934,0.0
566,2026-08-15,12461,12089,0.0
566,2026-08-16,11648,11783,0.0
566,2026-08-17,12038,12127,0.0
566,2026-08-18,12172,12291,0.0
566,2026-08-19,12230,12060,0.0
566,2026-08-20,12224,11790,0.0
566,2026-08-21,12059,11994,0.0
566,2026-08-22,12911,12467,0.0
566,2026-08-23,12505,12350,0.0
566,2026-08-24,11837,11394,0.0
566,2026-08-25,11993,12296,0.0
566,2026-08-26,11786,11535,0.0
566,2026-08-27,11317,11641,0.0
566,2026-08-28,11628,11880,0.0
566,2026-08-29,7036,11561,0.0
566,2026-08-30,7833,11944,0.0
566,2026-08-31,7084,11610,0.0
566,2026-09-01,6915,11327,0.0
566,2026-09-02,6995,11511,0.0
566,2026-09-03,7172,12234,0.0
566,2026-09-04,7761,12213,0.0
566,2026-09-05,7908,12497,0.0
566,2026-09-06,7347,12420,0.0
566,2026-09-07,7197,12173,0.0
566,2026-09-08,7784,12205,0.0
566,2026-09-09,7477,11653,0.0
566,2026-09-10,6729,11376,0.0
567,2026-07-09,10975,11264,0.0
567,2026-07-10,11433,11309,0.0
567,2026-07-11,11849,11521,0.0
567,2026-07-12,11434,11146,0.0
567,2026-07-13,11303,11056,0.0
567,2026-07-14,12100,11791,0.0
567,2026-07-15,11679,12022,0.0
567,2026-07-16,11294,11041,0.0
567,2026-07-17,12235,11900,0.0
567,2026-07-18,12074,12083,0.0
567,2026-07-19,12118,11850,0.0
567,2026-07-20,11308,11123,0.0
567,2026-07-21,11647,11591,0.0
567,2026-07-22,11084,11024,0.0
567,2026-07-23,11632,11330,0.0
567,2026-07-24,11986,11564,0.0
567,2026-07-25,11960,12125,0.0
567,2026-07-26,11922,11813,0.0
567,2026-07-27,11526,11180,0.0
567,2026-07-28,8098,11704,0.0
567,2026-07-29,8756,12074,0.0
567,2026-07-30,8323,11272,0.0
567,2026-07-31,8575,12042,0.0
567,2026-08-01,8534,12124,0.0
567,2026-08-02,7722,11083,0.0
567,2026-08-03,12094,11839,0.0
567,2026-08-04,11133,11441,0.0
567,2026-08-05,11995,11890,0.0
567,2026-08-06,11957,11836,0.0
567,2026-08-07,11625,11417,0.0
567,2026-08-08,11592,11586,0.0
567,2026-08-09,11531,11206,0.0
567,2026-08-10,11265,11522,0.0
567,2026-08-11,12364,12118,0.0
567,2026-08-12,11393,11481,0.0
567,2026-08-13,11650,11606,0.0
567,2026-08-14,11817,11783,0.0
567,2026-08-15,11290,11289,0.0
567,2026-08-16,12100,11876,0.0
567,2026-08-17,12071,12033,0.0
567,2026-08-18,12379,11905,0.0
567,2026-08-19,11624,11767,0.0
567,2026-08-20,11222,11312,0.0
567,2026-08-21,10987,11264,0.0
567,2026-08-22,11846,11653,0.0
567,2026-08-23,12052,11827,0.0
567,2026-08-24,11473,11653,0.0
567,2026-08-25,10770,11032,0.0
567,2026-08-26,11474,11799,0.0
567,2026-08-27,12483,12035,0.0
567,2026-08-28,12527,12145,0.0
567,2026-08-29,11635,11464,0.0
567,2026-08-30,11146,11397,0.0
567,2026-08-31,12188,11757,0.0
567,2026-09-01,11937,11794,0.0
567,2026-09-02,11312,11656,0.0
567,2026-09-03,12539,12095,0.0
567,2026-09-04,11507,11451,0.0
567,2026-09-05,11392,11015,0.0
567,2026-09-06,11844,11449,0.0
567,2026-09-07,10772,11084,0.0
567,2026-09-08,11811,11806,0.0
567,2026-09-09,11480,11086,0.0
567,2026-09-10,11533,11599,0.0
568,2026-07-09,38860,39005,0.0
568,2026-07-10,38877,39655,0.0
568,2026-07-11,37974,38611,0.0
568,2026-07-12,37486,38334,0.0
568,2026-07-13,39471,39130,0.0
568,2026-07-14,41953,40683,0.0
568,2026-07-15,39365,39721,0.0
568,2026-07-16,37319,38267,0.0
568,2026-07-17,40424,39514,0.0
568,2026-07-18,41968,40697,0.0
568,2026-07-19,41062,39579,0.0
568,2026-07-20,39089,40115,0.0
568,2026-07-21,39270,40036,0.0
568,2026-07-22,40570,40021,0.0
568,2026-07-23,37081,37014,0.0
568,2026-07-24,36828,37861,0.0
568,2026-07-25,40281,38913,0.0
568,2026-07-26,40627,39646,0.0
568,2026-07-27,39273,39835,0.0
568,2026-07-28,39852,39833,0.0
568,2026-07-29,38639,38101,0.0
568,2026-07-30,40623,40281,0.0
568,2026-07-31,36397,37438,0.0
568,2026-08-01,38487,38007,0.0
568,2026-08-02,29818,38109,5.0
568,2026-08-03,42173,40606,0.0
568,2026-08-04,40628,40391,0.0
568,2026-08-05,37265,37553,0.0
568,2026-08-06,39260,38206,0.0
568,2026-08-07,38453,37941,0.0
568,2026-08-08,41060,40829,0.0
568,2026-08-09,39939,40419,0.0
568,2026-08-10,38330,37522,0.0
568,2026-08-11,38892,38624,0.0
568,2026-08-12,37111,37685,0.0
568,2026-08-13,37480,38610,0.0
568,2026-08-14,38360,37831,0.0
568,2026-08-15,40341,39668,0.0
568,2026-08-16,41081,39656,0.0
568,2026-08-17,39712,39735,0.0
568,2026-08-18,40065,39834,0.0
568,2026-08-19,39712,40326,0.0
568,2026-08-20,39824,40542,0.0
568,2026-08-21,36536,37351,0.0
568,2026-08-22,40494,39083,0.0
568,2026-08-23,37790,38822,0.0
568,2026-08-24,38956,37750,0.0
568,2026-08-25,38719,37679,0.0
568,2026-08-26,39883,39398,0.0
568,2026-08-27,41543,40104,0.0
568,2026-08-28,35959,37016,0.0
568,2026-08-29,38791,37543,0.0
568,2026-08-30,40161,39529,0.0
568,2026-08-31,36598,37411,0.0
568,2026-09-01,41489,40536,0.0
568,2026-09-02,40512,38967,0.0
568,2026-09-03,40702,40381,0.0
568,2026-09-04,37727,36979,0.0
568,2026-09-05,40223,39955,0.0
568,2026-09-06,40689,39253,0.0
568,2026-09-07,39189,39111,0.0
568,2026-09-08,37383,38050,0.0
568,2026-09-09,37009,37723,0.0
568,2026-09-10,40163,39756,0.0
569,2026-07-09,29028,28618,0.0
569,2026-07-10,27760,27595,0.0
569,2026-07-11,30392,29774,0.0
569,2026-07-12,29244,29750,0.0
569,2026-07-13,27153,27934,0.0
569,2026-07-14,28130,28916,0.0
569,2026-07-15,30243,30362,0.0
569,2026-07-16,30978,30202,0.0
569,2026-07-17,30391,29368,0.0
569,2026-07-18,29369,29113,0.0
569,2026-07-19,28173,28856,0.0
569,2026-07-20,29334,29106,0.0
569,2026-07-21,28942,28113,0.0
569,2026-07-22,29332,29388,0.0
569,2026-07-23,28172,27825,0.0
569,2026-07-24,29583,28647,0.0
569,2026-07-25,29272,28600,0.0
569,2026-07-26,30114,29599,0.0
569,2026-07-27,27046,27670,0.0
569,2026-07-28,27937,28298,0.0
569,2026-07-29,30971,30083,0.0
569,2026-07-30,29516,28452,0.0
569,2026-07-31,29139,29154,0.0
569,2026-08-01,28952,28058,0.0
569,2026-08-02,30829,30140,0.0
569,2026-08-03,27796,28268,0.0
569,2026-08-04,28173,27682,0.0
569,2026-08-05,28188,27721,0.0
569,2026-08-06,30448,30352,0.0
569,2026-08-07,29517,28607,0.0
569,2026-08-08,31069,30271,0.0
569,2026-08-09,29141,29424,0.0
569,2026-08-10,28936,29017,0.0
569,2026-08-11,28879,29208,0.0
569,2026-08-12,29466,29270,0.0
569,2026-08-13,29521,28528,0.0
569,2026-08-14,28294,28913,0.0
569,2026-08-15,27704,27791,0.0
569,2026-08-16,31163,30232,0.0
569,2026-08-17,27617,28133,0.0
569,2026-08-18,30549,30103,0.0
569,2026-08-19,29701,28723,0.0
569,2026-08-20,28426,28529,0.0
569,2026-08-21,28344,28532,0.0
569,2026-08-22,29193,29715,0.0
569,2026-08-23,31099,30349,0.0
569,2026-08-24,28621,29458,0.0
569,2026-08-25,28490,28772,0.0
569,2026-08-26,29038,28299,0.0
569,2026-08-27,30544,30363,0.0
569,2026-08-28,29766,29549,0.0
569,2026-08-29,30116,29598,0.0
569,2026-08-30,27124,27830,0.0
569,2026-08-31,28495,28786,0.0
569,2026-09-01,28453,28679,0.0
569,2026-09-02,29819,28765,0.0
569,2026-09-03,28336,28769,0.0
569,2026-09-04,28066,27547,0.0
569,2026-09-05,28186,28982,0.0
569,2026-09-06,30731,30244,0.0
569,2026-09-07,30467,29391,0.0
569,2026-09-08,27973,28741,0.0
569,2026-09-09,30651,29540,0.0
569,2026-09-10,29536,28860,0.0
570,2026-07-09,6285,6354,0.0
570,2026-07-10,6438,6212,0.0
570,2026-07-11,6023,6079,0.0
570,2026-07-12,6490,6366,0.0
570,2026-07-13,6242,6290,0.0
570,2026-07-14,6336,6519,0.0
570,2026-07-15,6307,6202,0.0
570,2026-07-16,6587,6697,0.0
570,2026-07-17,6787,6627,0.0
570,2026-07-18,6813,6552,0.0
570,2026-07-19,6621,6375,0.0
570,2026-07-20,6377,6512,0.0
570,2026-07-21,6595,6473,0.0
570,2026-07-22,6215,6218,0.0
570,2026-07-23,6430,6398,0.0
570,2026-07-24,6154,6239,0.0
570,2026-07-25,6473,6325,0.0
570,2026-07-26,6369,6508,0.0
570,2026-07-27,6410,6551,0.0
570,2026-07-28,6887,6693,0.0
570,2026-07-29,6086,6207,0.0
570,2026-07-30,6542,6663,0.0
570,2026-07-31,6349,6524,0.0
570,2026-08-01,6784,6617,0.0
570,2026-08-02,6377,6290,0.0
570,2026-08-03,6534,6514,0.0
570,2026-08-04,6101,6165,0.0
570,2026-08-05,6427,6611,0.0
570,2026-08-06,6419,6554,0.0
570,2026-08-07,6253,6406,0.0
570,2026-08-08,6384,6401,0.0
570,2026-08-09,6348,6330,0.0
570,2026-08-10,6238,6104,0.0
570,2026-08-11,6582,6424,0.0
570,2026-08-12,6290,6355,0.0
570,2026-08-13,6668,6537,0.0
570,2026-08-14,6507,6657,0.0
570,2026-08-15,6694,6515,0.0
570,2026-08-16,5995,6125,0.0
570,2026-08-17,6617,6651,0.0
570,2026-08-18,6278,6141,0.0
570,2026-08-19,6043,6145,0.0
570,2026-08-20,6114,6183,0.0
570,2026-08-21,6613,6563,0.0
570,2026-08-22,6538,6521,0.0
570,2026-08-23,6509,6583,0.0
570,2026-08-24,6151,6224,0.0
570,2026-08-25,6148,6141,0.0
570,2026-08-26,6760,6590,0.0
570,2026-08-27,6406,6418,0.0
570,2026-08-28,6599,6708,0.0
570,2026-08-29,6241,6222,0.0
570,2026-08-30,6303,6287,0.0
570,2026-08-31,6461,6608,0.0
570,2026-09-01,6606,6361,0.0
570,2026-09-02,6685,6676,0.0
570,2026-09-03,6597,6455,0.0
570,2026-09-04,6529,6635,0.0
570,2026-09-05,6558,6458,0.0
570,2026-09-06,5949,6122,0.0
570,2026-09-07,6265,6346,0.0
570,2026-09-08,6550,6512,0.0
570,2026-09-09,6417,6287,0.0
570,2026-09-10,6512,6585,0.0
571,2026-07-09,4358,4442,0.0
571,2026-07-10,4594,4654,0.0
571,2026-07-11,4652,4645,0.0
571,2026-07-12,4624,4465,0.0
571,2026-07-13,4614,4722,0.0
571,2026-07-14,4749,4780,0.0
571,2026-07-15,4563,4530,0.0
571,2026-07-16,4398,4465,0.0
571,2026-07-17,4421,4509,0.0
571,2026-07-18,4869,4762,0.0
571,2026-07-19,4328,4452,0.0
571,2026-07-20,4696,4550,0.0
571,2026-07-21,4462,4496,0.0
571,2026-07-22,4738,4795,0.0
571,2026-07-23,4678,4726,0.0
571,2026-07-24,4327,4372,0.0
571,2026-07-25,4633,4776,0.0
571,2026-07-26,4687,4605,0.0
571,2026-07-27,4630,4579,0.0
571,2026-07-28,4496,4527,0.0
571,2026-07-29,4513,4652,0.0
571,2026-07-30,4524,4532,0.0
571,2026-07-31,4593,4520,0.0
571,2026-08-01,4439,4435,0.0
571,2026-08-02,4730,4680,0.0
571,2026-08-03,4607,4587,0.0
571,2026-08-04,4679,4519,0.0
571,2026-08-05,4832,4738,0.0
571,2026-08-06,4843,4752,0.0
571,2026-08-07,4663,4614,0.0
571,2026-08-08,4692,4600,0.0
571,2026-08-09,4871,4769,0.0
571,2026-08-10,4797,4629,0.0
571,2026-08-11,4693,4570,0.0
571,2026-08-12,4758,4605,0.0
571,2026-08-13,4960,4774,0.0
571,2026-08-14,4665,4579,0.0
571,2026-08-15,4529,4391,0.0
571,2026-08-16,4630,4526,0.0
571,2026-08-17,4253,4344,0.0
571,2026-08-18,4475,4379,0.0
571,2026-08-19,4621,4652,0.0
571,2026-08-20,4757,4664,0.0
571,2026-08-21,4468,4522,0.0
571,2026-08-22,4412,4457,0.0
571,2026-08-23,4622,4657,0.0
571,2026-08-24,4595,4672,0.0
571,2026-08-25,4685,4769,0.0
571,2026-08-26,4645,4492,0.0
571,2026-08-27,4617,4638,0.0
571,2026-08-28,4592,4580,0.0
571,2026-08-29,4672,4643,0.0
571,2026-08-30,4618,4595,0.0
571,2026-08-31,4471,4347,0.0
571,2026-09-01,4638,4512,0.0
571,2026-09-02,4528,4560,0.0
571,2026-09-03,4278,4354,0.0
571,2026-09-04,4635,4602,0.0
571,2026-09-05,4392,4480,0.0
571,2026-09-06,4828,4644,0.0
571,2026-09-07,4518,4384,0.0
571,2026-09-08,4381,4422,0.0
571,2026-09-09,4515,4429,0.0
571,2026-09-10,4599,4576,0.0
572,2026-07-09,19496,19017,0.0
572,2026-07-10,20640,20227,0.0
572,2026-07-11,18734,19069,0.0
572,2026-07-12,19241,19615,0.0
572,2026-07-13,18427,18600,0.0
572,2026-07-14,20079,19653,0.0
572,2026-07-15,19597,19356,0.0
572,2026-07-16,19656,19570,0.0
572,2026-07-17,19605,18993,0.0
572,2026-07-18,20232,20180,0.0
572,2026-07-19,19907,20363,0.0
572,2026-07-20,18256,18805,0.0
572,2026-07-21,19687,19157,0.0
572,2026-07-22,19792,19598,0.0
572,2026-07-23,19855,19181,0.0
572,2026-07-24,19720,20322,0.0
572,2026-07-25,19124,19505,0.0
572,2026-07-26,18347,18867,0.0
572,2026-07-27,20569,19883,0.0
572,2026-07-28,19916,20187,0.0
572,2026-07-29,20026,19443,0.0
572,2026-07-30,19151,18570,0.0
572,2026-07-31,19086,19140,0.0
572,2026-08-01,19589,19336,0.0
572,2026-08-02,19561,18827,0.0
572,2026-08-03,20170,19631,0.0
572,2026-08-04,19741,19175,0.0
572,2026-08-05,19223,19762,0.0
572,2026-08-06,19722,20059,0.0
572,2026-08-07,19120,18552,0.0
572,2026-08-08,20325,19962,0.0
572,2026-08-09,18398,18787,0.0
572,2026-08-10,19666,19059,0.0
572,2026-08-11,20187,19694,0.0
572,2026-08-12,19474,19763,0.0
572,2026-08-13,19076,18538,0.0
572,2026-08-14,19738,19818,0.0
572,2026-08-15,19159,19083,0.0
572,2026-08-16,19536,19333,0.0
572,2026-08-17,19409,20007,0.0
572,2026-08-18,20377,20444,0.0
572,2026-08-19,18679,18750,0.0
572,2026-08-20,20160,19531,0.0
572,2026-08-21,18767,19098,0.0
572,2026-08-22,19642,19927,0.0
572,2026-08-23,19599,19968,0.0
572,2026-08-24,18615,18689,0.0
572,2026-08-25,18488,18887,0.0
572,2026-08-26,19438,18846,0.0
572,2026-08-27,20885,20121,0.0
572,2026-08-28,19374,19665,0.0
572,2026-08-29,20705,20345,0.0
572,2026-08-30,20504,20345,0.0
572,2026-08-31,20862,20282,0.0
572,2026-09-01,18709,18902,0.0
572,2026-09-02,18353,18608,0.0
572,2026-09-03,19522,19929,0.0
572,2026-09-04,20612,20115,0.0
572,2026-09-05,19706,20192,0.0
572,2026-09-06,19493,20021,0.0
572,2026-09-07,20431,20190,0.0
572,2026-09-08,19745,19869,0.0
572,2026-09-09,19232,18538,0.0
572,2026-09-10,19766,19518,0.0
573,2026-07-09,13728,13856,0.0
573,2026-07-10,13882,14129,0.0
573,2026-07-11,14167,13690,0.0
573,2026-07-12,14592,14224,0.0
573,2026-07-13,14242,13820,0.0
573,2026-07-14,14324,13923,0.0
573,2026-07-15,13546,13368,0.0
573,2026-07-16,14073,13805,0.0
573,2026-07-17,14381,14240,0.0
573,2026-07-18,14493,14138,0.0
573,2026-07-19,13334,13282,0.0
573,2026-07-20,13991,13764,0.0
573,2026-07-21,14338,14114,0.0
573,2026-07-22,13395,13100,0.0
573,2026-07-23,14058,14210,0.0
573,2026-07-24,14361,14063,0.0
573,2026-07-25,14578,14316,0.0
573,2026-07-26,13024,13352,0.0
573,2026-07-27,13422,12955,0.0
573,2026-07-28,13828,13364,0.0
573,2026-07-29,14602,14062,0.0
573,2026-07-30,14155,14064,0.0
573,2026-07-31,13837,13859,0.0
573,2026-08-01,13107,13152,0.0
573,2026-08-02,14002,13812,0.0
573,2026-08-03,13383,13210,0.0
573,2026-08-04,13387,13628,0.0
573,2026-08-05,13459,13455,0.0
573,2026-08-06,14077,13864,0.0
573,2026-08-07,14310,13785,0.0
573,2026-08-08,13999,14298,0.0
573,2026-08-09,13401,13125,0.0
573,2026-08-10,14127,13823,0.0
573,2026-08-11,13467,13515,0.0
573,2026-08-12,14088,13797,0.0
573,2026-08-13,13664,13992,0.0
573,2026-08-14,14114,14099,0.0
573,2026-08-15,13574,13147,0.0
573,2026-08-16,14641,14253,0.0
573,2026-08-17,14233,14049,0.0
573,2026-08-18,13338,13085,0.0
573,2026-08-19,13879,14286,0.0
573,2026-08-20,13411,13391,0.0
573,2026-08-21,13617,13837,0.0
573,2026-08-22,13747,14006,0.0
573,2026-08-23,14204,14052,0.0
573,2026-08-24,13250,13223,0.0
573,2026-08-25,13502,13533,0.0
573,2026-08-26,13710,13597,0.0
573,2026-08-27,13665,13549,0.0
573,2026-08-28,12912,13202,0.0
573,2026-08-29,13494,13036,0.0
573,2026-08-30,14407,14166,0.0
573,2026-08-31,13504,13145,0.0
573,2026-09-01,13602,13347,0.0
573,2026-09-02,12998,13146,0.0
573,2026-09-03,13841,13537,0.0
573,2026-09-04,14252,14291,0.0
573,2026-09-05,13602,13389,0.0
573,2026-09-06,13043,13388,0.0
573,2026-09-07,13846,13843,0.0
573,2026-09-08,13781,14040,0.0
573,2026-09-09,12957,13110,0.0
573,2026-09-10,13818,13509,0.0
574,2026-07-09,4186,4227,0.0
574,2026-07-10,4202,4110,0.0
574,2026-07-11,4193,4113,0.0
574,2026-07-12,4040,4082,0.0
574,2026-07-13,4044,4159,0.0
574,2026-07-14,4139,4138,0.0
574,2026-07-15,3935,3927,0.0
574,2026-07-16,4141,4126,0.0
574,2026-07-17,4043,4118,0.0
574,2026-07-18,4126,4225,0.0
574,2026-07-19,4216,4278,0.0
574,2026-07-20,3946,3966,0.0
574,2026-07-21,3936,3973,0.0
574,2026-07-22,3994,3944,0.0
574,2026-07-23,4143,4094,0.0
574,2026-07-24,4035,3973,0.0
574,2026-07-25,4068,4179,0.0
574,2026-07-26,4417,4274,0.0
574,2026-07-27,4190,4169,0.0
574,2026-07-28,3927,4036,0.0
574,2026-07-29,4089,4139,0.0
574,2026-07-30,3848,3965,0.0
574,2026-07-31,3978,4027,0.0
574,2026-08-01,4174,4067,0.0
574,2026-08-02,4311,4221,0.0
574,2026-08-03,4117,4221,0.0
574,2026-08-04,4267,4174,0.0
574,2026-08-05,4305,4203,0.0
574,2026-08-06,4134,3991,0.0
574,2026-08-07,4327,4196,0.0
574,2026-08-08,4312,4148,0.0
574,2026-08-09,4206,4244,0.0
574,2026-08-10,4277,4118,0.0
574,2026-08-11,4071,3945,0.0
574,2026-08-12,4204,4130,0.0
574,2026-08-13,3995,4037,0.0
574,2026-08-14,4063,3923,0.0
574,2026-08-15,4064,3974,0.0
574,2026-08-16,4337,4218,0.0
574,2026-08-17,4253,4121,0.0
574,2026-08-18,4209,4252,0.0
574,2026-08-19,3960,3998,0.0
574,2026-08-20,4142,4231,0.0
574,2026-08-21,4087,4143,0.0
574,2026-08-22,4203,4161,0.0
574,2026-08-23,4431,4293,0.0
574,2026-08-24,4029,4067,0.0
574,2026-08-25,4414,4256,0.0
574,2026-08-26,4313,4262,0.0
574,2026-08-27,3974,3889,0.0
574,2026-08-28,4194,4239,0.0
574,2026-08-29,4138,4027,0.0
574,2026-08-30,4252,4212,0.0
574,2026-08-31,4032,4068,0.0
574,2026-09-01,4106,4043,0.0
574,2026-09-02,4206,4249,0.0
574,2026-09-03,4047,4114,0.0
574,2026-09-04,4086,4162,0.0
574,2026-09-05,4186,4296,0.0
574,2026-09-06,4346,4182,0.0
574,2026-09-07,3991,3954,0.0
574,2026-09-08,3841,3931,0.0
574,2026-09-09,4220,4094,0.0
574,2026-09-10,4086,4003,0.0
575,2026-07-09,28824,29378,0.0
575,2026-07-10,28876,27838,0.0
575,2026-07-11,28555,27657,0.0
575,2026-07-12,28564,27656,0.0
575,2026-07-13,27975,28384,0.0
575,2026-07-14,27441,26623,0.0
575,2026-07-15,28422,27450,0.0
575,2026-07-16,27640,27164,0.0
575,2026-07-17,28790,29012,0.0
575,2026-07-18,26848,27598,0.0
575,2026-07-19,27392,26658,0.0
575,2026-07-20,28858,28386,0.0
575,2026-07-21,29564,28743,0.0
575,2026-07-22,28783,28211,0.0
575,2026-07-23,28169,27364,0.0
575,2026-07-24,28584,28662,0.0
575,2026-07-25,27239,27212,0.0
575,2026-07-26,29757,29366,0.0
575,2026-07-27,27666,27169,0.0
575,2026-07-28,28844,28347,0.0
575,2026-07-29,28397,27655,0.0
575,2026-07-30,27992,27903,0.0
575,2026-07-31,29002,28462,0.0
575,2026-08-01,28298,28918,0.0
575,2026-08-02,28905,28916,0.0
575,2026-08-03,27699,27724,0.0
575,2026-08-04,27698,27920,0.0
575,2026-08-05,27505,27736,0.0
575,2026-08-06,27266,27624,0.0
575,2026-08-07,27094,26943,0.0
575,2026-08-08,26191,26778,0.0
575,2026-08-09,28043,27768,0.0
575,2026-08-10,28582,28301,0.0
575,2026-08-11,29722,29338,0.0
575,2026-08-12,27967,28260,0.0
575,2026-08-13,27012,27054,0.0
575,2026-08-14,26961,27185,0.0
575,2026-08-15,27430,27104,0.0
575,2026-08-16,27758,26856,0.0
575,2026-08-17,28594,28621,0.0
575,2026-08-18,27577,28014,0.0
575,2026-08-19,28531,27866,0.0
575,2026-08-20,27195,26816,0.0
575,2026-08-21,27836,27248,0.0
575,2026-08-22,28329,28694,0.0
575,2026-08-23,26072,26771,0.0
575,2026-08-24,28210,28129,0.0
575,2026-08-25,27689,27696,0.0
575,2026-08-26,28145,27652,0.0
575,2026-08-27,29118,29419,0.0
575,2026-08-28,26786,27542,0.0
575,2026-08-29,28796,28558,0.0
575,2026-08-30,28880,27822,0.0
575,2026-08-31,29101,28481,0.0
575,2026-09-01,27361,27489,0.0
575,2026-09-02,28711,28136,0.0
575,2026-09-03,27680,26777,0.0
575,2026-09-04,27397,26928,0.0
575,2026-09-05,28502,27693,0.0
575,2026-09-06,29268,29013,0.0
575,2026-09-07,29220,29328,0.0
575,2026-09-08,28126,27662,0.0
575,2026-09-09,27763,27718,0.0
575,2026-09-10,28968,28967,0.0
576,2026-07-09,5067,5149,0.0
576,2026-07-10,5465,5298,0.0
576,2026-07-11,5180,5021,0.0
576,2026-07-12,5291,5164,0.0
576,2026-07-13,4904,5004,0.0
576,2026-07-14,5351,5280,0.0
576,2026-07-15,4948,5070,0.0
576,2026-07-16,5431,5447,0.0
576,2026-07-17,5370,5171,0.0
576,2026-07-18,5197,5270,0.0
576,2026-07-19,5289,5308,0.0
576,2026-07-20,5595,5439,0.0
576,2026-07-21,5386,5213,0.0
576,2026-07-22,5061,5038,0.0
576,2026-07-23,5182,5055,0.0
576,2026-07-24,5165,5186,0.0
576,2026-07-25,4962,5088,0.0
576,2026-07-26,5264,5167,0.0
576,2026-07-27,5439,5341,0.0
576,2026-07-28,5476,5281,0.0
576,2026-07-29,4963,4968,0.0
576,2026-07-30,5060,5159,0.0
576,2026-07-31,5489,5297,0.0
576,2026-08-01,5581,5379,0.0
576,2026-08-02,5364,5430,0.0
576,2026-08-03,5482,5378,0.0
576,2026-08-04,5154,5187,0.0
576,2026-08-05,5032,5090,0.0
576,2026-08-06,5392,5190,0.0
576,2026-08-07,5268,5327,0.0
576,2026-08-08,4917,5003,0.0
576,2026-08-09,5422,5285,0.0
576,2026-08-10,5115,5264,0.0
576,2026-08-11,5618,5432,0.0
576,2026-08-12,5392,5374,0.0
576,2026-08-13,5270,5080,0.0
576,2026-08-14,5384,5350,0.0
576,2026-08-15,4981,4960,0.0
576,2026-08-16,5419,5343,0.0
576,2026-08-17,5322,5352,0.0
576,2026-08-18,5145,4958,0.0
576,2026-08-19,4999,5083,0.0
576,2026-08-20,5507,5302,0.0
576,2026-08-21,5161,5124,0.0
576,2026-08-22,5117,5057,0.0
576,2026-08-23,5069,4983,0.0
576,2026-08-24,5365,5313,0.0
576,2026-08-25,5230,5275,0.0
576,2026-08-26,5330,5143,0.0
576,2026-08-27,5107,4998,0.0
576,2026-08-28,4917,5054,0.0
576,2026-08-29,5581,5387,0.0
576,2026-08-30,5469,5409,0.0
576,2026-08-31,5099,5064,0.0
576,2026-09-01,5449,5351,0.0
576,2026-09-02,5157,4982,0.0
576,2026-09-03,5045,5093,0.0
576,2026-09-04,5167,4992,0.0
576,2026-09-05,5279,5288,0.0
576,2026-09-06,5145,5058,0.0
576,2026-09-07,4907,5058,0.0
576,2026-09-08,5083,5135,0.0
576,2026-09-09,5224,5172,0.0
576,2026-09-10,5420,5345,0.0
577,2026-07-09,15745,15302,0.0
577,2026-07-10,16959,16547,0.0
577,2026-07-11,16859,16758,0.0
577,2026-07-12,16200,16331,0.0
577,2026-07-13,17433,16883,0.0
577,2026-07-14,16406,16123,0.0
577,2026-07-15,16175,15861,0.0
577,2026-07-16,15996,15689,0.0
577,2026-07-17,15682,15368,0.0
577,2026-07-18,16085,16231,0.0
577,2026-07-19,15467,15389,0.0
577,2026-07-20,16004,16247,0.0
577,2026-07-21,16388,16019,0.0
577,2026-07-22,16113,15826,0.0
577,2026-07-23,16499,16671,0.0
577,2026-07-24,15532,15714,0.0
577,2026-07-25,16558,16153,0.0
577,2026-07-26,16904,16534,0.0
577,2026-07-27,16191,16664,0.0
577,2026-07-28,16598,16588,0.0
577,2026-07-29,17091,16828,0.0
577,2026-07-30,16433,16248,0.0
577,2026-07-31,15082,15402,0.0
577,2026-08-01,15681,15849,0.0
577,2026-08-02,16597,16311,0.0
577,2026-08-03,15471,15756,0.0
577,2026-08-04,16267,15928,0.0
577,2026-08-05,15406,15626,0.0
577,2026-08-06,15428,15504,0.0
577,2026-08-07,16487,15943,0.0
577,2026-08-08,16733,16275,0.0
577,2026-08-09,16704,16696,0.0
577,2026-08-10,16268,15671,0.0
577,2026-08-11,15956,15601,0.0
577,2026-08-12,17140,16624,0.0
577,2026-08-13,16256,16294,0.0
577,2026-08-14,16471,16511,0.0
577,2026-08-15,15242,15345,0.0
577,2026-08-16,17080,16729,0.0
577,2026-08-17,16214,15811,0.0
577,2026-08-18,15963,16417,0.0
577,2026-08-19,15302,15474,0.0
577,2026-08-20,15985,15529,0.0
577,2026-08-21,16161,16451,0.0
577,2026-08-22,15455,15481,0.0
577,2026-08-23,16371,16592,0.0
577,2026-08-24,16601,16824,0.0
577,2026-08-25,16168,16563,0.0
577,2026-08-26,16379,16866,0.0
577,2026-08-27,16341,16274,0.0
577,2026-08-28,16062,15634,0.0
577,2026-08-29,15399,15286,0.0
577,2026-08-30,16220,16135,0.0
577,2026-08-31,15520,15496,0.0
577,2026-09-01,16372,16104,0.0
577,2026-09-02,16396,16863,0.0
577,2026-09-03,15715,15780,0.0
577,2026-09-04,17000,16698,0.0
577,2026-09-05,15261,15473,0.0
577,2026-09-06,16502,16038,0.0
577,2026-09-07,16652,16411,0.0
577,2026-09-08,15358,15306,0.0
577,2026-09-09,16813,16210,0.0
577,2026-09-10,15764,16205,0.0
578,2026-07-09,21709,21654,0.0
578,2026-07-10,22114,21785,0.0
578,2026-07-11,23378,22773,0.0
578,2026-07-12,22938,23183,0.0
578,2026-07-13,23924,23110,0.0
578,2026-07-14,22526,22561,0.0
578,2026-07-15,22656,21873,0.0
578,2026-07-16,23285,22930,0.0
578,2026-07-17,21592,21933,0.0
578,2026-07-18,23159,23193,0.0
578,2026-07-19,21962,22614,0.0
578,2026-07-20,21077,21607,0.0
578,2026-07-21,20829,21223,0.0
578,2026-07-22,21214,21575,0.0
578,2026-07-23,21378,21423,0.0
578,2026-07-24,22164,22048,0.0
578,2026-07-25,21999,21156,0.0
578,2026-07-26,21851,22388,0.0
578,2026-07-27,21238,21829,0.0
578,2026-07-28,22372,22725,0.0
578,2026-07-29,21967,21166,0.0
578,2026-07-30,22215,22664,0.0
578,2026-07-31,22105,22238,0.0
578,2026-08-01,20744,21372,0.0
578,2026-08-02,23023,22299,0.0
578,2026-08-03,23712,23090,0.0
578,2026-08-04,22846,22531,0.0
578,2026-08-05,22458,22307,0.0
578,2026-08-06,21115,21424,0.0
578,2026-08-07,23633,23014,0.0
578,2026-08-08,23041,22473,0.0
578,2026-08-09,21939,21837,0.0
578,2026-08-10,21533,21499,0.0
578,2026-08-11,23171,22580,0.0
578,2026-08-12,21657,21909,0.0
578,2026-08-13,22909,22139,0.0
578,2026-08-14,22728,21955,0.0
578,2026-08-15,21078,21530,0.0
578,2026-08-16,23606,22710,0.0
578,2026-08-17,20777,21102,0.0
578,2026-08-18,23958,23192,0.0
578,2026-08-19,22270,21714,0.0
578,2026-08-20,23229,23223,0.0
578,2026-08-21,16224,22541,0.0
578,2026-08-22,15565,22218,0.0
578,2026-08-23,16107,22560,0.0
578,2026-08-24,15199,21658,0.0
578,2026-08-25,16682,21817,0.0
578,2026-08-26,15648,21432,0.0
578,2026-08-27,22186,22474,0.0
578,2026-08-28,22303,22132,0.0
578,2026-08-29,21024,21285,0.0
578,2026-08-30,21817,21587,0.0
578,2026-08-31,22018,21842,0.0
578,2026-09-01,22577,22812,0.0
578,2026-09-02,23026,22379,0.0
578,2026-09-03,23197,22721,0.0
578,2026-09-04,21827,21584,0.0
578,2026-09-05,22922,22225,0.0
578,2026-09-06,23536,22893,0.0
578,2026-09-07,21845,21133,0.0
578,2026-09-08,22323,21884,0.0
578,2026-09-09,21988,21557,0.0
578,2026-09-10,22760,22532,0.0
579,2026-07-09,2559,2507,0.0
579,2026-07-10,2451,2463,0.0
579,2026-07-11,2668,2608,0.0
579,2026-07-12,2672,2608,0.0
579,2026-07-13,2622,2545,0.0
579,2026-07-14,2337,2379,0.0
579,2026-07-15,2535,2520,0.0
579,2026-07-16,2609,2613,0.0
579,2026-07-17,2551,2576,0.0
579,2026-07-18,2543,2526,0.0
579,2026-07-19,2522,2444,0.0
579,2026-07-20,2515,2557,0.0
579,2026-07-21,2559,2498,0.0
579,2026-07-22,2700,2598,0.0
579,2026-07-23,2590,2602,0.0
579,2026-07-24,2429,2432,0.0
579,2026-07-25,2590,2527,0.0
579,2026-07-26,2631,2541,0.0
579,2026-07-27,2391,2380,0.0
579,2026-07-28,2626,2563,0.0
579,2026-07-29,2626,2532,0.0
579,2026-07-30,2573,2508,0.0
579,2026-07-31,2525,2540,0.0
579,2026-08-01,2478,2432,0.0
579,2026-08-02,2579,2516,0.0
579,2026-08-03,2406,2416,0.0
579,2026-08-04,2368,2396,0.0
579,2026-08-05,2529,2509,0.0
579,2026-08-06,2482,2512,0.0
579,2026-08-07,2438,2496,0.0
579,2026-08-08,2522,2563,0.0
579,2026-08-09,2431,2500,0.0
579,2026-08-10,2570,2561,0.0
579,2026-08-11,2514,2520,0.0
579,2026-08-12,2434,2464,0.0
579,2026-08-13,2459,2439,0.0
579,2026-08-14,2390,2450,0.0
579,2026-08-15,2445,2434,0.0
579,2026-08-16,2636,2594,0.0
579,2026-08-17,2604,2560,0.0
579,2026-08-18,2658,2562,0.0
579,2026-08-19,2424,2377,0.0
579,2026-08-20,2413,2418,0.0
579,2026-08-21,2540,2595,0.0
579,2026-08-22,2546,2475,0.0
579,2026-08-23,2461,2378,0.0
579,2026-08-24,2541,2454,0.0
579,2026-08-25,2597,2540,0.0
579,2026-08-26,2594,2505,0.0
579,2026-08-27,2578,2581,0.0
579,2026-08-28,2490,2507,0.0
579,2026-08-29,2482,2484,0.0
579,2026-08-30,2540,2579,0.0
579,2026-08-31,2526,2599,0.0
579,2026-09-01,2470,2397,0.0
579,2026-09-02,2452,2411,0.0
579,2026-09-03,2458,2477,0.0
579,2026-09-04,2425,2438,0.0
579,2026-09-05,2641,2608,0.0
579,2026-09-06,2517,2444,0.0
579,2026-09-07,2517,2547,0.0
579,2026-09-08,2475,2456,0.0
579,2026-09-09,2501,2472,0.0
579,2026-09-10,2371,2409,0.0
580,2026-07-09,19471,19054,0.0
580,2026-07-10,19490,19010,0.0
580,2026-07-11,18929,18410,0.0
580,2026-07-12,17141,17598,0.0
580,2026-07-13,17279,17536,0.0
580,2026-07-14,18030,18100,0.0
580,2026-07-15,18372,17696,0.0
580,2026-07-16,18600,18266,0.0
580,2026-07-17,18429,18628,0.0
580,2026-07-18,18778,19022,0.0
580,2026-07-19,18112,17670,0.0
580,2026-07-20,18407,18611,0.0
580,2026-07-21,19455,19020,0.0
580,2026-07-22,19387,18692,0.0
580,2026-07-23,17878,17523,0.0
580,2026-07-24,18002,18382,0.0
580,2026-07-25,19090,18457,0.0
580,2026-07-26,19565,19142,0.0
580,2026-07-27,18910,18255,0.0
580,2026-07-28,17378,17825,0.0
580,2026-07-29,18749,18142,0.0
580,2026-07-30,17598,17553,0.0
580,2026-07-31,18296,18591,0.0
580,2026-08-01,17929,17698,0.0
580,2026-08-02,18287,18785,0.0
580,2026-08-03,18303,18678,0.0
580,2026-08-04,18753,18706,0.0
580,2026-08-05,18093,17539,0.0
580,2026-08-06,18498,18383,0.0
580,2026-08-07,18531,18355,0.0
580,2026-08-08,18169,17848,0.0
580,2026-08-09,19080,18635,0.0
580,2026-08-10,18652,18864,0.0
580,2026-08-11,18644,18638,0.0
580,2026-08-12,17781,18272,0.0
580,2026-08-13,18538,17943,0.0
580,2026-08-14,18838,18673,0.0
580,2026-08-15,18587,18183,0.0
580,2026-08-16,17978,17723,0.0
580,2026-08-17,17712,17447,0.0
580,2026-08-18,19400,18746,0.0
580,2026-08-19,19229,18750,0.0
580,2026-08-20,17774,17626,0.0
580,2026-08-21,17899,18451,0.0
580,2026-08-22,17711,17794,0.0
580,2026-08-23,18495,18255,0.0
580,2026-08-24,18138,18189,0.0
580,2026-08-25,18045,18159,0.0
580,2026-08-26,18028,18286,0.0
580,2026-08-27,18253,18279,0.0
580,2026-08-28,17814,17961,0.0
580,2026-08-29,18997,18713,0.0
580,2026-08-30,19079,18563,0.0
580,2026-08-31,19652,19133,0.0
580,2026-09-01,18403,17700,0.0
580,2026-09-02,18812,18227,0.0
580,2026-09-03,17354,17652,0.0
580,2026-09-04,17847,17889,0.0
580,2026-09-05,17050,17512,0.0
580,2026-09-06,18161,17902,0.0
580,2026-09-07,19269,19091,0.0
580,2026-09-08,18020,17602,0.0
580,2026-09-09,17705,17592,0.0
580,2026-09-10,18035,17986,0.0
581,2026-07-09,5974,5911,0.0
581,2026-07-10,5638,5760,0.0
581,2026-07-11,6103,5873,0.0
581,2026-07-12,5881,5726,0.0
581,2026-07-13,5824,5887,0.0
581,2026-07-14,6039,5906,0.0
581,2026-07-15,6049,6048,0.0
581,2026-07-16,5961,6140,0.0
581,2026-07-17,5975,6095,0.0
581,2026-07-18,5603,5596,0.0
581,2026-07-19,5855,5796,0.0
581,2026-07-20,6054,5826,0.0
581,2026-07-21,5792,5664,0.0
581,2026-07-22,6178,5944,0.0
581,2026-07-23,6239,6087,0.0
581,2026-07-24,5634,5665,0.0
581,2026-07-25,5789,5846,0.0
581,2026-07-26,6224,6067,0.0
581,2026-07-27,6220,6000,0.0
581,2026-07-28,6023,5824,0.0
581,2026-07-29,5926,5728,0.0
581,2026-07-30,6300,6092,0.0
581,2026-07-31,6026,5822,0.0
581,2026-08-01,6144,6116,0.0
581,2026-08-02,5607,5603,0.0
581,2026-08-03,5897,6059,0.0
581,2026-08-04,6170,6112,0.0
581,2026-08-05,6006,5795,0.0
581,2026-08-06,5905,5789,0.0
581,2026-08-07,5922,5782,0.0
581,2026-08-08,6296,6092,0.0
581,2026-08-09,5858,5651,0.0
581,2026-08-10,5950,5986,0.0
581,2026-08-11,6032,5979,0.0
581,2026-08-12,6161,6148,0.0
581,2026-08-13,6046,6027,0.0
581,2026-08-14,6152,5979,0.0
581,2026-08-15,5993,5781,0.0
581,2026-08-16,6162,5952,0.0
581,2026-08-17,6058,5979,0.0
581,2026-08-18,5970,5852,0.0
581,2026-08-19,5777,5623,0.0
581,2026-08-20,6101,6046,0.0
581,2026-08-21,6071,5871,0.0
581,2026-08-22,5757,5898,0.0
581,2026-08-23,6033,5885,0.0
581,2026-08-24,5844,5657,0.0
581,2026-08-25,5920,5849,0.0
581,2026-08-26,5804,5871,0.0
581,2026-08-27,5927,5913,0.0
581,2026-08-28,5796,5777,0.0
581,2026-08-29,6050,6062,0.0
581,2026-08-30,5537,5637,0.0
581,2026-08-31,6283,6061,0.0
581,2026-09-01,5791,5861,0.0
581,2026-09-02,6188,6038,0.0
581,2026-09-03,5728,5601,0.0
581,2026-09-04,6197,6101,0.0
581,2026-09-05,6083,6047,0.0
581,2026-09-06,5453,5607,0.0
581,2026-09-07,6318,6116,0.0
581,2026-09-08,6320,6123,0.0
581,2026-09-09,6330,6089,0.0
581,2026-09-10,5953,5753,0.0
582,2026-07-09,29242,28411,0.0
582,2026-07-10,28218,28978,0.0
582,2026-07-11,27638,27578,0.0
582,2026-07-12,28565,28994,0.0
582,2026-07-13,28160,28008,0.0
582,2026-07-14,27558,27140,0.0
582,2026-07-15,28403,28790,0.0
582,2026-07-16,29001,28080,0.0
582,2026-07-17,30666,29488,0.0
582,2026-07-18,26737,26803,0.0
582,2026-07-19,27784,27898,0.0
582,2026-07-20,29872,29305,0.0
582,2026-07-21,27967,28510,0.0
582,2026-07-22,28357,28408,0.0
582,2026-07-23,28752,27844,0.0
582,2026-07-24,26305,27017,0.0
582,2026-07-25,28664,27566,0.0
582,2026-07-26,28305,27460,0.0
582,2026-07-27,28317,28158,0.0
582,2026-07-28,26787,27167,0.0
582,2026-07-29,28181,27862,0.0
582,2026-07-30,27579,28166,0.0
582,2026-07-31,26150,26802,0.0
582,2026-08-01,27249,27852,0.0
582,2026-08-02,27859,27681,0.0
582,2026-08-03,26825,26946,0.0
582,2026-08-04,30000,29360,0.0
582,2026-08-05,27484,27958,0.0
582,2026-08-06,29390,29249,0.0
582,2026-08-07,27940,28230,0.0
582,2026-08-08,28914,28724,0.0
582,2026-08-09,28500,27588,0.0
582,2026-08-10,29795,29269,0.0
582,2026-08-11,28508,28155,0.0
582,2026-08-12,26757,27362,0.0
582,2026-08-13,29253,28971,0.0
582,2026-08-14,28330,28897,0.0
582,2026-08-15,27434,27196,0.0
582,2026-08-16,29160,28495,0.0
582,2026-08-17,29685,29125,0.0
582,2026-08-18,26807,27013,0.0
582,2026-08-19,27798,28244,0.0
582,2026-08-20,28572,29351,0.0
582,2026-08-21,27269,27545,0.0
582,2026-08-22,28411,27697,0.0
582,2026-08-23,27407,27662,0.0
582,2026-08-24,27126,27583,0.0
582,2026-08-25,26715,27319,0.0
582,2026-08-26,29610,28497,0.0
582,2026-08-27,27569,26848,0.0
582,2026-08-28,29641,28793,0.0
582,2026-08-29,28223,28481,0.0
582,2026-08-30,28026,28651,0.0
582,2026-08-31,27257,28075,0.0
582,2026-09-01,28383,29056,0.0
582,2026-09-02,28403,28343,0.0
582,2026-09-03,27885,27755,0.0
582,2026-09-04,27391,27830,0.0
582,2026-09-05,26722,27529,0.0
582,2026-09-06,28306,27635,0.0
582,2026-09-07,28799,27715,0.0
582,2026-09-08,27483,27145,0.0
582,2026-09-09,28230,27400,0.0
582,2026-09-10,26927,27337,0.0
583,2026-07-09,26295,25451,0.0
583,2026-07-10,25975,25512,0.0
583,2026-07-11,23347,23725,0.0
583,2026-07-12,24561,24763,0.0
583,2026-07-13,25786,25701,0.0
583,2026-07-14,23313,23754,0.0
583,2026-07-15,24945,24136,0.0
583,2026-07-16,24338,24960,0.0
583,2026-07-17,24307,23958,0.0
583,2026-07-18,25940,25637,0.0
583,2026-07-19,24126,24789,0.0
583,2026-07-20,26429,25801,0.0
583,2026-07-21,25119,24620,0.0
583,2026-07-22,23804,24130,0.0
583,2026-07-23,24533,23694,0.0
583,2026-07-24,23495,23404,0.0
583,2026-07-25,25073,24235,0.0
583,2026-07-26,25431,25292,0.0
583,2026-07-27,23713,23417,0.0
583,2026-07-28,24013,24002,0.0
583,2026-07-29,25162,25798,0.0
583,2026-07-30,24839,24726,0.0
583,2026-07-31,24529,24592,0.0
583,2026-08-01,25069,24417,0.0
583,2026-08-02,24214,24569,0.0
583,2026-08-03,24311,24009,0.0
583,2026-08-04,23568,24177,0.0
583,2026-08-05,25762,24912,0.0
583,2026-08-06,23998,23638,0.0
583,2026-08-07,24895,24087,0.0
583,2026-08-08,24333,24554,0.0
583,2026-08-09,23190,23426,0.0
583,2026-08-10,24493,25182,0.0
583,2026-08-11,25753,25292,0.0
583,2026-08-12,23874,24035,0.0
583,2026-08-13,24500,25235,0.0
583,2026-08-14,23860,24175,0.0
583,2026-08-15,26183,25813,0.0
583,2026-08-16,23442,23389,0.0
583,2026-08-17,23336,23407,0.0
583,2026-08-18,23396,23506,0.0
583,2026-08-19,24172,23607,0.0
583,2026-08-20,26437,25757,0.0
583,2026-08-21,24581,24256,0.0
583,2026-08-22,24751,24730,0.0
583,2026-08-23,23979,24551,0.0
583,2026-08-24,23897,23378,0.0
583,2026-08-25,24975,24653,0.0
583,2026-08-26,24525,24449,0.0
583,2026-08-27,23923,23547,0.0
583,2026-08-28,24069,23652,0.0
583,2026-08-29,24597,24077,0.0
583,2026-08-30,26112,25202,0.0
583,2026-08-31,23878,23891,0.0
583,2026-09-01,24616,24939,0.0
583,2026-09-02,24813,24641,0.0
583,2026-09-03,25094,25439,0.0
583,2026-09-04,26473,25741,0.0
583,2026-09-05,23817,24482,0.0
583,2026-09-06,15760,25454,0.0
583,2026-09-07,14583,24384,0.0
583,2026-09-08,15523,25255,0.0
583,2026-09-09,15259,25110,0.0
583,2026-09-10,15718,25159,0.0
584,2026-07-09,10426,10382,0.0
584,2026-07-10,11050,10864,0.0
584,2026-07-11,10503,10481,0.0
584,2026-07-12,10740,10487,0.0
584,2026-07-13,10839,10647,0.0
584,2026-07-14,11564,11176,0.0
584,2026-07-15,11018,10718,0.0
584,2026-07-16,10854,10689,0.0
584,2026-07-17,10869,10551,0.0
584,2026-07-18,10722,10491,0.0
584,2026-07-19,10743,11071,0.0
584,2026-07-20,11437,11286,0.0
584,2026-07-21,10520,10719,0.0
584,2026-07-22,10281,10301,0.0
584,2026-07-23,10974,10806,0.0
584,2026-07-24,10962,10820,0.0
584,2026-07-25,10361,10370,0.0
584,2026-07-26,11203,11050,0.0
584,2026-07-27,10521,10309,0.0
584,2026-07-28,11368,11037,0.0
584,2026-07-29,10667,10470,0.0
584,2026-07-30,11039,11059,0.0
584,2026-07-31,10342,10283,0.0
584,2026-08-01,7681,11098,0.0
584,2026-08-02,8069,11075,0.0
584,2026-08-03,8057,11107,0.0
584,2026-08-04,6839,10359,0.0
584,2026-08-05,7471,11241,0.0
584,2026-08-06,7197,10744,0.0
584,2026-08-07,7695,10847,0.0
584,2026-08-08,7682,10756,0.0
584,2026-08-09,7583,11314,0.0
584,2026-08-10,7559,10651,0.0
584,2026-08-11,7517,10737,0.0
584,2026-08-12,8005,10853,0.0
584,2026-08-13,6861,10297,0.0
584,2026-08-14,7447,10439,0.0
584,2026-08-15,7335,10739,0.0
584,2026-08-16,7226,10965,0.0
584,2026-08-17,7284,10394,0.0
584,2026-08-18,7553,11254,0.0
584,2026-08-19,7908,10798,0.0
584,2026-08-20,7900,11293,0.0
584,2026-08-21,8063,10989,0.0
584,2026-08-22,10727,10361,0.0
584,2026-08-23,10164,10373,0.0
584,2026-08-24,10372,10493,0.0
584,2026-08-25,11283,11016,0.0
584,2026-08-26,10944,10657,0.0
584,2026-08-27,10934,11170,0.0
584,2026-08-28,10046,10312,0.0
584,2026-08-29,10849,10573,0.0
584,2026-08-30,11016,11213,0.0
584,2026-08-31,11269,11040,0.0
584,2026-09-01,10961,11272,0.0
584,2026-09-02,10669,10936,0.0
584,2026-09-03,10618,10404,0.0
584,2026-09-04,10888,10831,0.0
584,2026-09-05,10370,10412,0.0
584,2026-09-06,10740,10347,0.0
584,2026-09-07,11652,11298,0.0
584,2026-09-08,10915,10997,0.0
584,2026-09-09,10364,10457,0.0
584,2026-09-10,10992,11202,0.0
585,2026-07-09,2243,2303,0.0
585,2026-07-10,2598,2503,0.0
585,2026-07-11,2473,2469,0.0
585,2026-07-12,2505,2523,0.0
585,2026-07-13,2355,2397,0.0
585,2026-07-14,2355,2421,0.0
585,2026-07-15,2370,2344,0.0
585,2026-07-16,2361,2433,0.0
585,2026-07-17,2373,2430,0.0
585,2026-07-18,2471,2504,0.0
585,2026-07-19,2521,2429,0.0
585,2026-07-20,2308,2374,0.0
585,2026-07-21,2325,2346,0.0
585,2026-07-22,2452,2406,0.0
585,2026-07-23,2572,2474,0.0
585,2026-07-24,2364,2383,0.0
585,2026-07-25,2304,2369,0.0
585,2026-07-26,2482,2518,0.0
585,2026-07-27,2361,2343,0.0
585,2026-07-28,2381,2301,0.0
585,2026-07-29,2321,2366,0.0
585,2026-07-30,2351,2385,0.0
585,2026-07-31,2464,2507,0.0
585,2026-08-01,2528,2521,0.0
585,2026-08-02,2422,2370,0.0
585,2026-08-03,2506,2449,0.0
585,2026-08-04,2531,2444,0.0
585,2026-08-05,2346,2366,0.0
585,2026-08-06,2532,2467,0.0
585,2026-08-07,2325,2302,0.0
585,2026-08-08,2340,2331,0.0
585,2026-08-09,2380,2331,0.0
585,2026-08-10,2547,2509,0.0
585,2026-08-11,2267,2293,0.0
585,2026-08-12,2471,2437,0.0
585,2026-08-13,2500,2511,0.0
585,2026-08-14,2314,2302,0.0
585,2026-08-15,2388,2369,0.0
585,2026-08-16,2405,2398,0.0
585,2026-08-17,2417,2488,0.0
585,2026-08-18,2375,2387,0.0
585,2026-08-19,2586,2504,0.0
585,2026-08-20,2489,2396,0.0
585,2026-08-21,2415,2480,0.0
585,2026-08-22,2505,2512,0.0
585,2026-08-23,2447,2472,0.0
585,2026-08-24,2226,2290,0.0
585,2026-08-25,2415,2454,0.0
585,2026-08-26,2406,2420,0.0
585,2026-08-27,2509,2492,0.0
585,2026-08-28,2373,2435,0.0
585,2026-08-29,2503,2414,0.0
585,2026-08-30,2326,2397,0.0
585,2026-08-31,2565,2490,0.0
585,2026-09-01,2305,2313,0.0
585,2026-09-02,2507,2430,0.0
585,2026-09-03,2348,2410,0.0
585,2026-09-04,2425,2457,0.0
585,2026-09-05,2283,2300,0.0
585,2026-09-06,2518,2517,0.0
585,2026-09-07,2302,2357,0.0
585,2026-09-08,2446,2468,0.0
585,2026-09-09,2356,2384,0.0
585,2026-09-10,2409,2381,0.0
586,2026-07-09,31654,30913,0.0
586,2026-07-10,31560,31218,0.0
586,2026-07-11,31572,30721,0.0
586,2026-07-12,31348,31884,0.0
586,2026-07-13,32476,31992,0.0
586,2026-07-14,29447,29637,0.0
586,2026-07-15,30447,29573,0.0
586,2026-07-16,31680,30475,0.0
586,2026-07-17,31163,30937,0.0
586,2026-07-18,31856,31894,0.0
586,2026-07-19,28943,29713,0.0
586,2026-07-20,32991,32107,0.0
586,2026-07-21,31043,30621,0.0
586,2026-07-22,31629,30529,0.0
586,2026-07-23,31325,31254,0.0
586,2026-07-24,31160,30836,0.0
586,2026-07-25,32235,31910,0.0
586,2026-07-26,31689,31594,0.0
586,2026-07-27,30670,31508,0.0
586,2026-07-28,29455,30355,0.0
586,2026-07-29,30667,30878,0.0
586,2026-07-30,30219,30262,0.0
586,2026-07-31,31675,31886,0.0
586,2026-08-01,24143,31547,5.1
586,2026-08-02,30079,30217,0.0
586,2026-08-03,31607,31438,0.0
586,2026-08-04,30537,31039,0.0
586,2026-08-05,29146,29119,0.0
586,2026-08-06,29933,29616,0.0
586,2026-08-07,31358,32049,0.0
586,2026-08-08,29764,30456,0.0
586,2026-08-09,31945,30831,0.0
586,2026-08-10,30394,30825,0.0
586,2026-08-11,20062,29682,8.2
586,2026-08-12,30086,29576,0.0
586,2026-08-13,33029,32094,0.0
586,2026-08-14,29823,30703,0.0
586,2026-08-15,29377,29608,0.0
586,2026-08-16,32845,32056,0.0
586,2026-08-17,15133,31257,0.0
586,2026-08-18,13553,30140,0.0
586,2026-08-19,14087,31599,0.0
586,2026-08-20,8983,29180,8.7
586,2026-08-21,14115,29764,0.0
586,2026-08-22,13806,29529,0.0
586,2026-08-23,13205,32085,2.1
586,2026-08-24,15600,31557,0.0
586,2026-08-25,14361,29232,0.0
586,2026-08-26,14626,30388,0.0
586,2026-08-27,14631,31567,0.0
586,2026-08-28,14690,31321,0.0
586,2026-08-29,15522,31490,0.0
586,2026-08-30,14631,31556,0.0
586,2026-08-31,14217,29835,0.0
586,2026-09-01,14847,30458,0.0
586,2026-09-02,14431,29884,0.0
586,2026-09-03,15272,31103,0.0
586,2026-09-04,12008,31769,3.8
586,2026-09-05,14970,31555,0.0
586,2026-09-06,13322,29784,0.0
586,2026-09-07,13844,30980,0.0
586,2026-09-08,14277,31446,0.0
586,2026-09-09,14417,32101,0.0
586,2026-09-10,14619,29348,0.0
587,2026-07-09,6766,6603,0.0
587,2026-07-10,6729,6550,0.0
587,2026-07-11,6850,6661,0.0
587,2026-07-12,6449,6453,0.0
587,2026-07-13,6133,6124,0.0
587,2026-07-14,6444,6478,0.0
587,2026-07-15,6461,6258,0.0
587,2026-07-16,6093,6164,0.0
587,2026-07-17,6324,6466,0.0
587,2026-07-18,6368,6141,0.0
587,2026-07-19,6486,6306,0.0
587,2026-07-20,6776,6538,0.0
587,2026-07-21,6440,6211,0.0
587,2026-07-22,6336,6235,0.0
587,2026-07-23,6089,6156,0.0
587,2026-07-24,6290,6252,0.0
587,2026-07-25,6477,6238,0.0
587,2026-07-26,6163,6093,0.0
587,2026-07-27,6363,6327,0.0
587,2026-07-28,6594,6567,0.0
587,2026-07-29,6450,6473,0.0
587,2026-07-30,6357,6409,0.0
587,2026-07-31,6756,6566,0.0
587,2026-08-01,6417,6382,0.0
587,2026-08-02,6311,6168,0.0
587,2026-08-03,6173,6337,0.0
587,2026-08-04,6526,6391,0.0
587,2026-08-05,6361,6249,0.0
587,2026-08-06,6260,6322,0.0
587,2026-08-07,5985,6124,0.0
587,2026-08-08,6402,6418,0.0
587,2026-08-09,6314,6427,0.0
587,2026-08-10,6218,6124,0.0
587,2026-08-11,6385,6322,0.0
587,2026-08-12,6275,6428,0.0
587,2026-08-13,6346,6237,0.0
587,2026-08-14,6388,6341,0.0
587,2026-08-15,6174,6067,0.0
587,2026-08-16,5966,6054,0.0
587,2026-08-17,6717,6626,0.0
587,2026-08-18,6140,6271,0.0
587,2026-08-19,5968,6118,0.0
587,2026-08-20,6302,6353,0.0
587,2026-08-21,6177,6128,0.0
587,2026-08-22,6108,6125,0.0
587,2026-08-23,6301,6114,0.0
587,2026-08-24,6189,6377,0.0
587,2026-08-25,6566,6575,0.0
587,2026-08-26,6466,6267,0.0
587,2026-08-27,6379,6384,0.0
587,2026-08-28,5985,6156,0.0
587,2026-08-29,6767,6635,0.0
587,2026-08-30,5932,6079,0.0
587,2026-08-31,6381,6209,0.0
587,2026-09-01,6384,6163,0.0
587,2026-09-02,6246,6303,0.0
587,2026-09-03,6376,6141,0.0
587,2026-09-04,5991,6142,0.0
587,2026-09-05,6584,6503,0.0
587,2026-09-06,6453,6446,0.0
587,2026-09-07,6188,6244,0.0
587,2026-09-08,6612,6591,0.0
587,2026-09-09,6606,6465,0.0
587,2026-09-10,6063,6197,0.0
588,2026-07-09,9535,9216,0.0
588,2026-07-10,9588,9233,0.0
588,2026-07-11,9620,9518,0.0
588,2026-07-12,10265,9926,0.0
588,2026-07-13,10317,10007,0.0
588,2026-07-14,9742,9923,0.0
588,2026-07-15,9407,9588,0.0
588,2026-07-16,9360,9323,0.0
588,2026-07-17,9863,9630,0.0
588,2026-07-18,10258,9895,0.0
588,2026-07-19,9500,9360,0.0
588,2026-07-20,9893,9937,0.0
588,2026-07-21,9520,9335,0.0
588,2026-07-22,9866,9877,0.0
588,2026-07-23,10054,9942,0.0
588,2026-07-24,9197,9289,0.0
588,2026-07-25,9652,9564,0.0
588,2026-07-26,9473,9439,0.0
588,2026-07-27,9905,10076,0.0
588,2026-07-28,9200,9263,0.0
588,2026-07-29,10378,10028,0.0
588,2026-07-30,9853,9505,0.0
588,2026-07-31,10154,10058,0.0
588,2026-08-01,9686,9611,0.0
588,2026-08-02,10201,9815,0.0
588,2026-08-03,8969,9219,0.0
588,2026-08-04,10232,10020,0.0
588,2026-08-05,9408,9635,0.0
588,2026-08-06,9562,9524,0.0
588,2026-08-07,10202,10091,0.0
588,2026-08-08,9681,9415,0.0
588,2026-08-09,9892,10064,0.0
588,2026-08-10,9357,9518,0.0
588,2026-08-11,9653,9320,0.0
588,2026-08-12,10068,10023,0.0
588,2026-08-13,9636,9717,0.0
588,2026-08-14,9663,9511,0.0
588,2026-08-15,10011,10087,0.0
588,2026-08-16,10307,10108,0.0
588,2026-08-17,9290,9264,0.0
588,2026-08-18,9323,9578,0.0
588,2026-08-19,9594,9238,0.0
588,2026-08-20,9755,9670,0.0
588,2026-08-21,9660,9693,0.0
588,2026-08-22,9284,9389,0.0
588,2026-08-23,9748,9610,0.0
588,2026-08-24,9827,9821,0.0
588,2026-08-25,9696,9344,0.0
588,2026-08-26,10047,9700,0.0
588,2026-08-27,9782,9709,0.0
588,2026-08-28,9913,9829,0.0
588,2026-08-29,9646,9706,0.0
588,2026-08-30,9618,9663,0.0
588,2026-08-31,10063,9715,0.0
588,2026-09-01,9993,9842,0.0
588,2026-09-02,9474,9419,0.0
588,2026-09-03,10083,9811,0.0
588,2026-09-04,9560,9264,0.0
588,2026-09-05,9952,9656,0.0
588,2026-09-06,10136,9852,0.0
588,2026-09-07,9179,9197,0.0
588,2026-09-08,8989,9256,0.0
588,2026-09-09,9356,9360,0.0
588,2026-09-10,9870,9625,0.0
589,2026-07-09,26902,27676,0.0
589,2026-07-10,29160,28326,0.0
589,2026-07-11,26137,26810,0.0
589,2026-07-12,25445,25976,0.0
589,2026-07-13,25853,26565,0.0
589,2026-07-14,26834,26687,0.0
589,2026-07-15,25356,26103,0.0
589,2026-07-16,26158,26640,0.0
589,2026-07-17,26236,27033,0.0
589,2026-07-18,27343,27606,0.0
589,2026-07-19,26805,26583,0.0
589,2026-07-20,27200,27118,0.0
589,2026-07-21,27465,26779,0.0
589,2026-07-22,27998,27144,0.0
589,2026-07-23,26879,26448,0.0
589,2026-07-24,28593,28266,0.0
589,2026-07-25,26270,26136,0.0
589,2026-07-26,28853,28402,0.0
589,2026-07-27,26328,25922,0.0
589,2026-07-28,27502,27847,0.0
589,2026-07-29,27984,27774,0.0
589,2026-07-30,25923,26407,0.0
589,2026-07-31,27020,27773,0.0
589,2026-08-01,26880,27087,0.0
589,2026-08-02,27962,28258,0.0
589,2026-08-03,28232,28129,0.0
589,2026-08-04,28321,28331,0.0
589,2026-08-05,28382,27542,0.0
589,2026-08-06,26813,26230,0.0
589,2026-08-07,28992,28309,0.0
589,2026-08-08,25751,26207,0.0
589,2026-08-09,27053,27154,0.0
589,2026-08-10,27830,26761,0.0
589,2026-08-11,28112,27623,0.0
589,2026-08-12,25918,25868,0.0
589,2026-08-13,28331,28176,0.0
589,2026-08-14,28550,27841,0.0
589,2026-08-15,28796,28506,0.0
589,2026-08-16,28740,28144,0.0
589,2026-08-17,27479,28107,0.0
589,2026-08-18,27802,26767,0.0
589,2026-08-19,26066,26173,0.0
589,2026-08-20,25520,25884,0.0
589,2026-08-21,28198,27886,0.0
589,2026-08-22,25161,25872,0.0
589,2026-08-23,25959,26426,0.0
589,2026-08-24,28261,28055,0.0
589,2026-08-25,26385,26532,0.0
589,2026-08-26,26324,26542,0.0
589,2026-08-27,28114,27430,0.0
589,2026-08-28,28063,27128,0.0
589,2026-08-29,27480,27951,0.0
589,2026-08-30,27957,27247,0.0
589,2026-08-31,27269,26810,0.0
589,2026-09-01,28518,28107,0.0
589,2026-09-02,26843,26724,0.0
589,2026-09-03,28785,28456,0.0
589,2026-09-04,29316,28447,0.0
589,2026-09-05,27515,28135,0.0
589,2026-09-06,26680,26835,0.0
589,2026-09-07,28172,28272,0.0
589,2026-09-08,26350,27097,0.0
589,2026-09-09,26876,26782,0.0
589,2026-09-10,26818,26405,0.0
590,2026-07-09,12408,12583,0.0
590,2026-07-10,11804,11969,0.0
590,2026-07-11,12576,12281,0.0
590,2026-07-12,11465,11511,0.0
590,2026-07-13,12219,12413,0.0
590,2026-07-14,12303,12411,0.0
590,2026-07-15,12050,12374,0.0
590,2026-07-16,11834,11591,0.0
590,2026-07-17,12416,12024,0.0
590,2026-07-18,11979,11659,0.0
590,2026-07-19,12693,12259,0.0
590,2026-07-20,11286,11529,0.0
590,2026-07-21,12502,12041,0.0
590,2026-07-22,12598,12144,0.0
590,2026-07-23,11436,11643,0.0
590,2026-07-24,12665,12664,0.0
590,2026-07-25,12417,11971,0.0
590,2026-07-26,12644,12675,0.0
590,2026-07-27,12815,12332,0.0
590,2026-07-28,12179,12000,0.0
590,2026-07-29,11710,12072,0.0
590,2026-07-30,12839,12666,0.0
590,2026-07-31,12470,12149,0.0
590,2026-08-01,12558,12461,0.0
590,2026-08-02,12825,12397,0.0
590,2026-08-03,12107,12039,0.0
590,2026-08-04,12616,12169,0.0
590,2026-08-05,11424,11695,0.0
590,2026-08-06,12009,11892,0.0
590,2026-08-07,11875,11589,0.0
590,2026-08-08,12087,11646,0.0
590,2026-08-09,12281,11860,0.0
590,2026-08-10,12314,12127,0.0
590,2026-08-11,11315,11508,0.0
590,2026-08-12,11782,11668,0.0
590,2026-08-13,11733,11721,0.0
590,2026-08-14,12119,11961,0.0
590,2026-08-15,11978,12096,0.0
590,2026-08-16,12517,12546,0.0
590,2026-08-17,11744,11557,0.0
590,2026-08-18,12946,12511,0.0
590,2026-08-19,12663,12405,0.0
590,2026-08-20,12869,12503,0.0
590,2026-08-21,12023,11735,0.0
590,2026-08-22,12161,12327,0.0
590,2026-08-23,12472,12504,0.0
590,2026-08-24,12646,12489,0.0
590,2026-08-25,12141,11947,0.0
590,2026-08-26,12213,12316,0.0
590,2026-08-27,11322,11580,0.0
590,2026-08-28,12104,12396,0.0
590,2026-08-29,12222,12339,0.0
590,2026-08-30,11994,11796,0.0
590,2026-08-31,11880,11894,0.0
590,2026-09-01,12089,11723,0.0
590,2026-09-02,11932,11944,0.0
590,2026-09-03,12489,12062,0.0
590,2026-09-04,11961,12198,0.0
590,2026-09-05,11205,11509,0.0
590,2026-09-06,11375,11494,0.0
590,2026-09-07,11791,11994,0.0
590,2026-09-08,12765,12491,0.0
590,2026-09-09,12598,12532,0.0
590,2026-09-10,12513,12622,0.0
591,2026-07-09,5546,5641,0.0
591,2026-07-10,5784,5878,0.0
591,2026-07-11,5536,5463,0.0
591,2026-07-12,5972,5789,0.0
591,2026-07-13,5650,5445,0.0
591,2026-07-14,5722,5687,0.0
591,2026-07-15,5446,5382,0.0
591,2026-07-16,5612,5720,0.0
591,2026-07-17,5770,5818,0.0
591,2026-07-18,5546,5608,0.0
591,2026-07-19,5560,5407,0.0
591,2026-07-20,5511,5395,0.0
591,2026-07-21,5224,5373,0.0
591,2026-07-22,5767,5674,0.0
591,2026-07-23,5769,5744,0.0
591,2026-07-24,5838,5675,0.0
591,2026-07-25,5933,5725,0.0
591,2026-07-26,5298,5396,0.0
591,2026-07-27,5810,5684,0.0
591,2026-07-28,5708,5868,0.0
591,2026-07-29,5451,5329,0.0
591,2026-07-30,5346,5352,0.0
591,2026-07-31,5724,5600,0.0
591,2026-08-01,5675,5641,0.0
591,2026-08-02,5578,5483,0.0
591,2026-08-03,5505,5412,0.0
591,2026-08-04,5416,5571,0.0
591,2026-08-05,5748,5582,0.0
591,2026-08-06,5898,5799,0.0
591,2026-08-07,5787,5788,0.0
591,2026-08-08,5222,5344,0.0
591,2026-08-09,5566,5499,0.0
591,2026-08-10,5569,5660,0.0
591,2026-08-11,6009,5834,0.0
591,2026-08-12,5481,5404,0.0
591,2026-08-13,5729,5541,0.0
591,2026-08-14,5579,5459,0.0
591,2026-08-15,5487,5471,0.0
591,2026-08-16,5935,5760,0.0
591,2026-08-17,5606,5706,0.0
591,2026-08-18,5684,5855,0.0
591,2026-08-19,5580,5435,0.0
591,2026-08-20,6033,5873,0.0
591,2026-08-21,5879,5867,0.0
591,2026-08-22,5541,5697,0.0
591,2026-08-23,5977,5784,0.0
591,2026-08-24,5807,5614,0.0
591,2026-08-25,5707,5849,0.0
591,2026-08-26,5999,5856,0.0
591,2026-08-27,5965,5744,0.0
591,2026-08-28,5616,5446,0.0
591,2026-08-29,5767,5773,0.0
591,2026-08-30,5237,5371,0.0
591,2026-08-31,5704,5592,0.0
591,2026-09-01,5916,5788,0.0
591,2026-09-02,5719,5738,0.0
591,2026-09-03,5627,5438,0.0
591,2026-09-04,5689,5797,0.0
591,2026-09-05,5684,5595,0.0
591,2026-09-06,5668,5623,0.0
591,2026-09-07,5651,5662,0.0
591,2026-09-08,5349,5344,0.0
591,2026-09-09,5925,5767,0.0
591,2026-09-10,5704,5631,0.0
592,2026-07-09,3913,4033,0.0
592,2026-07-10,4139,4028,0.0
592,2026-07-11,4113,4202,0.0
592,2026-07-12,4134,4199,0.0
592,2026-07-13,4220,4148,0.0
592,2026-07-14,4327,4202,0.0
592,2026-07-15,3887,3860,0.0
592,2026-07-16,4105,4151,0.0
592,2026-07-17,3959,3897,0.0
592,2026-07-18,4070,4110,0.0
592,2026-07-19,3847,3926,0.0
592,2026-07-20,3796,3909,0.0
592,2026-07-21,4081,4126,0.0
592,2026-07-22,3745,3808,0.0
592,2026-07-23,3948,3962,0.0
592,2026-07-24,3955,3981,0.0
592,2026-07-25,4094,4097,0.0
592,2026-07-26,4051,4059,0.0
592,2026-07-27,4117,4199,0.0
592,2026-07-28,3916,3901,0.0
592,2026-07-29,3748,3817,0.0
592,2026-07-30,4169,4204,0.0
592,2026-07-31,4040,4010,0.0
592,2026-08-01,3921,3885,0.0
592,2026-08-02,3958,3816,0.0
592,2026-08-03,4057,3980,0.0
592,2026-08-04,3957,3962,0.0
592,2026-08-05,3948,3810,0.0
592,2026-08-06,4287,4136,0.0
592,2026-08-07,4141,4152,0.0
592,2026-08-08,3956,3922,0.0
592,2026-08-09,3885,3850,0.0
592,2026-08-10,4039,3984,0.0
592,2026-08-11,4200,4071,0.0
592,2026-08-12,4247,4086,0.0
592,2026-08-13,3831,3918,0.0
592,2026-08-14,4277,4125,0.0
592,2026-08-15,4047,4063,0.0
592,2026-08-16,4155,4120,0.0
592,2026-08-17,4000,3957,0.0
592,2026-08-18,3941,3977,0.0
592,2026-08-19,3903,3979,0.0
592,2026-08-20,4212,4163,0.0
592,2026-08-21,4025,3879,0.0
592,2026-08-22,4141,3995,0.0
592,2026-08-23,4231,4085,0.0
592,2026-08-24,4190,4196,0.0
592,2026-08-25,4048,4092,0.0
592,2026-08-26,4020,4091,0.0
592,2026-08-27,4097,3993,0.0
592,2026-08-28,3873,3924,0.0
592,2026-08-29,4035,4029,0.0
592,2026-08-30,3756,3825,0.0
592,2026-08-31,4003,4071,0.0
592,2026-09-01,3972,3950,0.0
592,2026-09-02,3996,3869,0.0
592,2026-09-03,4160,4075,0.0
592,2026-09-04,3901,4000,0.0
592,2026-09-05,3941,3875,0.0
592,2026-09-06,4280,4185,0.0
592,2026-09-07,3949,3952,0.0
592,2026-09-08,4075,3931,0.0
592,2026-09-09,3901,4003,0.0
592,2026-09-10,3839,3941,0.0
593,2026-07-09,6902,6705,0.0
593,2026-07-10,6695,6719,0.0
593,2026-07-11,6581,6516,0.0
593,2026-07-12,6770,6958,0.0
593,2026-07-13,6751,6888,0.0
593,2026-07-14,6457,6566,0.0
593,2026-07-15,6893,7005,0.0
593,2026-07-16,6792,6765,0.0
593,2026-07-17,6220,6405,0.0
593,2026-07-18,6833,6998,0.0
593,2026-07-19,7180,6979,0.0
593,2026-07-20,6607,6724,0.0
593,2026-07-21,6902,6961,0.0
593,2026-07-22,6720,6635,0.0
593,2026-07-23,6722,6925,0.0
593,2026-07-24,6902,6712,0.0
593,2026-07-25,6477,6420,0.0
593,2026-07-26,6677,6786,0.0
593,2026-07-27,6542,6571,0.0
593,2026-07-28,6729,6676,0.0
593,2026-07-29,6887,6877,0.0
593,2026-07-30,6958,7036,0.0
593,2026-07-31,6659,6797,0.0
593,2026-08-01,6522,6408,0.0
593,2026-08-02,7120,6907,0.0
593,2026-08-03,6424,6428,0.0
593,2026-08-04,6438,6475,0.0
593,2026-08-05,6957,6971,0.0
593,2026-08-06,6622,6706,0.0
593,2026-08-07,6307,6411,0.0
593,2026-08-08,6696,6823,0.0
593,2026-08-09,6627,6466,0.0
593,2026-08-10,6624,6759,0.0
593,2026-08-11,6929,6925,0.0
593,2026-08-12,6970,6922,0.0
593,2026-08-13,6541,6390,0.0
593,2026-08-14,6614,6568,0.0
593,2026-08-15,6620,6659,0.0
593,2026-08-16,7008,6927,0.0
593,2026-08-17,6745,6654,0.0
593,2026-08-18,6844,6732,0.0
593,2026-08-19,6614,6511,0.0
593,2026-08-20,7168,6945,0.0
593,2026-08-21,7277,7023,0.0
593,2026-08-22,7083,6825,0.0
593,2026-08-23,7034,7034,0.0
593,2026-08-24,6399,6525,0.0
593,2026-08-25,6670,6424,0.0
593,2026-08-26,6505,6412,0.0
593,2026-08-27,6717,6685,0.0
593,2026-08-28,7011,6991,0.0
593,2026-08-29,6742,6747,0.0
593,2026-08-30,6590,6678,0.0
593,2026-08-31,6767,6683,0.0
593,2026-09-01,6667,6866,0.0
593,2026-09-02,6786,6989,0.0
593,2026-09-03,6497,6401,0.0
593,2026-09-04,6740,6784,0.0
593,2026-09-05,6342,6429,0.0
593,2026-09-06,6843,6772,0.0
593,2026-09-07,6459,6570,0.0
593,2026-09-08,6881,6794,0.0
593,2026-09-09,6751,6647,0.0
593,2026-09-10,6386,6415,0.0
594,2026-07-09,4110,4009,0.0
594,2026-07-10,4267,4188,0.0
594,2026-07-11,3898,3902,0.0
594,2026-07-12,4111,3968,0.0
594,2026-07-13,4162,4190,0.0
594,2026-07-14,3997,3875,0.0
594,2026-07-15,4261,4122,0.0
594,2026-07-16,4385,4218,0.0
594,2026-07-17,3977,4088,0.0
594,2026-07-18,4058,4007,0.0
594,2026-07-19,3887,4000,0.0
594,2026-07-20,4020,4067,0.0
594,2026-07-21,4038,4137,0.0
594,2026-07-22,3984,3863,0.0
594,2026-07-23,3916,3920,0.0
594,2026-07-24,4140,4194,0.0
594,2026-07-25,3919,3984,0.0
594,2026-07-26,4112,4152,0.0
594,2026-07-27,3775,3844,0.0
594,2026-07-28,3972,3908,0.0
594,2026-07-29,4075,3988,0.0
594,2026-07-30,4115,4160,0.0
594,2026-07-31,3966,3870,0.0
594,2026-08-01,4187,4225,0.0
594,2026-08-02,3867,3871,0.0
594,2026-08-03,3868,3896,0.0
594,2026-08-04,4075,4054,0.0
594,2026-08-05,4179,4209,0.0
594,2026-08-06,3908,3998,0.0
594,2026-08-07,4098,4135,0.0
594,2026-08-08,4168,4111,0.0
594,2026-08-09,4107,4062,0.0
594,2026-08-10,4114,4112,0.0
594,2026-08-11,4163,4111,0.0
594,2026-08-12,4100,4102,0.0
594,2026-08-13,4392,4226,0.0
594,2026-08-14,3879,3971,0.0
594,2026-08-15,4109,3990,0.0
594,2026-08-16,4002,4081,0.0
594,2026-08-17,4301,4215,0.0
594,2026-08-18,4007,4054,0.0
594,2026-08-19,4139,4009,0.0
594,2026-08-20,3821,3853,0.0
594,2026-08-21,3967,3973,0.0
594,2026-08-22,3955,3965,0.0
594,2026-08-23,4317,4157,0.0
594,2026-08-24,4197,4098,0.0
594,2026-08-25,3811,3878,0.0
594,2026-08-26,4053,4014,0.0
594,2026-08-27,4147,4143,0.0
594,2026-08-28,4027,3954,0.0
594,2026-08-29,3893,3835,0.0
594,2026-08-30,4022,4056,0.0
594,2026-08-31,3928,3865,0.0
594,2026-09-01,3836,3860,0.0
594,2026-09-02,3964,3998,0.0
594,2026-09-03,4205,4234,0.0
594,2026-09-04,3866,3889,0.0
594,2026-09-05,3986,4002,0.0
594,2026-09-06,3988,3887,0.0
594,2026-09-07,3923,3844,0.0
594,2026-09-08,3863,3876,0.0
594,2026-09-09,4290,4181,0.0
594,2026-09-10,3825,3893,0.0
595,2026-07-09,9551,9487,0.0
595,2026-07-10,8790,8875,0.0
595,2026-07-11,9188,9088,0.0
595,2026-07-12,9088,8806,0.0
595,2026-07-13,9005,8682,0.0
595,2026-07-14,9217,9318,0.0
595,2026-07-15,8611,8864,0.0
595,2026-07-16,9013,8825,0.0
595,2026-07-17,9055,9114,0.0
595,2026-07-18,8418,8654,0.0
595,2026-07-19,8865,8737,0.0
595,2026-07-20,9719,9481,0.0
595,2026-07-21,8522,8700,0.0
595,2026-07-22,8528,8728,0.0
595,2026-07-23,9299,9495,0.0
595,2026-07-24,9622,9502,0.0
595,2026-07-25,9018,9071,0.0
595,2026-07-26,9065,8879,0.0
595,2026-07-27,8888,8793,0.0
595,2026-07-28,9164,9189,0.0
595,2026-07-29,9267,8955,0.0
595,2026-07-30,9523,9247,0.0
595,2026-07-31,8607,8816,0.0
595,2026-08-01,9312,9146,0.0
595,2026-08-02,9035,9038,0.0
595,2026-08-03,8849,9078,0.0
595,2026-08-04,9600,9471,0.0
595,2026-08-05,9018,8713,0.0
595,2026-08-06,8928,8829,0.0
595,2026-08-07,9086,8764,0.0
595,2026-08-08,9004,9173,0.0
595,2026-08-09,8488,8675,0.0
595,2026-08-10,9717,9385,0.0
595,2026-08-11,8725,8944,0.0
595,2026-08-12,9404,9053,0.0
595,2026-08-13,9541,9242,0.0
595,2026-08-14,9537,9405,0.0
595,2026-08-15,9128,9405,0.0
595,2026-08-16,9434,9238,0.0
595,2026-08-17,9435,9216,0.0
595,2026-08-18,9856,9515,0.0
595,2026-08-19,9166,9397,0.0
595,2026-08-20,8935,8631,0.0
595,2026-08-21,9044,8900,0.0
595,2026-08-22,8800,8925,0.0
595,2026-08-23,9062,8837,0.0
595,2026-08-24,9620,9435,0.0
595,2026-08-25,9278,9378,0.0
595,2026-08-26,8517,8733,0.0
595,2026-08-27,9412,9303,0.0
595,2026-08-28,8892,9031,0.0
595,2026-08-29,9137,9078,0.0
595,2026-08-30,8481,8618,0.0
595,2026-08-31,9339,9429,0.0
595,2026-09-01,9403,9514,0.0
595,2026-09-02,9385,9371,0.0
595,2026-09-03,8657,8812,0.0
595,2026-09-04,9433,9146,0.0
595,2026-09-05,9053,9298,0.0
595,2026-09-06,9479,9411,0.0
595,2026-09-07,9081,9321,0.0
595,2026-09-08,9291,9158,0.0
595,2026-09-09,8915,8794,0.0
595,2026-09-10,8946,8749,0.0
